This is LuaHBTeX, Version 1.17.0 (TeX Live 2023/Debian)  (format=lualatex 2026.5.3)  10 JUN 2026 18:17
 restricted system commands enabled.
**waves-of-collapse.tex
(./waves-of-collapse.tex
LaTeX2e <2023-11-01> patch level 1
L3 programming layer <2024-01-22>
Lua module: luaotfload 2023-08-31 3.26 Lua based OpenType font support
Lua module: lualibs 2023-07-13 2.76 ConTeXt Lua standard libraries.
Lua module: lualibs-extended 2023-07-13 2.76 ConTeXt Lua libraries -- extended c
ollection.
luaotfload | conf : Root cache directory is "/home/flyxion/.texlive2023/texmf-va
r/luatex-cache/generic/names".
luaotfload | init : Loading fontloader "fontloader-2023-08-19.lua" from kpse-res
olved path "/usr/share/texlive/texmf-dist/tex/luatex/luaotfload/fontloader-2023-
08-19.lua".
Lua-only attribute luaotfload@noligature = 1
luaotfload | init : Context OpenType loader version 3.133
Inserting `luaotfload.node_processor' in `pre_linebreak_filter'.
Inserting `luaotfload.node_processor' in `hpack_filter'.
Inserting `luaotfload.glyph_stream' in `glyph_stream_provider'.
Inserting `luaotfload.define_font' in `define_font'.
Lua-only attribute luaotfload_color_attribute = 2
luaotfload | conf : Root cache directory is "/home/flyxion/.texlive2023/texmf-va
r/luatex-cache/generic/names".
Inserting `luaotfload.harf.strip_prefix' in `find_opentype_file'.
Inserting `luaotfload.harf.strip_prefix' in `find_truetype_file'.
Removing  `luaotfload.glyph_stream' from `glyph_stream_provider'.
Inserting `luaotfload.harf.glyphstream' in `glyph_stream_provider'.
Inserting `luaotfload.harf.finalize_vlist' in `post_linebreak_filter'.
Inserting `luaotfload.harf.finalize_hlist' in `hpack_filter'.
Inserting `luaotfload.cleanup_files' in `wrapup_run'.
Inserting `luaotfload.harf.finalize_unicode' in `finish_pdffile'.
Inserting `luaotfload.glyphinfo' in `glyph_info'.
Lua-only attribute luaotfload.letterspace_done = 3
Inserting `luaotfload.aux.set_sscale_dimens' in `luaotfload.patch_font'.
Inserting `luaotfload.aux.set_font_index' in `luaotfload.patch_font'.
Inserting `luaotfload.aux.patch_cambria_domh' in `luaotfload.patch_font'.
Inserting `luaotfload.aux.fixup_fontdata' in `luaotfload.patch_font_unsafe'.
Inserting `luaotfload.aux.set_capheight' in `luaotfload.patch_font'.
Inserting `luaotfload.aux.set_xheight' in `luaotfload.patch_font'.
Inserting `luaotfload.rewrite_fontname' in `luaotfload.patch_font'.
Inserting `tracingstacklevels' in `input_level_string'. (/usr/share/texlive/tex
mf-dist/tex/latex/base/book.cls
Document Class: book 2023/05/17 v1.4n Standard LaTeX document class
(/usr/share/texlive/texmf-dist/tex/latex/base/bk11.clo
File: bk11.clo 2023/05/17 v1.4n Standard LaTeX file (size option)
luaotfload | db : Font names database loaded from /home/flyxion/.texlive2023/tex
mf-var/luatex-cache/generic/names/luaotfload-names.luc.gz)
\c@part=\count185
\c@chapter=\count186
\c@section=\count187
\c@subsection=\count188
\c@subsubsection=\count189
\c@paragraph=\count190
\c@subparagraph=\count191
\c@figure=\count192
\c@table=\count193
\abovecaptionskip=\skip48
\belowcaptionskip=\skip49
\bibindent=\dimen139
)
(/usr/share/texlive/texmf-dist/tex/latex/fontspec/fontspec.sty
(/usr/share/texlive/texmf-dist/tex/latex/l3packages/xparse/xparse.sty
(/usr/share/texlive/texmf-dist/tex/latex/l3kernel/expl3.sty
Package: expl3 2024-01-22 L3 programming layer (loader) 

(/usr/share/texlive/texmf-dist/tex/latex/l3backend/l3backend-luatex.def
File: l3backend-luatex.def 2024-01-04 L3 backend support: PDF output (LuaTeX)
\l__color_backend_stack_int=\count194
Inserting `l3color' in `luaotfload.parse_color'.
\l__pdf_internal_box=\box51
))
Package: xparse 2023-10-10 L3 Experimental document command parser
)
Package: fontspec 2022/01/15 v2.8a Font selection for XeLaTeX and LuaLaTeX
Lua module: fontspec 2022/01/15 2.8a Font selection for XeLaTeX and LuaLaTeX
(/usr/share/texlive/texmf-dist/tex/latex/fontspec/fontspec-luatex.sty
Package: fontspec-luatex 2022/01/15 v2.8a Font selection for XeLaTeX and LuaLaT
eX
\l__fontspec_script_int=\count195
\l__fontspec_language_int=\count196
\l__fontspec_strnum_int=\count197
\l__fontspec_tmp_int=\count198
\l__fontspec_tmpa_int=\count199
\l__fontspec_tmpb_int=\count266
\l__fontspec_tmpc_int=\count267
\l__fontspec_em_int=\count268
\l__fontspec_emdef_int=\count269
\l__fontspec_strong_int=\count270
\l__fontspec_strongdef_int=\count271
\l__fontspec_tmpa_dim=\dimen140
\l__fontspec_tmpb_dim=\dimen141
\l__fontspec_tmpc_dim=\dimen142

(/usr/share/texlive/texmf-dist/tex/latex/base/fontenc.sty
Package: fontenc 2021/04/29 v2.0v Standard LaTeX package
)
(/usr/share/texlive/texmf-dist/tex/latex/fontspec/fontspec.cfg)))
luaotfload | cache : Lookup cache loaded from /home/flyxion/.texlive2023/texmf-v
ar/luatex-cache/generic/names/luaotfload-lookup-cache.luc.

Package fontspec Info: Font family 'TeXGyrePagella(0)' created for font 'TeX
(fontspec)             Gyre Pagella' with options [Ligatures=TeX].
(fontspec)              
(fontspec)              This font family consists of the following NFSS
(fontspec)             series/shapes:
(fontspec)              
(fontspec)             - 'normal' (m/n) with NFSS spec.:
(fontspec)             <->"TeXGyrePagella:mode=node;script=latn;language=dflt;+
tlig;"
(fontspec)             - 'small caps'  (m/sc) with NFSS spec.:
(fontspec)             <->"TeXGyrePagella:mode=node;script=latn;language=dflt;+
tlig;+smcp;"
(fontspec)             - 'bold' (b/n) with NFSS spec.:
(fontspec)             <->"TeXGyrePagella/B:mode=node;script=latn;language=dflt
;+tlig;"
(fontspec)             - 'bold small caps'  (b/sc) with NFSS spec.:
(fontspec)             <->"TeXGyrePagella/B:mode=node;script=latn;language=dflt
;+tlig;+smcp;"
(fontspec)             - 'italic' (m/it) with NFSS spec.:
(fontspec)             <->"TeXGyrePagella/I:mode=node;script=latn;language=dflt
;+tlig;"
(fontspec)             - 'italic small caps'  (m/scit) with NFSS spec.:
(fontspec)             <->"TeXGyrePagella/I:mode=node;script=latn;language=dflt
;+tlig;+smcp;"
(fontspec)             - 'bold italic' (b/it) with NFSS spec.:
(fontspec)             <->"TeXGyrePagella/BI:mode=node;script=latn;language=dfl
t;+tlig;"
(fontspec)             - 'bold italic small caps'  (b/scit) with NFSS spec.:
(fontspec)             <->"TeXGyrePagella/BI:mode=node;script=latn;language=dfl
t;+tlig;+smcp;"


(/usr/share/texlive/texmf-dist/tex/latex/amsmath/amsmath.sty
Package: amsmath 2023/05/13 v2.17o AMS math features
\@mathmargin=\skip50

For additional information on amsmath, use the `?' option.
(/usr/share/texlive/texmf-dist/tex/latex/amsmath/amstext.sty
Package: amstext 2021/08/26 v2.01 AMS text

(/usr/share/texlive/texmf-dist/tex/latex/amsmath/amsgen.sty
File: amsgen.sty 1999/11/30 v2.0 generic functions
\@emptytoks=\toks17
\ex@=\dimen143
))
(/usr/share/texlive/texmf-dist/tex/latex/amsmath/amsbsy.sty
Package: amsbsy 1999/11/29 v1.2d Bold Symbols
\pmbraise@=\dimen144
)
(/usr/share/texlive/texmf-dist/tex/latex/amsmath/amsopn.sty
Package: amsopn 2022/04/08 v2.04 operator names
)
\inf@bad=\count272
LaTeX Info: Redefining \frac on input line 236.
\uproot@=\count273
\leftroot@=\count274
LaTeX Info: Redefining \overline on input line 399.
LaTeX Info: Redefining \colon on input line 410.
\classnum@=\count275
\DOTSCASE@=\count276
LaTeX Info: Redefining \ldots on input line 496.
LaTeX Info: Redefining \dots on input line 499.
LaTeX Info: Redefining \cdots on input line 620.
\Mathstrutbox@=\box52
\strutbox@=\box53
LaTeX Info: Redefining \big on input line 722.
LaTeX Info: Redefining \Big on input line 723.
LaTeX Info: Redefining \bigg on input line 724.
LaTeX Info: Redefining \Bigg on input line 725.
\big@size=\dimen145
LaTeX Font Info:    Redeclaring font encoding OML on input line 743.
LaTeX Font Info:    Redeclaring font encoding OMS on input line 744.
\macc@depth=\count277
LaTeX Info: Redefining \bmod on input line 905.
LaTeX Info: Redefining \pmod on input line 910.
LaTeX Info: Redefining \smash on input line 940.
LaTeX Info: Redefining \relbar on input line 970.
LaTeX Info: Redefining \Relbar on input line 971.
\c@MaxMatrixCols=\count278
\dotsspace@=\muskip16
\c@parentequation=\count279
\dspbrk@lvl=\count280
\tag@help=\toks18
\row@=\count281
\column@=\count282
\maxfields@=\count283
\andhelp@=\toks19
\eqnshift@=\dimen146
\alignsep@=\dimen147
\tagshift@=\dimen148
\tagwidth@=\dimen149
\totwidth@=\dimen150
\lineht@=\dimen151
\@envbody=\toks20
\multlinegap=\skip51
\multlinetaggap=\skip52
\mathdisplay@stack=\toks21
LaTeX Info: Redefining \[ on input line 2953.
LaTeX Info: Redefining \] on input line 2954.
)
(/usr/share/texlive/texmf-dist/tex/latex/amsfonts/amssymb.sty
Package: amssymb 2013/01/14 v3.01 AMS font symbols

(/usr/share/texlive/texmf-dist/tex/latex/amsfonts/amsfonts.sty
Package: amsfonts 2013/01/14 v3.01 Basic AMSFonts support
\symAMSa=\mathgroup4
\symAMSb=\mathgroup5
LaTeX Font Info:    Redeclaring math symbol \hbar on input line 98.
LaTeX Font Info:    Overwriting math alphabet `\mathfrak' in version `bold'
(Font)                  U/euf/m/n --> U/euf/b/n on input line 106.
))
(/usr/share/texlive/texmf-dist/tex/latex/amscls/amsthm.sty
Package: amsthm 2020/05/29 v2.20.6
\thm@style=\toks22
\thm@bodyfont=\toks23
\thm@headfont=\toks24
\thm@notefont=\toks25
\thm@headpunct=\toks26
\thm@preskip=\skip53
\thm@postskip=\skip54
\thm@headsep=\skip55
\dth@everypar=\toks27
)
(/usr/share/texlive/texmf-dist/tex/latex/mathtools/mathtools.sty
Package: mathtools 2022/06/29 v1.29 mathematical typesetting tools

(/usr/share/texlive/texmf-dist/tex/latex/graphics/keyval.sty
Package: keyval 2022/05/29 v1.15 key=value parser (DPC)
\KV@toks@=\toks28
)
(/usr/share/texlive/texmf-dist/tex/latex/tools/calc.sty
Package: calc 2023/07/08 v4.3 Infix arithmetic (KKT,FJ)
\calc@Acount=\count284
\calc@Bcount=\count285
\calc@Adimen=\dimen152
\calc@Bdimen=\dimen153
\calc@Askip=\skip56
\calc@Bskip=\skip57
LaTeX Info: Redefining \setlength on input line 80.
LaTeX Info: Redefining \addtolength on input line 81.
\calc@Ccount=\count286
\calc@Cskip=\skip58
)
(/usr/share/texlive/texmf-dist/tex/latex/mathtools/mhsetup.sty
Package: mhsetup 2021/03/18 v1.4 programming setup (MH)
)
\g_MT_multlinerow_int=\count287
\l_MT_multwidth_dim=\dimen154
\origjot=\skip59
\l_MT_shortvdotswithinadjustabove_dim=\dimen155
\l_MT_shortvdotswithinadjustbelow_dim=\dimen156
\l_MT_above_intertext_sep=\dimen157
\l_MT_below_intertext_sep=\dimen158
\l_MT_above_shortintertext_sep=\dimen159
\l_MT_below_shortintertext_sep=\dimen160
\xmathstrut@box=\box54
\xmathstrut@dim=\dimen161
)
(/usr/share/texlive/texmf-dist/tex/latex/geometry/geometry.sty
Package: geometry 2020/01/02 v5.9 Page Geometry

(/usr/share/texlive/texmf-dist/tex/generic/iftex/ifvtex.sty
Package: ifvtex 2019/10/25 v1.7 ifvtex legacy package. Use iftex instead.

(/usr/share/texlive/texmf-dist/tex/generic/iftex/iftex.sty
Package: iftex 2022/02/03 v1.0f TeX engine tests
))
\Gm@cnth=\count288
\Gm@cntv=\count289
\c@Gm@tempcnt=\count290
\Gm@bindingoffset=\dimen162
\Gm@wd@mp=\dimen163
\Gm@odd@mp=\dimen164
\Gm@even@mp=\dimen165
\Gm@layoutwidth=\dimen166
\Gm@layoutheight=\dimen167
\Gm@layouthoffset=\dimen168
\Gm@layoutvoffset=\dimen169
\Gm@dimlist=\toks29
)
(/usr/share/texlive/texmf-dist/tex/latex/microtype/microtype.sty
Package: microtype 2023/03/13 v3.1a Micro-typographical refinements (RS)

(/usr/share/texlive/texmf-dist/tex/latex/etoolbox/etoolbox.sty
Package: etoolbox 2020/10/05 v2.5k e-TeX tools for LaTeX (JAW)
\etb@tempcnta=\count291
)
\MT@toks=\toks30
\MT@tempbox=\box55
\MT@count=\count292
LaTeX Info: Redefining \noprotrusionifhmode on input line 1059.
LaTeX Info: Redefining \leftprotrusion on input line 1060.
\MT@prot@toks=\toks31
LaTeX Info: Redefining \rightprotrusion on input line 1078.
LaTeX Info: Redefining \textls on input line 1368.
\MT@outer@kern=\dimen170
LaTeX Info: Redefining \textmicrotypecontext on input line 1988.
\MT@listname@count=\count293

(/usr/share/texlive/texmf-dist/tex/latex/microtype/microtype-luatex.def
File: microtype-luatex.def 2023/03/13 v3.1a Definitions specific to luatex (RS)

Lua module: microtype 2023/03/13 3.1a microtype module.
Module microtype Info: overwriting function `keepligature' on input line 63
LaTeX Info: Redefining \lsstyle on input line 688.
LaTeX Info: Redefining \lslig on input line 688.
\MT@outer@space=\skip60
)
Package microtype Info: Loading configuration file microtype.cfg.

(/usr/share/texlive/texmf-dist/tex/latex/microtype/microtype.cfg
File: microtype.cfg 2023/03/13 v3.1a microtype main configuration file (RS)
))
(/usr/share/texlive/texmf-dist/tex/latex/graphics/graphicx.sty
Package: graphicx 2021/09/16 v1.2d Enhanced LaTeX Graphics (DPC,SPQR)

(/usr/share/texlive/texmf-dist/tex/latex/graphics/graphics.sty
Package: graphics 2022/03/10 v1.4e Standard LaTeX Graphics (DPC,SPQR)

(/usr/share/texlive/texmf-dist/tex/latex/graphics/trig.sty
Package: trig 2021/08/11 v1.11 sin cos tan (DPC)
)
(/usr/share/texlive/texmf-dist/tex/latex/graphics-cfg/graphics.cfg
File: graphics.cfg 2016/06/04 v1.11 sample graphics configuration
)
Package graphics Info: Driver file: luatex.def on input line 107.

(/usr/share/texlive/texmf-dist/tex/latex/graphics-def/luatex.def
File: luatex.def 2022/09/22 v1.2d Graphics/color driver for luatex
))
\Gin@req@height=\dimen171
\Gin@req@width=\dimen172
)
(/usr/share/texlive/texmf-dist/tex/latex/booktabs/booktabs.sty
Package: booktabs 2020/01/12 v1.61803398 Publication quality tables
\heavyrulewidth=\dimen173
\lightrulewidth=\dimen174
\cmidrulewidth=\dimen175
\belowrulesep=\dimen176
\belowbottomsep=\dimen177
\aboverulesep=\dimen178
\abovetopsep=\dimen179
\cmidrulesep=\dimen180
\cmidrulekern=\dimen181
\defaultaddspace=\dimen182
\@cmidla=\count294
\@cmidlb=\count295
\@aboverulesep=\dimen183
\@belowrulesep=\dimen184
\@thisruleclass=\count296
\@lastruleclass=\count297
\@thisrulewidth=\dimen185
)
(/usr/share/texlive/texmf-dist/tex/latex/pgf/frontendlayer/tikz.sty
(/usr/share/texlive/texmf-dist/tex/latex/pgf/basiclayer/pgf.sty
(/usr/share/texlive/texmf-dist/tex/latex/pgf/utilities/pgfrcs.sty
(/usr/share/texlive/texmf-dist/tex/generic/pgf/utilities/pgfutil-common.tex
\pgfutil@everybye=\toks32
\pgfutil@tempdima=\dimen186
\pgfutil@tempdimb=\dimen187
)
(/usr/share/texlive/texmf-dist/tex/generic/pgf/utilities/pgfutil-latex.def
\pgfutil@abb=\box56
)
(/usr/share/texlive/texmf-dist/tex/generic/pgf/utilities/pgfrcs.code.tex
(/usr/share/texlive/texmf-dist/tex/generic/pgf/pgf.revision.tex)
Package: pgfrcs 2023-01-15 v3.1.10 (3.1.10)
))
Package: pgf 2023-01-15 v3.1.10 (3.1.10)

(/usr/share/texlive/texmf-dist/tex/latex/pgf/basiclayer/pgfcore.sty
(/usr/share/texlive/texmf-dist/tex/latex/pgf/systemlayer/pgfsys.sty
(/usr/share/texlive/texmf-dist/tex/generic/pgf/systemlayer/pgfsys.code.tex
Package: pgfsys 2023-01-15 v3.1.10 (3.1.10)

(/usr/share/texlive/texmf-dist/tex/generic/pgf/utilities/pgfkeys.code.tex
\pgfkeys@pathtoks=\toks33
\pgfkeys@temptoks=\toks34

(/usr/share/texlive/texmf-dist/tex/generic/pgf/utilities/pgfkeyslibraryfiltered
.code.tex
\pgfkeys@tmptoks=\toks35
))
\pgf@x=\dimen188
\pgf@y=\dimen189
\pgf@xa=\dimen190
\pgf@ya=\dimen191
\pgf@xb=\dimen192
\pgf@yb=\dimen193
\pgf@xc=\dimen194
\pgf@yc=\dimen195
\pgf@xd=\dimen196
\pgf@yd=\dimen197
\w@pgf@writea=\write3
\r@pgf@reada=\read2
\c@pgf@counta=\count298
\c@pgf@countb=\count299
\c@pgf@countc=\count300
\c@pgf@countd=\count301
\t@pgf@toka=\toks36
\t@pgf@tokb=\toks37
\t@pgf@tokc=\toks38
\pgf@sys@id@count=\count302
 (/usr/share/texlive/texmf-dist/tex/generic/pgf/systemlayer/pgf.cfg
File: pgf.cfg 2023-01-15 v3.1.10 (3.1.10)
)
Driver file for pgf: pgfsys-luatex.def
(/usr/share/texlive/texmf-dist/tex/generic/pgf/systemlayer/pgfsys-luatex.def
File: pgfsys-luatex.def 2023-01-15 v3.1.10 (3.1.10)

(/usr/share/texlive/texmf-dist/tex/generic/pgf/systemlayer/pgfsys-common-pdf.de
f
File: pgfsys-common-pdf.def 2023-01-15 v3.1.10 (3.1.10)
)))
(/usr/share/texlive/texmf-dist/tex/generic/pgf/systemlayer/pgfsyssoftpath.code.
tex
File: pgfsyssoftpath.code.tex 2023-01-15 v3.1.10 (3.1.10)
\pgfsyssoftpath@smallbuffer@items=\count303
\pgfsyssoftpath@bigbuffer@items=\count304
)
(/usr/share/texlive/texmf-dist/tex/generic/pgf/systemlayer/pgfsysprotocol.code.
tex
File: pgfsysprotocol.code.tex 2023-01-15 v3.1.10 (3.1.10)
)) (/usr/share/texlive/texmf-dist/tex/latex/xcolor/xcolor.sty
Package: xcolor 2023/11/15 v3.01 LaTeX color extensions (UK)

(/usr/share/texlive/texmf-dist/tex/latex/graphics-cfg/color.cfg
File: color.cfg 2016/01/02 v1.6 sample color configuration
)
Package xcolor Info: Driver file: luatex.def on input line 274.

(/usr/share/texlive/texmf-dist/tex/latex/graphics/mathcolor.ltx)
Package xcolor Info: Model `cmy' substituted by `cmy0' on input line 1350.
Package xcolor Info: Model `hsb' substituted by `rgb' on input line 1354.
Package xcolor Info: Model `RGB' extended on input line 1366.
Package xcolor Info: Model `HTML' substituted by `rgb' on input line 1368.
Package xcolor Info: Model `Hsb' substituted by `hsb' on input line 1369.
Package xcolor Info: Model `tHsb' substituted by `hsb' on input line 1370.
Package xcolor Info: Model `HSB' substituted by `hsb' on input line 1371.
Package xcolor Info: Model `Gray' substituted by `gray' on input line 1372.
Package xcolor Info: Model `wave' substituted by `hsb' on input line 1373.
)
(/usr/share/texlive/texmf-dist/tex/generic/pgf/basiclayer/pgfcore.code.tex
Package: pgfcore 2023-01-15 v3.1.10 (3.1.10)

(/usr/share/texlive/texmf-dist/tex/generic/pgf/math/pgfmath.code.tex
(/usr/share/texlive/texmf-dist/tex/generic/pgf/math/pgfmathutil.code.tex)
(/usr/share/texlive/texmf-dist/tex/generic/pgf/math/pgfmathparser.code.tex
\pgfmath@dimen=\dimen198
\pgfmath@count=\count305
\pgfmath@box=\box57
\pgfmath@toks=\toks39
\pgfmath@stack@operand=\toks40
\pgfmath@stack@operation=\toks41
)
(/usr/share/texlive/texmf-dist/tex/generic/pgf/math/pgfmathfunctions.code.tex)
(/usr/share/texlive/texmf-dist/tex/generic/pgf/math/pgfmathfunctions.basic.code
.tex)
(/usr/share/texlive/texmf-dist/tex/generic/pgf/math/pgfmathfunctions.trigonomet
ric.code.tex)
(/usr/share/texlive/texmf-dist/tex/generic/pgf/math/pgfmathfunctions.random.cod
e.tex)
(/usr/share/texlive/texmf-dist/tex/generic/pgf/math/pgfmathfunctions.comparison
.code.tex)
(/usr/share/texlive/texmf-dist/tex/generic/pgf/math/pgfmathfunctions.base.code.
tex)
(/usr/share/texlive/texmf-dist/tex/generic/pgf/math/pgfmathfunctions.round.code
.tex)
(/usr/share/texlive/texmf-dist/tex/generic/pgf/math/pgfmathfunctions.misc.code.
tex)
(/usr/share/texlive/texmf-dist/tex/generic/pgf/math/pgfmathfunctions.integerari
thmetics.code.tex)
(/usr/share/texlive/texmf-dist/tex/generic/pgf/math/pgfmathcalc.code.tex)
(/usr/share/texlive/texmf-dist/tex/generic/pgf/math/pgfmathfloat.code.tex
\c@pgfmathroundto@lastzeros=\count306
))
(/usr/share/texlive/texmf-dist/tex/generic/pgf/math/pgfint.code.tex)
(/usr/share/texlive/texmf-dist/tex/generic/pgf/basiclayer/pgfcorepoints.code.te
x
File: pgfcorepoints.code.tex 2023-01-15 v3.1.10 (3.1.10)
\pgf@picminx=\dimen199
\pgf@picmaxx=\dimen256
\pgf@picminy=\dimen257
\pgf@picmaxy=\dimen258
\pgf@pathminx=\dimen259
\pgf@pathmaxx=\dimen260
\pgf@pathminy=\dimen261
\pgf@pathmaxy=\dimen262
\pgf@xx=\dimen263
\pgf@xy=\dimen264
\pgf@yx=\dimen265
\pgf@yy=\dimen266
\pgf@zx=\dimen267
\pgf@zy=\dimen268
)
(/usr/share/texlive/texmf-dist/tex/generic/pgf/basiclayer/pgfcorepathconstruct.
code.tex
File: pgfcorepathconstruct.code.tex 2023-01-15 v3.1.10 (3.1.10)
\pgf@path@lastx=\dimen269
\pgf@path@lasty=\dimen270
)
(/usr/share/texlive/texmf-dist/tex/generic/pgf/basiclayer/pgfcorepathusage.code
.tex
File: pgfcorepathusage.code.tex 2023-01-15 v3.1.10 (3.1.10)
\pgf@shorten@end@additional=\dimen271
\pgf@shorten@start@additional=\dimen272
)
(/usr/share/texlive/texmf-dist/tex/generic/pgf/basiclayer/pgfcorescopes.code.te
x
File: pgfcorescopes.code.tex 2023-01-15 v3.1.10 (3.1.10)
\pgfpic=\box58
\pgf@hbox=\box59
\pgf@layerbox@main=\box60
\pgf@picture@serial@count=\count307
)
(/usr/share/texlive/texmf-dist/tex/generic/pgf/basiclayer/pgfcoregraphicstate.c
ode.tex
File: pgfcoregraphicstate.code.tex 2023-01-15 v3.1.10 (3.1.10)
\pgflinewidth=\dimen273
)
(/usr/share/texlive/texmf-dist/tex/generic/pgf/basiclayer/pgfcoretransformation
s.code.tex
File: pgfcoretransformations.code.tex 2023-01-15 v3.1.10 (3.1.10)
\pgf@pt@x=\dimen274
\pgf@pt@y=\dimen275
\pgf@pt@temp=\dimen276
)
(/usr/share/texlive/texmf-dist/tex/generic/pgf/basiclayer/pgfcorequick.code.tex
File: pgfcorequick.code.tex 2023-01-15 v3.1.10 (3.1.10)
)
(/usr/share/texlive/texmf-dist/tex/generic/pgf/basiclayer/pgfcoreobjects.code.t
ex
File: pgfcoreobjects.code.tex 2023-01-15 v3.1.10 (3.1.10)
)
(/usr/share/texlive/texmf-dist/tex/generic/pgf/basiclayer/pgfcorepathprocessing
.code.tex
File: pgfcorepathprocessing.code.tex 2023-01-15 v3.1.10 (3.1.10)
)
(/usr/share/texlive/texmf-dist/tex/generic/pgf/basiclayer/pgfcorearrows.code.te
x
File: pgfcorearrows.code.tex 2023-01-15 v3.1.10 (3.1.10)
\pgfarrowsep=\dimen277
)
(/usr/share/texlive/texmf-dist/tex/generic/pgf/basiclayer/pgfcoreshade.code.tex
File: pgfcoreshade.code.tex 2023-01-15 v3.1.10 (3.1.10)
\pgf@max=\dimen278
\pgf@sys@shading@range@num=\count308
\pgf@shadingcount=\count309
)
(/usr/share/texlive/texmf-dist/tex/generic/pgf/basiclayer/pgfcoreimage.code.tex
File: pgfcoreimage.code.tex 2023-01-15 v3.1.10 (3.1.10)
)
(/usr/share/texlive/texmf-dist/tex/generic/pgf/basiclayer/pgfcoreexternal.code.
tex
File: pgfcoreexternal.code.tex 2023-01-15 v3.1.10 (3.1.10)
\pgfexternal@startupbox=\box61
)
(/usr/share/texlive/texmf-dist/tex/generic/pgf/basiclayer/pgfcorelayers.code.te
x
File: pgfcorelayers.code.tex 2023-01-15 v3.1.10 (3.1.10)
)
(/usr/share/texlive/texmf-dist/tex/generic/pgf/basiclayer/pgfcoretransparency.c
ode.tex
File: pgfcoretransparency.code.tex 2023-01-15 v3.1.10 (3.1.10)
)
(/usr/share/texlive/texmf-dist/tex/generic/pgf/basiclayer/pgfcorepatterns.code.
tex
File: pgfcorepatterns.code.tex 2023-01-15 v3.1.10 (3.1.10)
)
(/usr/share/texlive/texmf-dist/tex/generic/pgf/basiclayer/pgfcorerdf.code.tex
File: pgfcorerdf.code.tex 2023-01-15 v3.1.10 (3.1.10)
)))
(/usr/share/texlive/texmf-dist/tex/generic/pgf/modules/pgfmoduleshapes.code.tex
File: pgfmoduleshapes.code.tex 2023-01-15 v3.1.10 (3.1.10)
\pgfnodeparttextbox=\box62
) (/usr/share/texlive/texmf-dist/tex/generic/pgf/modules/pgfmoduleplot.code.tex
File: pgfmoduleplot.code.tex 2023-01-15 v3.1.10 (3.1.10)
)
(/usr/share/texlive/texmf-dist/tex/latex/pgf/compatibility/pgfcomp-version-0-65
.sty
Package: pgfcomp-version-0-65 2023-01-15 v3.1.10 (3.1.10)
\pgf@nodesepstart=\dimen279
\pgf@nodesepend=\dimen280
)
(/usr/share/texlive/texmf-dist/tex/latex/pgf/compatibility/pgfcomp-version-1-18
.sty
Package: pgfcomp-version-1-18 2023-01-15 v3.1.10 (3.1.10)
)) (/usr/share/texlive/texmf-dist/tex/latex/pgf/utilities/pgffor.sty
(/usr/share/texlive/texmf-dist/tex/latex/pgf/utilities/pgfkeys.sty
(/usr/share/texlive/texmf-dist/tex/generic/pgf/utilities/pgfkeys.code.tex))
(/usr/share/texlive/texmf-dist/tex/latex/pgf/math/pgfmath.sty
(/usr/share/texlive/texmf-dist/tex/generic/pgf/math/pgfmath.code.tex))
(/usr/share/texlive/texmf-dist/tex/generic/pgf/utilities/pgffor.code.tex
Package: pgffor 2023-01-15 v3.1.10 (3.1.10)
\pgffor@iter=\dimen281
\pgffor@skip=\dimen282
\pgffor@stack=\toks42
\pgffor@toks=\toks43
))
(/usr/share/texlive/texmf-dist/tex/generic/pgf/frontendlayer/tikz/tikz.code.tex
Package: tikz 2023-01-15 v3.1.10 (3.1.10)

(/usr/share/texlive/texmf-dist/tex/generic/pgf/libraries/pgflibraryplothandlers
.code.tex
File: pgflibraryplothandlers.code.tex 2023-01-15 v3.1.10 (3.1.10)
\pgf@plot@mark@count=\count310
\pgfplotmarksize=\dimen283
)
\tikz@lastx=\dimen284
\tikz@lasty=\dimen285
\tikz@lastxsaved=\dimen286
\tikz@lastysaved=\dimen287
\tikz@lastmovetox=\dimen288
\tikz@lastmovetoy=\dimen289
\tikzleveldistance=\dimen290
\tikzsiblingdistance=\dimen291
\tikz@figbox=\box63
\tikz@figbox@bg=\box64
\tikz@tempbox=\box65
\tikz@tempbox@bg=\box66
\tikztreelevel=\count311
\tikznumberofchildren=\count312
\tikznumberofcurrentchild=\count313
\tikz@fig@count=\count314

(/usr/share/texlive/texmf-dist/tex/generic/pgf/modules/pgfmodulematrix.code.tex
File: pgfmodulematrix.code.tex 2023-01-15 v3.1.10 (3.1.10)
\pgfmatrixcurrentrow=\count315
\pgfmatrixcurrentcolumn=\count316
\pgf@matrix@numberofcolumns=\count317
)
\tikz@expandcount=\count318

(/usr/share/texlive/texmf-dist/tex/generic/pgf/frontendlayer/tikz/libraries/tik
zlibrarytopaths.code.tex
File: tikzlibrarytopaths.code.tex 2023-01-15 v3.1.10 (3.1.10)
)))
(/usr/share/texlive/texmf-dist/tex/latex/pgfplots/pgfplots.sty
(/usr/share/texlive/texmf-dist/tex/generic/pgfplots/pgfplots.revision.tex)
Package: pgfplots 2021/05/15 v1.18.1 Data Visualization (1.18.1)

(/usr/share/texlive/texmf-dist/tex/generic/pgfplots/pgfplots.code.tex
(/usr/share/texlive/texmf-dist/tex/generic/pgfplots/pgfplotscore.code.tex
Package pgfplots info on input line 124: Initializing with LUA version Lua 5.3
\pgfplots@luabackend@table=\catcodetable14
\t@pgfplots@toka=\toks44
\t@pgfplots@tokb=\toks45
\t@pgfplots@tokc=\toks46
\pgfplots@tmpa=\dimen292
\c@pgfplots@coordindex=\count319
\c@pgfplots@scanlineindex=\count320

(/usr/share/texlive/texmf-dist/tex/generic/pgfplots/sys/pgfplotssysgeneric.code
.tex))
(/usr/share/texlive/texmf-dist/tex/generic/pgfplots/libs/pgfplotslibrary.code.t
ex)
(/usr/share/texlive/texmf-dist/tex/generic/pgfplots/oldpgfcompatib/pgfplotsoldp
gfsupp_loader.code.tex
(/usr/share/texlive/texmf-dist/tex/generic/pgf/libraries/pgflibraryfpu.code.tex
)
Package pgfplots: loading complementary utilities for your pgf version...
\t@pgf@toka=\toks47
\t@pgf@tokb=\toks48
\t@pgf@tokc=\toks49

(/usr/share/texlive/texmf-dist/tex/generic/pgfplots/oldpgfcompatib/pgfplotsoldp
gfsupp_pgfutil-common-lists.tex)
(/usr/share/texlive/texmf-dist/tex/generic/pgf/libraries/luamath/pgflibraryluam
ath.code.tex)
Package pgfplots info on input line 290: luamath library shipped with pgf 3.1.1
0 is up-to-date
)
(/usr/share/texlive/texmf-dist/tex/generic/pgfplots/util/pgfplotsutil.code.tex
Package pgfplots info on input line 82: Found new luatex: initializing lua comm
ands instead of write18 (shell-escape)

(/usr/share/texlive/texmf-dist/tex/generic/pgfplots/liststructure/pgfplotslists
tructure.code.tex)
(/usr/share/texlive/texmf-dist/tex/generic/pgfplots/liststructure/pgfplotslists
tructureext.code.tex)
(/usr/share/texlive/texmf-dist/tex/generic/pgfplots/liststructure/pgfplotsarray
.code.tex
\c@pgfplotsarray@tmp=\count321
)
(/usr/share/texlive/texmf-dist/tex/generic/pgfplots/liststructure/pgfplotsmatri
x.code.tex)
(/usr/share/texlive/texmf-dist/tex/generic/pgfplots/numtable/pgfplotstableshare
d.code.tex
\c@pgfplotstable@counta=\count322
\t@pgfplotstable@a=\toks50
)
(/usr/share/texlive/texmf-dist/tex/generic/pgfplots/liststructure/pgfplotsdeque
.code.tex)
(/usr/share/texlive/texmf-dist/tex/generic/pgfplots/util/pgfplotsbinary.code.te
x
(/usr/share/texlive/texmf-dist/tex/generic/pgfplots/util/pgfplotsbinary.data.co
de.tex))
(/usr/share/texlive/texmf-dist/tex/generic/pgfplots/util/pgfplotsutil.verb.code
.tex)
(/usr/share/texlive/texmf-dist/tex/generic/pgfplots/libs/pgflibrarypgfplots.sur
fshading.code.tex
\c@pgfplotslibrarysurf@no=\count323

(/usr/share/texlive/texmf-dist/tex/generic/pgfplots/sys/pgflibrarypgfplots.surf
shading.pgfsys-luatex.def)))
(/usr/share/texlive/texmf-dist/tex/generic/pgfplots/util/pgfplotscolormap.code.
tex
(/usr/share/texlive/texmf-dist/tex/generic/pgfplots/util/pgfplotscolor.code.tex
))
(/usr/share/texlive/texmf-dist/tex/generic/pgfplots/pgfplotsstackedplots.code.t
ex)
(/usr/share/texlive/texmf-dist/tex/generic/pgfplots/pgfplotsplothandlers.code.t
ex
(/usr/share/texlive/texmf-dist/tex/generic/pgfplots/pgfplotsmeshplothandler.cod
e.tex
(/usr/share/texlive/texmf-dist/tex/generic/pgfplots/pgfplotsmeshplotimage.code.
tex)))
(/usr/share/texlive/texmf-dist/tex/generic/pgfplots/pgfplots.scaling.code.tex)
(/usr/share/texlive/texmf-dist/tex/generic/pgfplots/pgfplotscoordprocessing.cod
e.tex)
(/usr/share/texlive/texmf-dist/tex/generic/pgfplots/pgfplots.errorbars.code.tex
) (/usr/share/texlive/texmf-dist/tex/generic/pgfplots/pgfplots.markers.code.tex
) (/usr/share/texlive/texmf-dist/tex/generic/pgfplots/pgfplotsticks.code.tex)
(/usr/share/texlive/texmf-dist/tex/generic/pgfplots/pgfplots.paths.code.tex)
(/usr/share/texlive/texmf-dist/tex/generic/pgf/frontendlayer/tikz/libraries/tik
zlibrarydecorations.code.tex
(/usr/share/texlive/texmf-dist/tex/generic/pgf/modules/pgfmoduledecorations.cod
e.tex
\pgfdecoratedcompleteddistance=\dimen293
\pgfdecoratedremainingdistance=\dimen294
\pgfdecoratedinputsegmentcompleteddistance=\dimen295
\pgfdecoratedinputsegmentremainingdistance=\dimen296
\pgf@decorate@distancetomove=\dimen297
\pgf@decorate@repeatstate=\count324
\pgfdecorationsegmentamplitude=\dimen298
\pgfdecorationsegmentlength=\dimen299
)
\tikz@lib@dec@box=\box67
)
(/usr/share/texlive/texmf-dist/tex/generic/pgf/frontendlayer/tikz/libraries/tik
zlibrarydecorations.pathmorphing.code.tex
(/usr/share/texlive/texmf-dist/tex/generic/pgf/libraries/decorations/pgflibrary
decorations.pathmorphing.code.tex))
(/usr/share/texlive/texmf-dist/tex/generic/pgf/frontendlayer/tikz/libraries/tik
zlibrarydecorations.pathreplacing.code.tex
(/usr/share/texlive/texmf-dist/tex/generic/pgf/libraries/decorations/pgflibrary
decorations.pathreplacing.code.tex))
(/usr/share/texlive/texmf-dist/tex/generic/pgfplots/libs/tikzlibrarypgfplots.co
ntourlua.code.tex)
\pgfplots@numplots=\count325
\pgfplots@xmin@reg=\dimen300
\pgfplots@xmax@reg=\dimen301
\pgfplots@ymin@reg=\dimen302
\pgfplots@ymax@reg=\dimen303
\pgfplots@zmin@reg=\dimen304
\pgfplots@zmax@reg=\dimen305
)
(/usr/share/texlive/texmf-dist/tex/generic/pgf/frontendlayer/tikz/libraries/tik
zlibraryplotmarks.code.tex
File: tikzlibraryplotmarks.code.tex 2023-01-15 v3.1.10 (3.1.10)

(/usr/share/texlive/texmf-dist/tex/generic/pgf/libraries/pgflibraryplotmarks.co
de.tex
File: pgflibraryplotmarks.code.tex 2023-01-15 v3.1.10 (3.1.10)
)))
(/usr/share/texlive/texmf-dist/tex/generic/pgf/libraries/pgflibraryarrows.meta.
code.tex
File: pgflibraryarrows.meta.code.tex 2023-01-15 v3.1.10 (3.1.10)
\pgfarrowinset=\dimen306
\pgfarrowlength=\dimen307
\pgfarrowwidth=\dimen308
\pgfarrowlinewidth=\dimen309
)
(/usr/share/texlive/texmf-dist/tex/generic/pgf/frontendlayer/tikz/libraries/tik
zlibrarypositioning.code.tex
File: tikzlibrarypositioning.code.tex 2023-01-15 v3.1.10 (3.1.10)
)
(/usr/share/texlive/texmf-dist/tex/generic/pgf/frontendlayer/tikz/libraries/tik
zlibraryshapes.geometric.code.tex
File: tikzlibraryshapes.geometric.code.tex 2023-01-15 v3.1.10 (3.1.10)

(/usr/share/texlive/texmf-dist/tex/generic/pgf/libraries/shapes/pgflibraryshape
s.geometric.code.tex
File: pgflibraryshapes.geometric.code.tex 2023-01-15 v3.1.10 (3.1.10)
))
(/usr/share/texlive/texmf-dist/tex/latex/enumitem/enumitem.sty
Package: enumitem 2019/06/20 v3.9 Customized lists
\labelindent=\skip61
\enit@outerparindent=\dimen310
\enit@toks=\toks51
\enit@inbox=\box68
\enit@count@id=\count326
\enitdp@description=\count327
)
(/usr/share/texlive/texmf-dist/tex/latex/titlesec/titlesec.sty
Package: titlesec 2023/10/27 v2.16 Sectioning titles
\ttl@box=\box69
\beforetitleunit=\skip62
\aftertitleunit=\skip63
\ttl@plus=\dimen311
\ttl@minus=\dimen312
\ttl@toksa=\toks52
\titlewidth=\dimen313
\titlewidthlast=\dimen314
\titlewidthfirst=\dimen315
)
(/usr/share/texlive/texmf-dist/tex/latex/hyperref/hyperref.sty
Package: hyperref 2024-01-20 v7.01h Hypertext links for LaTeX

(/usr/share/texlive/texmf-dist/tex/latex/kvsetkeys/kvsetkeys.sty
Package: kvsetkeys 2022-10-05 v1.19 Key value parser (HO)
)
(/usr/share/texlive/texmf-dist/tex/generic/kvdefinekeys/kvdefinekeys.sty
Package: kvdefinekeys 2019-12-19 v1.6 Define keys (HO)
)
(/usr/share/texlive/texmf-dist/tex/generic/pdfescape/pdfescape.sty
Package: pdfescape 2019/12/09 v1.15 Implements pdfTeX's escape features (HO)

(/usr/share/texlive/texmf-dist/tex/generic/ltxcmds/ltxcmds.sty
Package: ltxcmds 2023-12-04 v1.26 LaTeX kernel commands for general use (HO)
)
(/usr/share/texlive/texmf-dist/tex/generic/pdftexcmds/pdftexcmds.sty
Package: pdftexcmds 2020-06-27 v0.33 Utility functions of pdfTeX for LuaTeX (HO
)

(/usr/share/texlive/texmf-dist/tex/generic/infwarerr/infwarerr.sty
Package: infwarerr 2019/12/03 v1.5 Providing info/warning/error messages (HO)
)
Package pdftexcmds Info: \pdf@primitive is available.
Package pdftexcmds Info: \pdf@ifprimitive is available.
Package pdftexcmds Info: \pdfdraftmode found.
\pdftexcmds@toks=\toks53
))
(/usr/share/texlive/texmf-dist/tex/latex/hycolor/hycolor.sty
Package: hycolor 2020-01-27 v1.10 Color options for hyperref/bookmark (HO)
)
(/usr/share/texlive/texmf-dist/tex/latex/auxhook/auxhook.sty
Package: auxhook 2019-12-17 v1.6 Hooks for auxiliary files (HO)
)
(/usr/share/texlive/texmf-dist/tex/latex/hyperref/nameref.sty
Package: nameref 2023-11-26 v2.56 Cross-referencing by name of section

(/usr/share/texlive/texmf-dist/tex/latex/refcount/refcount.sty
Package: refcount 2019/12/15 v3.6 Data extraction from label references (HO)
)
(/usr/share/texlive/texmf-dist/tex/generic/gettitlestring/gettitlestring.sty
Package: gettitlestring 2019/12/15 v1.6 Cleanup title references (HO)

(/usr/share/texlive/texmf-dist/tex/latex/kvoptions/kvoptions.sty
Package: kvoptions 2022-06-15 v3.15 Key value format for package options (HO)
))
\c@section@level=\count328
)
\@linkdim=\dimen316
\Hy@linkcounter=\count329
\Hy@pagecounter=\count330

(/usr/share/texlive/texmf-dist/tex/latex/hyperref/pd1enc.def
File: pd1enc.def 2024-01-20 v7.01h Hyperref: PDFDocEncoding definition (HO)
)
(/usr/share/texlive/texmf-dist/tex/generic/intcalc/intcalc.sty
Package: intcalc 2019/12/15 v1.3 Expandable calculations with integers (HO)
)
\Hy@SavedSpaceFactor=\count331

(/usr/share/texlive/texmf-dist/tex/latex/hyperref/puenc.def
File: puenc.def 2024-01-20 v7.01h Hyperref: PDF Unicode definition (HO)
)
Package hyperref Info: Option `colorlinks' set `true' on input line 4062.
Package hyperref Info: Hyper figures OFF on input line 4179.
Package hyperref Info: Link nesting OFF on input line 4184.
Package hyperref Info: Hyper index ON on input line 4187.
Package hyperref Info: Plain pages OFF on input line 4194.
Package hyperref Info: Backreferencing OFF on input line 4199.
Package hyperref Info: Implicit mode ON; LaTeX internals redefined.
Package hyperref Info: Bookmarks ON on input line 4446.
\c@Hy@tempcnt=\count332

(/usr/share/texlive/texmf-dist/tex/latex/url/url.sty
\Urlmuskip=\muskip17
Package: url 2013/09/16  ver 3.4  Verb mode for urls, etc.
)
LaTeX Info: Redefining \url on input line 4784.
\XeTeXLinkMargin=\dimen317

(/usr/share/texlive/texmf-dist/tex/generic/bitset/bitset.sty
Package: bitset 2019/12/09 v1.3 Handle bit-vector datatype (HO)

(/usr/share/texlive/texmf-dist/tex/generic/bigintcalc/bigintcalc.sty
Package: bigintcalc 2019/12/15 v1.5 Expandable calculations on big integers (HO
)
))
\Fld@menulength=\count333
\Field@Width=\dimen318
\Fld@charsize=\dimen319
Package hyperref Info: Hyper figures OFF on input line 6063.
Package hyperref Info: Link nesting OFF on input line 6068.
Package hyperref Info: Hyper index ON on input line 6071.
Package hyperref Info: backreferencing OFF on input line 6078.
Package hyperref Info: Link coloring ON on input line 6081.
Package hyperref Info: Link coloring with OCG OFF on input line 6088.
Package hyperref Info: PDF/A mode OFF on input line 6093.

(/usr/share/texlive/texmf-dist/tex/latex/base/atbegshi-ltx.sty
Package: atbegshi-ltx 2021/01/10 v1.0c Emulation of the original atbegshi
package with kernel methods
)
\Hy@abspage=\count334
\c@Item=\count335
\c@Hfootnote=\count336
)
Package hyperref Info: Driver (autodetected): hluatex.

(/usr/share/texlive/texmf-dist/tex/latex/hyperref/hluatex.def
File: hluatex.def 2024-01-20 v7.01h Hyperref driver for luaTeX

(/usr/share/texlive/texmf-dist/tex/generic/stringenc/stringenc.sty
Package: stringenc 2019/11/29 v1.12 Convert strings between diff. encodings (HO
)
)
(/usr/share/texlive/texmf-dist/tex/latex/base/atveryend-ltx.sty
Package: atveryend-ltx 2020/08/19 v1.0a Emulation of the original atveryend pac
kage
with kernel methods
)
\Fld@listcount=\count337
\c@bookmark@seq@number=\count338

(/usr/share/texlive/texmf-dist/tex/latex/rerunfilecheck/rerunfilecheck.sty
Package: rerunfilecheck 2022-07-10 v1.10 Rerun checks for auxiliary files (HO)

(/usr/share/texlive/texmf-dist/tex/generic/uniquecounter/uniquecounter.sty
Package: uniquecounter 2019/12/15 v1.4 Provide unlimited unique counter (HO)
)
Package uniquecounter Info: New unique counter `rerunfilecheck' on input line 2
85.
)
\Hy@SectionHShift=\skip64
)
\c@theorem=\count339

(./waves-of-collapse.aux)
\openout1 = waves-of-collapse.aux

LaTeX Font Info:    Checking defaults for OML/cmm/m/it on input line 58.
LaTeX Font Info:    ... okay on input line 58.
LaTeX Font Info:    Checking defaults for OMS/cmsy/m/n on input line 58.
LaTeX Font Info:    ... okay on input line 58.
LaTeX Font Info:    Checking defaults for OT1/cmr/m/n on input line 58.
LaTeX Font Info:    ... okay on input line 58.
LaTeX Font Info:    Checking defaults for T1/cmr/m/n on input line 58.
LaTeX Font Info:    ... okay on input line 58.
LaTeX Font Info:    Checking defaults for TS1/cmr/m/n on input line 58.
LaTeX Font Info:    Trying to load font information for TS1+cmr on input line 5
8.

(/usr/share/texlive/texmf-dist/tex/latex/base/ts1cmr.fd
File: ts1cmr.fd 2023/04/13 v2.5m Standard LaTeX font definitions
)
LaTeX Font Info:    ... okay on input line 58.
LaTeX Font Info:    Checking defaults for TU/lmr/m/n on input line 58.
LaTeX Font Info:    ... okay on input line 58.
LaTeX Font Info:    Checking defaults for OMX/cmex/m/n on input line 58.
LaTeX Font Info:    ... okay on input line 58.
LaTeX Font Info:    Checking defaults for U/cmr/m/n on input line 58.
LaTeX Font Info:    ... okay on input line 58.
LaTeX Font Info:    Checking defaults for PD1/pdf/m/n on input line 58.
LaTeX Font Info:    ... okay on input line 58.
LaTeX Font Info:    Checking defaults for PU/pdf/m/n on input line 58.
LaTeX Font Info:    ... okay on input line 58.

Package fontspec Info: Adjusting the maths setup (use [no-math] to avoid
(fontspec)             this).

\symlegacymaths=\mathgroup6
LaTeX Font Info:    Overwriting symbol font `legacymaths' in version `bold'
(Font)                  OT1/cmr/m/n --> OT1/cmr/bx/n on input line 58.
LaTeX Font Info:    Redeclaring math accent \acute on input line 58.
LaTeX Font Info:    Redeclaring math accent \grave on input line 58.
LaTeX Font Info:    Redeclaring math accent \ddot on input line 58.
LaTeX Font Info:    Redeclaring math accent \tilde on input line 58.
LaTeX Font Info:    Redeclaring math accent \bar on input line 58.
LaTeX Font Info:    Redeclaring math accent \breve on input line 58.
LaTeX Font Info:    Redeclaring math accent \check on input line 58.
LaTeX Font Info:    Redeclaring math accent \hat on input line 58.
LaTeX Font Info:    Redeclaring math accent \dot on input line 58.
LaTeX Font Info:    Redeclaring math accent \mathring on input line 58.
LaTeX Font Info:    Redeclaring math symbol \Gamma on input line 58.
LaTeX Font Info:    Redeclaring math symbol \Delta on input line 58.
LaTeX Font Info:    Redeclaring math symbol \Theta on input line 58.
LaTeX Font Info:    Redeclaring math symbol \Lambda on input line 58.
LaTeX Font Info:    Redeclaring math symbol \Xi on input line 58.
LaTeX Font Info:    Redeclaring math symbol \Pi on input line 58.
LaTeX Font Info:    Redeclaring math symbol \Sigma on input line 58.
LaTeX Font Info:    Redeclaring math symbol \Upsilon on input line 58.
LaTeX Font Info:    Redeclaring math symbol \Phi on input line 58.
LaTeX Font Info:    Redeclaring math symbol \Psi on input line 58.
LaTeX Font Info:    Redeclaring math symbol \Omega on input line 58.
LaTeX Font Info:    Redeclaring math symbol \mathdollar on input line 58.
LaTeX Font Info:    Redeclaring symbol font `operators' on input line 58.
LaTeX Font Info:    Encoding `OT1' has changed to `TU' for symbol font
(Font)              `operators' in the math version `normal' on input line 58.
LaTeX Font Info:    Overwriting symbol font `operators' in version `normal'
(Font)                  OT1/cmr/m/n --> TU/TeXGyrePagella(0)/m/n on input line 
58.
LaTeX Font Info:    Encoding `OT1' has changed to `TU' for symbol font
(Font)              `operators' in the math version `bold' on input line 58.
LaTeX Font Info:    Overwriting symbol font `operators' in version `bold'
(Font)                  OT1/cmr/bx/n --> TU/TeXGyrePagella(0)/m/n on input line
 58.
LaTeX Font Info:    Overwriting symbol font `operators' in version `normal'
(Font)                  TU/TeXGyrePagella(0)/m/n --> TU/TeXGyrePagella(0)/m/n o
n input line 58.
LaTeX Font Info:    Overwriting math alphabet `\mathit' in version `normal'
(Font)                  OT1/cmr/m/it --> TU/TeXGyrePagella(0)/m/it on input lin
e 58.
LaTeX Font Info:    Overwriting math alphabet `\mathbf' in version `normal'
(Font)                  OT1/cmr/bx/n --> TU/TeXGyrePagella(0)/b/n on input line
 58.
LaTeX Font Info:    Overwriting math alphabet `\mathsf' in version `normal'
(Font)                  OT1/cmss/m/n --> TU/lmss/m/n on input line 58.
LaTeX Font Info:    Overwriting math alphabet `\mathtt' in version `normal'
(Font)                  OT1/cmtt/m/n --> TU/lmtt/m/n on input line 58.
LaTeX Font Info:    Overwriting symbol font `operators' in version `bold'
(Font)                  TU/TeXGyrePagella(0)/m/n --> TU/TeXGyrePagella(0)/b/n o
n input line 58.
LaTeX Font Info:    Overwriting math alphabet `\mathit' in version `bold'
(Font)                  OT1/cmr/bx/it --> TU/TeXGyrePagella(0)/b/it on input li
ne 58.
LaTeX Font Info:    Overwriting math alphabet `\mathsf' in version `bold'
(Font)                  OT1/cmss/bx/n --> TU/lmss/b/n on input line 58.
LaTeX Font Info:    Overwriting math alphabet `\mathtt' in version `bold'
(Font)                  OT1/cmtt/m/n --> TU/lmtt/b/n on input line 58.

*geometry* driver: auto-detecting
*geometry* detected driver: luatex
*geometry* verbose mode - [ preamble ] result:
* driver: luatex
* paper: <default>
* layout: <same size as paper>
* layoutoffset:(h,v)=(0.0pt,0.0pt)
* modes: 
* h-part:(L,W,R)=(86.72377pt, 440.84746pt, 86.72377pt)
* v-part:(T,H,B)=(86.72377pt, 621.52245pt, 86.72377pt)
* \paperwidth=614.295pt
* \paperheight=794.96999pt
* \textwidth=440.84746pt
* \textheight=621.52245pt
* \oddsidemargin=14.45378pt
* \evensidemargin=14.45378pt
* \topmargin=-17.42001pt
* \headheight=12.0pt
* \headsep=19.8738pt
* \topskip=11.0pt
* \footskip=27.46295pt
* \marginparwidth=62.0pt
* \marginparsep=7.0pt
* \columnsep=10.0pt
* \skip\footins=10.0pt plus 4.0pt minus 2.0pt
* \hoffset=0.0pt
* \voffset=0.0pt
* \mag=1000
* \@twocolumnfalse
* \@twosidefalse
* \@mparswitchfalse
* \@reversemarginfalse
* (1in=72.27pt=25.4mm, 1cm=28.453pt)

LaTeX Info: Redefining \microtypecontext on input line 58.
Package microtype Info: Applying patch `item' on input line 58.
Package microtype Info: Applying patch `toc' on input line 58.
Package microtype Info: Applying patch `eqnum' on input line 58.
Package microtype Info: Applying patch `footnote' on input line 58.
Package microtype Info: Applying patch `verbatim' on input line 58.
Package microtype Info: Generating PDF output.
Package microtype Info: Character protrusion enabled (level 2).
Package microtype Info: Using default protrusion set `alltext'.
Package microtype Info: Automatic font expansion enabled (level 2),
(microtype)             stretch: 20, shrink: 20, step: 1, non-selected.
Package microtype Info: Using default expansion set `alltext-nott'.
LaTeX Info: Redefining \showhyphens on input line 58.
Package microtype Info: No adjustment of tracking.
Package microtype Info: No adjustment of spacing.
Package microtype Info: No adjustment of kerning.
(/usr/share/texlive/texmf-dist/tex/latex/microtype/mt-Palatino.cfg
File: mt-Palatino.cfg 2012/03/10 v1.0 microtype config. file: Palatino and simi
lar fonts (LBD)
)
Package microtype Info: Character `ﬆ' is missing
(microtype)             in font `TU/TeXGyrePagella(0)/m/n/10.95'.
(microtype)             Ignoring protrusion settings for this character.
Package microtype Info: Character `ﬅ' is missing
(microtype)             in font `TU/TeXGyrePagella(0)/m/n/10.95'.
(microtype)             Ignoring protrusion settings for this character.
Package microtype Info: Character `‥' is missing
(microtype)             in font `TU/TeXGyrePagella(0)/m/n/10.95'.
(microtype)             Ignoring protrusion settings for this character.
Package microtype Info: Character `‼' is missing
(microtype)             in font `TU/TeXGyrePagella(0)/m/n/10.95'.
(microtype)             Ignoring protrusion settings for this character.
Package microtype Info: Character `⁰' is missing
(microtype)             in font `TU/TeXGyrePagella(0)/m/n/10.95'.
(microtype)             Ignoring protrusion settings for this character.
Package microtype Info: Character `⁴' is missing
(microtype)             in font `TU/TeXGyrePagella(0)/m/n/10.95'.
(microtype)             Ignoring protrusion settings for this character.
Package microtype Info: Character `⁵' is missing
(microtype)             in font `TU/TeXGyrePagella(0)/m/n/10.95'.
(microtype)             Ignoring protrusion settings for this character.
Package microtype Info: Character `⁶' is missing
(microtype)             in font `TU/TeXGyrePagella(0)/m/n/10.95'.
(microtype)             Ignoring protrusion settings for this character.
Package microtype Info: Character `⁷' is missing
(microtype)             in font `TU/TeXGyrePagella(0)/m/n/10.95'.
(microtype)             Ignoring protrusion settings for this character.
Package microtype Info: Character `⁸' is missing
(microtype)             in font `TU/TeXGyrePagella(0)/m/n/10.95'.
(microtype)             Ignoring protrusion settings for this character.
Package microtype Info: Character `⁹' is missing
(microtype)             in font `TU/TeXGyrePagella(0)/m/n/10.95'.
(microtype)             Ignoring protrusion settings for this character.
Package microtype Info: Character `₀' is missing
(microtype)             in font `TU/TeXGyrePagella(0)/m/n/10.95'.
(microtype)             Ignoring protrusion settings for this character.
Package microtype Info: Character `₁' is missing
(microtype)             in font `TU/TeXGyrePagella(0)/m/n/10.95'.
(microtype)             Ignoring protrusion settings for this character.
Package microtype Info: Character `₂' is missing
(microtype)             in font `TU/TeXGyrePagella(0)/m/n/10.95'.
(microtype)             Ignoring protrusion settings for this character.
Package microtype Info: Character `₃' is missing
(microtype)             in font `TU/TeXGyrePagella(0)/m/n/10.95'.
(microtype)             Ignoring protrusion settings for this character.
Package microtype Info: Character `₄' is missing
(microtype)             in font `TU/TeXGyrePagella(0)/m/n/10.95'.
(microtype)             Ignoring protrusion settings for this character.
Package microtype Info: Character `₅' is missing
(microtype)             in font `TU/TeXGyrePagella(0)/m/n/10.95'.
(microtype)             Ignoring protrusion settings for this character.
Package microtype Info: Character `₆' is missing
(microtype)             in font `TU/TeXGyrePagella(0)/m/n/10.95'.
(microtype)             Ignoring protrusion settings for this character.
Package microtype Info: Character `₇' is missing
(microtype)             in font `TU/TeXGyrePagella(0)/m/n/10.95'.
(microtype)             Ignoring protrusion settings for this character.
Package microtype Info: Character `₈' is missing
(microtype)             in font `TU/TeXGyrePagella(0)/m/n/10.95'.
(microtype)             Ignoring protrusion settings for this character.
Package microtype Info: Character `₉' is missing
(microtype)             in font `TU/TeXGyrePagella(0)/m/n/10.95'.
(microtype)             Ignoring protrusion settings for this character.
Package microtype Info: Character `₊' is missing
(microtype)             in font `TU/TeXGyrePagella(0)/m/n/10.95'.
(microtype)             Ignoring protrusion settings for this character.
Package microtype Info: Character `₋' is missing
(microtype)             in font `TU/TeXGyrePagella(0)/m/n/10.95'.
(microtype)             Ignoring protrusion settings for this character.
Package microtype Info: Character `⁺' is missing
(microtype)             in font `TU/TeXGyrePagella(0)/m/n/10.95'.
(microtype)             Ignoring protrusion settings for this character.
Package microtype Info: Character `⁻' is missing
(microtype)             in font `TU/TeXGyrePagella(0)/m/n/10.95'.
(microtype)             Ignoring protrusion settings for this character.

(/usr/share/texlive/texmf-dist/tex/context/base/mkii/supp-pdf.mkii
[Loading MPS to PDF converter (version 2006.09.02).]
\scratchcounter=\count340
\scratchdimen=\dimen320
\scratchbox=\box70
\nofMPsegments=\count341
\nofMParguments=\count342
\everyMPshowfont=\toks54
\MPscratchCnt=\count343
\MPscratchDim=\dimen321
\MPnumerator=\count344
\makeMPintoPDFobject=\count345
\everyMPtoPDFconversion=\toks55
) (/usr/share/texlive/texmf-dist/tex/latex/epstopdf-pkg/epstopdf-base.sty
Package: epstopdf-base 2020-01-24 v2.11 Base part for package epstopdf
Package epstopdf-base Info: Redefining graphics rule for `.eps' on input line 4
85.

(/usr/share/texlive/texmf-dist/tex/latex/latexconfig/epstopdf-sys.cfg
File: epstopdf-sys.cfg 2010/07/13 v1.3 Configuration of (r)epstopdf for TeX Liv
e
))
Package pgfplots notification 'compat/show suggested version=true': you might b
enefit from \pgfplotsset{compat=1.18} (current compat level: 1.17).

Package hyperref Info: Link coloring ON on input line 58.
(./waves-of-collapse.out) (./waves-of-collapse.out)
\@outlinefile=\write4

\openout4 = waves-of-collapse.out
Package microtype Info: Character `ﬆ' is missing
(microtype)             in font `TU/TeXGyrePagella(0)/m/n/17.28'.
(microtype)             Ignoring protrusion settings for this character.
Package microtype Info: Character `ﬅ' is missing
(microtype)             in font `TU/TeXGyrePagella(0)/m/n/17.28'.
(microtype)             Ignoring protrusion settings for this character.
Package microtype Info: Character `‥' is missing
(microtype)             in font `TU/TeXGyrePagella(0)/m/n/17.28'.
(microtype)             Ignoring protrusion settings for this character.
Package microtype Info: Character `‼' is missing
(microtype)             in font `TU/TeXGyrePagella(0)/m/n/17.28'.
(microtype)             Ignoring protrusion settings for this character.
Package microtype Info: Character `⁰' is missing
(microtype)             in font `TU/TeXGyrePagella(0)/m/n/17.28'.
(microtype)             Ignoring protrusion settings for this character.
Package microtype Info: Character `⁴' is missing
(microtype)             in font `TU/TeXGyrePagella(0)/m/n/17.28'.
(microtype)             Ignoring protrusion settings for this character.
Package microtype Info: Character `⁵' is missing
(microtype)             in font `TU/TeXGyrePagella(0)/m/n/17.28'.
(microtype)             Ignoring protrusion settings for this character.
Package microtype Info: Character `⁶' is missing
(microtype)             in font `TU/TeXGyrePagella(0)/m/n/17.28'.
(microtype)             Ignoring protrusion settings for this character.
Package microtype Info: Character `⁷' is missing
(microtype)             in font `TU/TeXGyrePagella(0)/m/n/17.28'.
(microtype)             Ignoring protrusion settings for this character.
Package microtype Info: Character `⁸' is missing
(microtype)             in font `TU/TeXGyrePagella(0)/m/n/17.28'.
(microtype)             Ignoring protrusion settings for this character.
Package microtype Info: Character `⁹' is missing
(microtype)             in font `TU/TeXGyrePagella(0)/m/n/17.28'.
(microtype)             Ignoring protrusion settings for this character.
Package microtype Info: Character `₀' is missing
(microtype)             in font `TU/TeXGyrePagella(0)/m/n/17.28'.
(microtype)             Ignoring protrusion settings for this character.
Package microtype Info: Character `₁' is missing
(microtype)             in font `TU/TeXGyrePagella(0)/m/n/17.28'.
(microtype)             Ignoring protrusion settings for this character.
Package microtype Info: Character `₂' is missing
(microtype)             in font `TU/TeXGyrePagella(0)/m/n/17.28'.
(microtype)             Ignoring protrusion settings for this character.
Package microtype Info: Character `₃' is missing
(microtype)             in font `TU/TeXGyrePagella(0)/m/n/17.28'.
(microtype)             Ignoring protrusion settings for this character.
Package microtype Info: Character `₄' is missing
(microtype)             in font `TU/TeXGyrePagella(0)/m/n/17.28'.
(microtype)             Ignoring protrusion settings for this character.
Package microtype Info: Character `₅' is missing
(microtype)             in font `TU/TeXGyrePagella(0)/m/n/17.28'.
(microtype)             Ignoring protrusion settings for this character.
Package microtype Info: Character `₆' is missing
(microtype)             in font `TU/TeXGyrePagella(0)/m/n/17.28'.
(microtype)             Ignoring protrusion settings for this character.
Package microtype Info: Character `₇' is missing
(microtype)             in font `TU/TeXGyrePagella(0)/m/n/17.28'.
(microtype)             Ignoring protrusion settings for this character.
Package microtype Info: Character `₈' is missing
(microtype)             in font `TU/TeXGyrePagella(0)/m/n/17.28'.
(microtype)             Ignoring protrusion settings for this character.
Package microtype Info: Character `₉' is missing
(microtype)             in font `TU/TeXGyrePagella(0)/m/n/17.28'.
(microtype)             Ignoring protrusion settings for this character.
Package microtype Info: Character `₊' is missing
(microtype)             in font `TU/TeXGyrePagella(0)/m/n/17.28'.
(microtype)             Ignoring protrusion settings for this character.
Package microtype Info: Character `₋' is missing
(microtype)             in font `TU/TeXGyrePagella(0)/m/n/17.28'.
(microtype)             Ignoring protrusion settings for this character.
Package microtype Info: Character `⁺' is missing
(microtype)             in font `TU/TeXGyrePagella(0)/m/n/17.28'.
(microtype)             Ignoring protrusion settings for this character.
Package microtype Info: Character `⁻' is missing
(microtype)             in font `TU/TeXGyrePagella(0)/m/n/17.28'.
(microtype)             Ignoring protrusion settings for this character.
Package microtype Info: Character `ﬆ' is missing
(microtype)             in font `TU/TeXGyrePagella(0)/m/n/24.88'.
(microtype)             Ignoring protrusion settings for this character.
Package microtype Info: Character `ﬅ' is missing
(microtype)             in font `TU/TeXGyrePagella(0)/m/n/24.88'.
(microtype)             Ignoring protrusion settings for this character.
Package microtype Info: Character `‥' is missing
(microtype)             in font `TU/TeXGyrePagella(0)/m/n/24.88'.
(microtype)             Ignoring protrusion settings for this character.
Package microtype Info: Character `‼' is missing
(microtype)             in font `TU/TeXGyrePagella(0)/m/n/24.88'.
(microtype)             Ignoring protrusion settings for this character.
Package microtype Info: Character `⁰' is missing
(microtype)             in font `TU/TeXGyrePagella(0)/m/n/24.88'.
(microtype)             Ignoring protrusion settings for this character.
Package microtype Info: Character `⁴' is missing
(microtype)             in font `TU/TeXGyrePagella(0)/m/n/24.88'.
(microtype)             Ignoring protrusion settings for this character.
Package microtype Info: Character `⁵' is missing
(microtype)             in font `TU/TeXGyrePagella(0)/m/n/24.88'.
(microtype)             Ignoring protrusion settings for this character.
Package microtype Info: Character `⁶' is missing
(microtype)             in font `TU/TeXGyrePagella(0)/m/n/24.88'.
(microtype)             Ignoring protrusion settings for this character.
Package microtype Info: Character `⁷' is missing
(microtype)             in font `TU/TeXGyrePagella(0)/m/n/24.88'.
(microtype)             Ignoring protrusion settings for this character.
Package microtype Info: Character `⁸' is missing
(microtype)             in font `TU/TeXGyrePagella(0)/m/n/24.88'.
(microtype)             Ignoring protrusion settings for this character.
Package microtype Info: Character `⁹' is missing
(microtype)             in font `TU/TeXGyrePagella(0)/m/n/24.88'.
(microtype)             Ignoring protrusion settings for this character.
Package microtype Info: Character `₀' is missing
(microtype)             in font `TU/TeXGyrePagella(0)/m/n/24.88'.
(microtype)             Ignoring protrusion settings for this character.
Package microtype Info: Character `₁' is missing
(microtype)             in font `TU/TeXGyrePagella(0)/m/n/24.88'.
(microtype)             Ignoring protrusion settings for this character.
Package microtype Info: Character `₂' is missing
(microtype)             in font `TU/TeXGyrePagella(0)/m/n/24.88'.
(microtype)             Ignoring protrusion settings for this character.
Package microtype Info: Character `₃' is missing
(microtype)             in font `TU/TeXGyrePagella(0)/m/n/24.88'.
(microtype)             Ignoring protrusion settings for this character.
Package microtype Info: Character `₄' is missing
(microtype)             in font `TU/TeXGyrePagella(0)/m/n/24.88'.
(microtype)             Ignoring protrusion settings for this character.
Package microtype Info: Character `₅' is missing
(microtype)             in font `TU/TeXGyrePagella(0)/m/n/24.88'.
(microtype)             Ignoring protrusion settings for this character.
Package microtype Info: Character `₆' is missing
(microtype)             in font `TU/TeXGyrePagella(0)/m/n/24.88'.
(microtype)             Ignoring protrusion settings for this character.
Package microtype Info: Character `₇' is missing
(microtype)             in font `TU/TeXGyrePagella(0)/m/n/24.88'.
(microtype)             Ignoring protrusion settings for this character.
Package microtype Info: Character `₈' is missing
(microtype)             in font `TU/TeXGyrePagella(0)/m/n/24.88'.
(microtype)             Ignoring protrusion settings for this character.
Package microtype Info: Character `₉' is missing
(microtype)             in font `TU/TeXGyrePagella(0)/m/n/24.88'.
(microtype)             Ignoring protrusion settings for this character.
Package microtype Info: Character `₊' is missing
(microtype)             in font `TU/TeXGyrePagella(0)/m/n/24.88'.
(microtype)             Ignoring protrusion settings for this character.
Package microtype Info: Character `₋' is missing
(microtype)             in font `TU/TeXGyrePagella(0)/m/n/24.88'.
(microtype)             Ignoring protrusion settings for this character.
Package microtype Info: Character `⁺' is missing
(microtype)             in font `TU/TeXGyrePagella(0)/m/n/24.88'.
(microtype)             Ignoring protrusion settings for this character.
Package microtype Info: Character `⁻' is missing
(microtype)             in font `TU/TeXGyrePagella(0)/m/n/24.88'.
(microtype)             Ignoring protrusion settings for this character.
Package microtype Info: Character `ﬆ' is missing
(microtype)             in font `TU/TeXGyrePagella(0)/b/n/24.88'.
(microtype)             Ignoring protrusion settings for this character.
Package microtype Info: Character `ﬅ' is missing
(microtype)             in font `TU/TeXGyrePagella(0)/b/n/24.88'.
(microtype)             Ignoring protrusion settings for this character.
Package microtype Info: Character `‥' is missing
(microtype)             in font `TU/TeXGyrePagella(0)/b/n/24.88'.
(microtype)             Ignoring protrusion settings for this character.
Package microtype Info: Character `‼' is missing
(microtype)             in font `TU/TeXGyrePagella(0)/b/n/24.88'.
(microtype)             Ignoring protrusion settings for this character.
Package microtype Info: Character `⁰' is missing
(microtype)             in font `TU/TeXGyrePagella(0)/b/n/24.88'.
(microtype)             Ignoring protrusion settings for this character.
Package microtype Info: Character `⁴' is missing
(microtype)             in font `TU/TeXGyrePagella(0)/b/n/24.88'.
(microtype)             Ignoring protrusion settings for this character.
Package microtype Info: Character `⁵' is missing
(microtype)             in font `TU/TeXGyrePagella(0)/b/n/24.88'.
(microtype)             Ignoring protrusion settings for this character.
Package microtype Info: Character `⁶' is missing
(microtype)             in font `TU/TeXGyrePagella(0)/b/n/24.88'.
(microtype)             Ignoring protrusion settings for this character.
Package microtype Info: Character `⁷' is missing
(microtype)             in font `TU/TeXGyrePagella(0)/b/n/24.88'.
(microtype)             Ignoring protrusion settings for this character.
Package microtype Info: Character `⁸' is missing
(microtype)             in font `TU/TeXGyrePagella(0)/b/n/24.88'.
(microtype)             Ignoring protrusion settings for this character.
Package microtype Info: Character `⁹' is missing
(microtype)             in font `TU/TeXGyrePagella(0)/b/n/24.88'.
(microtype)             Ignoring protrusion settings for this character.
Package microtype Info: Character `₀' is missing
(microtype)             in font `TU/TeXGyrePagella(0)/b/n/24.88'.
(microtype)             Ignoring protrusion settings for this character.
Package microtype Info: Character `₁' is missing
(microtype)             in font `TU/TeXGyrePagella(0)/b/n/24.88'.
(microtype)             Ignoring protrusion settings for this character.
Package microtype Info: Character `₂' is missing
(microtype)             in font `TU/TeXGyrePagella(0)/b/n/24.88'.
(microtype)             Ignoring protrusion settings for this character.
Package microtype Info: Character `₃' is missing
(microtype)             in font `TU/TeXGyrePagella(0)/b/n/24.88'.
(microtype)             Ignoring protrusion settings for this character.
Package microtype Info: Character `₄' is missing
(microtype)             in font `TU/TeXGyrePagella(0)/b/n/24.88'.
(microtype)             Ignoring protrusion settings for this character.
Package microtype Info: Character `₅' is missing
(microtype)             in font `TU/TeXGyrePagella(0)/b/n/24.88'.
(microtype)             Ignoring protrusion settings for this character.
Package microtype Info: Character `₆' is missing
(microtype)             in font `TU/TeXGyrePagella(0)/b/n/24.88'.
(microtype)             Ignoring protrusion settings for this character.
Package microtype Info: Character `₇' is missing
(microtype)             in font `TU/TeXGyrePagella(0)/b/n/24.88'.
(microtype)             Ignoring protrusion settings for this character.
Package microtype Info: Character `₈' is missing
(microtype)             in font `TU/TeXGyrePagella(0)/b/n/24.88'.
(microtype)             Ignoring protrusion settings for this character.
Package microtype Info: Character `₉' is missing
(microtype)             in font `TU/TeXGyrePagella(0)/b/n/24.88'.
(microtype)             Ignoring protrusion settings for this character.
Package microtype Info: Character `₊' is missing
(microtype)             in font `TU/TeXGyrePagella(0)/b/n/24.88'.
(microtype)             Ignoring protrusion settings for this character.
Package microtype Info: Character `₋' is missing
(microtype)             in font `TU/TeXGyrePagella(0)/b/n/24.88'.
(microtype)             Ignoring protrusion settings for this character.
Package microtype Info: Character `⁺' is missing
(microtype)             in font `TU/TeXGyrePagella(0)/b/n/24.88'.
(microtype)             Ignoring protrusion settings for this character.
Package microtype Info: Character `⁻' is missing
(microtype)             in font `TU/TeXGyrePagella(0)/b/n/24.88'.
(microtype)             Ignoring protrusion settings for this character.
Package microtype Info: Character `ﬆ' is missing
(microtype)             in font `TU/TeXGyrePagella(0)/m/n/12'.
(microtype)             Ignoring protrusion settings for this character.
Package microtype Info: Character `ﬅ' is missing
(microtype)             in font `TU/TeXGyrePagella(0)/m/n/12'.
(microtype)             Ignoring protrusion settings for this character.
Package microtype Info: Character `‥' is missing
(microtype)             in font `TU/TeXGyrePagella(0)/m/n/12'.
(microtype)             Ignoring protrusion settings for this character.
Package microtype Info: Character `‼' is missing
(microtype)             in font `TU/TeXGyrePagella(0)/m/n/12'.
(microtype)             Ignoring protrusion settings for this character.
Package microtype Info: Character `⁰' is missing
(microtype)             in font `TU/TeXGyrePagella(0)/m/n/12'.
(microtype)             Ignoring protrusion settings for this character.
Package microtype Info: Character `⁴' is missing
(microtype)             in font `TU/TeXGyrePagella(0)/m/n/12'.
(microtype)             Ignoring protrusion settings for this character.
Package microtype Info: Character `⁵' is missing
(microtype)             in font `TU/TeXGyrePagella(0)/m/n/12'.
(microtype)             Ignoring protrusion settings for this character.
Package microtype Info: Character `⁶' is missing
(microtype)             in font `TU/TeXGyrePagella(0)/m/n/12'.
(microtype)             Ignoring protrusion settings for this character.
Package microtype Info: Character `⁷' is missing
(microtype)             in font `TU/TeXGyrePagella(0)/m/n/12'.
(microtype)             Ignoring protrusion settings for this character.
Package microtype Info: Character `⁸' is missing
(microtype)             in font `TU/TeXGyrePagella(0)/m/n/12'.
(microtype)             Ignoring protrusion settings for this character.
Package microtype Info: Character `⁹' is missing
(microtype)             in font `TU/TeXGyrePagella(0)/m/n/12'.
(microtype)             Ignoring protrusion settings for this character.
Package microtype Info: Character `₀' is missing
(microtype)             in font `TU/TeXGyrePagella(0)/m/n/12'.
(microtype)             Ignoring protrusion settings for this character.
Package microtype Info: Character `₁' is missing
(microtype)             in font `TU/TeXGyrePagella(0)/m/n/12'.
(microtype)             Ignoring protrusion settings for this character.
Package microtype Info: Character `₂' is missing
(microtype)             in font `TU/TeXGyrePagella(0)/m/n/12'.
(microtype)             Ignoring protrusion settings for this character.
Package microtype Info: Character `₃' is missing
(microtype)             in font `TU/TeXGyrePagella(0)/m/n/12'.
(microtype)             Ignoring protrusion settings for this character.
Package microtype Info: Character `₄' is missing
(microtype)             in font `TU/TeXGyrePagella(0)/m/n/12'.
(microtype)             Ignoring protrusion settings for this character.
Package microtype Info: Character `₅' is missing
(microtype)             in font `TU/TeXGyrePagella(0)/m/n/12'.
(microtype)             Ignoring protrusion settings for this character.
Package microtype Info: Character `₆' is missing
(microtype)             in font `TU/TeXGyrePagella(0)/m/n/12'.
(microtype)             Ignoring protrusion settings for this character.
Package microtype Info: Character `₇' is missing
(microtype)             in font `TU/TeXGyrePagella(0)/m/n/12'.
(microtype)             Ignoring protrusion settings for this character.
Package microtype Info: Character `₈' is missing
(microtype)             in font `TU/TeXGyrePagella(0)/m/n/12'.
(microtype)             Ignoring protrusion settings for this character.
Package microtype Info: Character `₉' is missing
(microtype)             in font `TU/TeXGyrePagella(0)/m/n/12'.
(microtype)             Ignoring protrusion settings for this character.
Package microtype Info: Character `₊' is missing
(microtype)             in font `TU/TeXGyrePagella(0)/m/n/12'.
(microtype)             Ignoring protrusion settings for this character.
Package microtype Info: Character `₋' is missing
(microtype)             in font `TU/TeXGyrePagella(0)/m/n/12'.
(microtype)             Ignoring protrusion settings for this character.
Package microtype Info: Character `⁺' is missing
(microtype)             in font `TU/TeXGyrePagella(0)/m/n/12'.
(microtype)             Ignoring protrusion settings for this character.
Package microtype Info: Character `⁻' is missing
(microtype)             in font `TU/TeXGyrePagella(0)/m/n/12'.
(microtype)             Ignoring protrusion settings for this character.
Package microtype Info: Character `ﬆ' is missing
(microtype)             in font `TU/TeXGyrePagella(0)/m/n/8'.
(microtype)             Ignoring protrusion settings for this character.
Package microtype Info: Character `ﬅ' is missing
(microtype)             in font `TU/TeXGyrePagella(0)/m/n/8'.
(microtype)             Ignoring protrusion settings for this character.
Package microtype Info: Character `‥' is missing
(microtype)             in font `TU/TeXGyrePagella(0)/m/n/8'.
(microtype)             Ignoring protrusion settings for this character.
Package microtype Info: Character `‼' is missing
(microtype)             in font `TU/TeXGyrePagella(0)/m/n/8'.
(microtype)             Ignoring protrusion settings for this character.
Package microtype Info: Character `⁰' is missing
(microtype)             in font `TU/TeXGyrePagella(0)/m/n/8'.
(microtype)             Ignoring protrusion settings for this character.
Package microtype Info: Character `⁴' is missing
(microtype)             in font `TU/TeXGyrePagella(0)/m/n/8'.
(microtype)             Ignoring protrusion settings for this character.
Package microtype Info: Character `⁵' is missing
(microtype)             in font `TU/TeXGyrePagella(0)/m/n/8'.
(microtype)             Ignoring protrusion settings for this character.
Package microtype Info: Character `⁶' is missing
(microtype)             in font `TU/TeXGyrePagella(0)/m/n/8'.
(microtype)             Ignoring protrusion settings for this character.
Package microtype Info: Character `⁷' is missing
(microtype)             in font `TU/TeXGyrePagella(0)/m/n/8'.
(microtype)             Ignoring protrusion settings for this character.
Package microtype Info: Character `⁸' is missing
(microtype)             in font `TU/TeXGyrePagella(0)/m/n/8'.
(microtype)             Ignoring protrusion settings for this character.
Package microtype Info: Character `⁹' is missing
(microtype)             in font `TU/TeXGyrePagella(0)/m/n/8'.
(microtype)             Ignoring protrusion settings for this character.
Package microtype Info: Character `₀' is missing
(microtype)             in font `TU/TeXGyrePagella(0)/m/n/8'.
(microtype)             Ignoring protrusion settings for this character.
Package microtype Info: Character `₁' is missing
(microtype)             in font `TU/TeXGyrePagella(0)/m/n/8'.
(microtype)             Ignoring protrusion settings for this character.
Package microtype Info: Character `₂' is missing
(microtype)             in font `TU/TeXGyrePagella(0)/m/n/8'.
(microtype)             Ignoring protrusion settings for this character.
Package microtype Info: Character `₃' is missing
(microtype)             in font `TU/TeXGyrePagella(0)/m/n/8'.
(microtype)             Ignoring protrusion settings for this character.
Package microtype Info: Character `₄' is missing
(microtype)             in font `TU/TeXGyrePagella(0)/m/n/8'.
(microtype)             Ignoring protrusion settings for this character.
Package microtype Info: Character `₅' is missing
(microtype)             in font `TU/TeXGyrePagella(0)/m/n/8'.
(microtype)             Ignoring protrusion settings for this character.
Package microtype Info: Character `₆' is missing
(microtype)             in font `TU/TeXGyrePagella(0)/m/n/8'.
(microtype)             Ignoring protrusion settings for this character.
Package microtype Info: Character `₇' is missing
(microtype)             in font `TU/TeXGyrePagella(0)/m/n/8'.
(microtype)             Ignoring protrusion settings for this character.
Package microtype Info: Character `₈' is missing
(microtype)             in font `TU/TeXGyrePagella(0)/m/n/8'.
(microtype)             Ignoring protrusion settings for this character.
Package microtype Info: Character `₉' is missing
(microtype)             in font `TU/TeXGyrePagella(0)/m/n/8'.
(microtype)             Ignoring protrusion settings for this character.
Package microtype Info: Character `₊' is missing
(microtype)             in font `TU/TeXGyrePagella(0)/m/n/8'.
(microtype)             Ignoring protrusion settings for this character.
Package microtype Info: Character `₋' is missing
(microtype)             in font `TU/TeXGyrePagella(0)/m/n/8'.
(microtype)             Ignoring protrusion settings for this character.
Package microtype Info: Character `⁺' is missing
(microtype)             in font `TU/TeXGyrePagella(0)/m/n/8'.
(microtype)             Ignoring protrusion settings for this character.
Package microtype Info: Character `⁻' is missing
(microtype)             in font `TU/TeXGyrePagella(0)/m/n/8'.
(microtype)             Ignoring protrusion settings for this character.
Package microtype Info: Character `ﬆ' is missing
(microtype)             in font `TU/TeXGyrePagella(0)/m/n/6'.
(microtype)             Ignoring protrusion settings for this character.
Package microtype Info: Character `ﬅ' is missing
(microtype)             in font `TU/TeXGyrePagella(0)/m/n/6'.
(microtype)             Ignoring protrusion settings for this character.
Package microtype Info: Character `‥' is missing
(microtype)             in font `TU/TeXGyrePagella(0)/m/n/6'.
(microtype)             Ignoring protrusion settings for this character.
Package microtype Info: Character `‼' is missing
(microtype)             in font `TU/TeXGyrePagella(0)/m/n/6'.
(microtype)             Ignoring protrusion settings for this character.
Package microtype Info: Character `⁰' is missing
(microtype)             in font `TU/TeXGyrePagella(0)/m/n/6'.
(microtype)             Ignoring protrusion settings for this character.
Package microtype Info: Character `⁴' is missing
(microtype)             in font `TU/TeXGyrePagella(0)/m/n/6'.
(microtype)             Ignoring protrusion settings for this character.
Package microtype Info: Character `⁵' is missing
(microtype)             in font `TU/TeXGyrePagella(0)/m/n/6'.
(microtype)             Ignoring protrusion settings for this character.
Package microtype Info: Character `⁶' is missing
(microtype)             in font `TU/TeXGyrePagella(0)/m/n/6'.
(microtype)             Ignoring protrusion settings for this character.
Package microtype Info: Character `⁷' is missing
(microtype)             in font `TU/TeXGyrePagella(0)/m/n/6'.
(microtype)             Ignoring protrusion settings for this character.
Package microtype Info: Character `⁸' is missing
(microtype)             in font `TU/TeXGyrePagella(0)/m/n/6'.
(microtype)             Ignoring protrusion settings for this character.
Package microtype Info: Character `⁹' is missing
(microtype)             in font `TU/TeXGyrePagella(0)/m/n/6'.
(microtype)             Ignoring protrusion settings for this character.
Package microtype Info: Character `₀' is missing
(microtype)             in font `TU/TeXGyrePagella(0)/m/n/6'.
(microtype)             Ignoring protrusion settings for this character.
Package microtype Info: Character `₁' is missing
(microtype)             in font `TU/TeXGyrePagella(0)/m/n/6'.
(microtype)             Ignoring protrusion settings for this character.
Package microtype Info: Character `₂' is missing
(microtype)             in font `TU/TeXGyrePagella(0)/m/n/6'.
(microtype)             Ignoring protrusion settings for this character.
Package microtype Info: Character `₃' is missing
(microtype)             in font `TU/TeXGyrePagella(0)/m/n/6'.
(microtype)             Ignoring protrusion settings for this character.
Package microtype Info: Character `₄' is missing
(microtype)             in font `TU/TeXGyrePagella(0)/m/n/6'.
(microtype)             Ignoring protrusion settings for this character.
Package microtype Info: Character `₅' is missing
(microtype)             in font `TU/TeXGyrePagella(0)/m/n/6'.
(microtype)             Ignoring protrusion settings for this character.
Package microtype Info: Character `₆' is missing
(microtype)             in font `TU/TeXGyrePagella(0)/m/n/6'.
(microtype)             Ignoring protrusion settings for this character.
Package microtype Info: Character `₇' is missing
(microtype)             in font `TU/TeXGyrePagella(0)/m/n/6'.
(microtype)             Ignoring protrusion settings for this character.
Package microtype Info: Character `₈' is missing
(microtype)             in font `TU/TeXGyrePagella(0)/m/n/6'.
(microtype)             Ignoring protrusion settings for this character.
Package microtype Info: Character `₉' is missing
(microtype)             in font `TU/TeXGyrePagella(0)/m/n/6'.
(microtype)             Ignoring protrusion settings for this character.
Package microtype Info: Character `₊' is missing
(microtype)             in font `TU/TeXGyrePagella(0)/m/n/6'.
(microtype)             Ignoring protrusion settings for this character.
Package microtype Info: Character `₋' is missing
(microtype)             in font `TU/TeXGyrePagella(0)/m/n/6'.
(microtype)             Ignoring protrusion settings for this character.
Package microtype Info: Character `⁺' is missing
(microtype)             in font `TU/TeXGyrePagella(0)/m/n/6'.
(microtype)             Ignoring protrusion settings for this character.
Package microtype Info: Character `⁻' is missing
(microtype)             in font `TU/TeXGyrePagella(0)/m/n/6'.
(microtype)             Ignoring protrusion settings for this character.
LaTeX Font Info:    Trying to load font information for U+msa on input line 61.


(/usr/share/texlive/texmf-dist/tex/latex/amsfonts/umsa.fd
File: umsa.fd 2013/01/14 v3.01 AMS symbols A
)
(/usr/share/texlive/texmf-dist/tex/latex/microtype/mt-msa.cfg
File: mt-msa.cfg 2006/02/04 v1.1 microtype config. file: AMS symbols (a) (RS)
)
LaTeX Font Info:    Trying to load font information for U+msb on input line 61.


(/usr/share/texlive/texmf-dist/tex/latex/amsfonts/umsb.fd
File: umsb.fd 2013/01/14 v3.01 AMS symbols B
)
(/usr/share/texlive/texmf-dist/tex/latex/microtype/mt-msb.cfg
File: mt-msb.cfg 2005/06/01 v1.0 microtype config. file: AMS symbols (b) (RS)
)
(/usr/share/texlive/texmf-dist/tex/latex/microtype/mt-cmr.cfg
File: mt-cmr.cfg 2013/05/19 v2.2 microtype config. file: Computer Modern Roman 
(RS)
) [1



{/var/lib/texmf/fonts/map/pdftex/updmap/pdftex.map}]
Package microtype Info: Character `ﬆ' is missing
(microtype)             in font `TU/TeXGyrePagella(0)/m/n/20.74'.
(microtype)             Ignoring protrusion settings for this character.
Package microtype Info: Character `ﬅ' is missing
(microtype)             in font `TU/TeXGyrePagella(0)/m/n/20.74'.
(microtype)             Ignoring protrusion settings for this character.
Package microtype Info: Character `‥' is missing
(microtype)             in font `TU/TeXGyrePagella(0)/m/n/20.74'.
(microtype)             Ignoring protrusion settings for this character.
Package microtype Info: Character `‼' is missing
(microtype)             in font `TU/TeXGyrePagella(0)/m/n/20.74'.
(microtype)             Ignoring protrusion settings for this character.
Package microtype Info: Character `⁰' is missing
(microtype)             in font `TU/TeXGyrePagella(0)/m/n/20.74'.
(microtype)             Ignoring protrusion settings for this character.
Package microtype Info: Character `⁴' is missing
(microtype)             in font `TU/TeXGyrePagella(0)/m/n/20.74'.
(microtype)             Ignoring protrusion settings for this character.
Package microtype Info: Character `⁵' is missing
(microtype)             in font `TU/TeXGyrePagella(0)/m/n/20.74'.
(microtype)             Ignoring protrusion settings for this character.
Package microtype Info: Character `⁶' is missing
(microtype)             in font `TU/TeXGyrePagella(0)/m/n/20.74'.
(microtype)             Ignoring protrusion settings for this character.
Package microtype Info: Character `⁷' is missing
(microtype)             in font `TU/TeXGyrePagella(0)/m/n/20.74'.
(microtype)             Ignoring protrusion settings for this character.
Package microtype Info: Character `⁸' is missing
(microtype)             in font `TU/TeXGyrePagella(0)/m/n/20.74'.
(microtype)             Ignoring protrusion settings for this character.
Package microtype Info: Character `⁹' is missing
(microtype)             in font `TU/TeXGyrePagella(0)/m/n/20.74'.
(microtype)             Ignoring protrusion settings for this character.
Package microtype Info: Character `₀' is missing
(microtype)             in font `TU/TeXGyrePagella(0)/m/n/20.74'.
(microtype)             Ignoring protrusion settings for this character.
Package microtype Info: Character `₁' is missing
(microtype)             in font `TU/TeXGyrePagella(0)/m/n/20.74'.
(microtype)             Ignoring protrusion settings for this character.
Package microtype Info: Character `₂' is missing
(microtype)             in font `TU/TeXGyrePagella(0)/m/n/20.74'.
(microtype)             Ignoring protrusion settings for this character.
Package microtype Info: Character `₃' is missing
(microtype)             in font `TU/TeXGyrePagella(0)/m/n/20.74'.
(microtype)             Ignoring protrusion settings for this character.
Package microtype Info: Character `₄' is missing
(microtype)             in font `TU/TeXGyrePagella(0)/m/n/20.74'.
(microtype)             Ignoring protrusion settings for this character.
Package microtype Info: Character `₅' is missing
(microtype)             in font `TU/TeXGyrePagella(0)/m/n/20.74'.
(microtype)             Ignoring protrusion settings for this character.
Package microtype Info: Character `₆' is missing
(microtype)             in font `TU/TeXGyrePagella(0)/m/n/20.74'.
(microtype)             Ignoring protrusion settings for this character.
Package microtype Info: Character `₇' is missing
(microtype)             in font `TU/TeXGyrePagella(0)/m/n/20.74'.
(microtype)             Ignoring protrusion settings for this character.
Package microtype Info: Character `₈' is missing
(microtype)             in font `TU/TeXGyrePagella(0)/m/n/20.74'.
(microtype)             Ignoring protrusion settings for this character.
Package microtype Info: Character `₉' is missing
(microtype)             in font `TU/TeXGyrePagella(0)/m/n/20.74'.
(microtype)             Ignoring protrusion settings for this character.
Package microtype Info: Character `₊' is missing
(microtype)             in font `TU/TeXGyrePagella(0)/m/n/20.74'.
(microtype)             Ignoring protrusion settings for this character.
Package microtype Info: Character `₋' is missing
(microtype)             in font `TU/TeXGyrePagella(0)/m/n/20.74'.
(microtype)             Ignoring protrusion settings for this character.
Package microtype Info: Character `⁺' is missing
(microtype)             in font `TU/TeXGyrePagella(0)/m/n/20.74'.
(microtype)             Ignoring protrusion settings for this character.
Package microtype Info: Character `⁻' is missing
(microtype)             in font `TU/TeXGyrePagella(0)/m/n/20.74'.
(microtype)             Ignoring protrusion settings for this character.
Package microtype Info: Character `ﬆ' is missing
(microtype)             in font `TU/TeXGyrePagella(0)/b/n/20.74'.
(microtype)             Ignoring protrusion settings for this character.
Package microtype Info: Character `ﬅ' is missing
(microtype)             in font `TU/TeXGyrePagella(0)/b/n/20.74'.
(microtype)             Ignoring protrusion settings for this character.
Package microtype Info: Character `‥' is missing
(microtype)             in font `TU/TeXGyrePagella(0)/b/n/20.74'.
(microtype)             Ignoring protrusion settings for this character.
Package microtype Info: Character `‼' is missing
(microtype)             in font `TU/TeXGyrePagella(0)/b/n/20.74'.
(microtype)             Ignoring protrusion settings for this character.
Package microtype Info: Character `⁰' is missing
(microtype)             in font `TU/TeXGyrePagella(0)/b/n/20.74'.
(microtype)             Ignoring protrusion settings for this character.
Package microtype Info: Character `⁴' is missing
(microtype)             in font `TU/TeXGyrePagella(0)/b/n/20.74'.
(microtype)             Ignoring protrusion settings for this character.
Package microtype Info: Character `⁵' is missing
(microtype)             in font `TU/TeXGyrePagella(0)/b/n/20.74'.
(microtype)             Ignoring protrusion settings for this character.
Package microtype Info: Character `⁶' is missing
(microtype)             in font `TU/TeXGyrePagella(0)/b/n/20.74'.
(microtype)             Ignoring protrusion settings for this character.
Package microtype Info: Character `⁷' is missing
(microtype)             in font `TU/TeXGyrePagella(0)/b/n/20.74'.
(microtype)             Ignoring protrusion settings for this character.
Package microtype Info: Character `⁸' is missing
(microtype)             in font `TU/TeXGyrePagella(0)/b/n/20.74'.
(microtype)             Ignoring protrusion settings for this character.
Package microtype Info: Character `⁹' is missing
(microtype)             in font `TU/TeXGyrePagella(0)/b/n/20.74'.
(microtype)             Ignoring protrusion settings for this character.
Package microtype Info: Character `₀' is missing
(microtype)             in font `TU/TeXGyrePagella(0)/b/n/20.74'.
(microtype)             Ignoring protrusion settings for this character.
Package microtype Info: Character `₁' is missing
(microtype)             in font `TU/TeXGyrePagella(0)/b/n/20.74'.
(microtype)             Ignoring protrusion settings for this character.
Package microtype Info: Character `₂' is missing
(microtype)             in font `TU/TeXGyrePagella(0)/b/n/20.74'.
(microtype)             Ignoring protrusion settings for this character.
Package microtype Info: Character `₃' is missing
(microtype)             in font `TU/TeXGyrePagella(0)/b/n/20.74'.
(microtype)             Ignoring protrusion settings for this character.
Package microtype Info: Character `₄' is missing
(microtype)             in font `TU/TeXGyrePagella(0)/b/n/20.74'.
(microtype)             Ignoring protrusion settings for this character.
Package microtype Info: Character `₅' is missing
(microtype)             in font `TU/TeXGyrePagella(0)/b/n/20.74'.
(microtype)             Ignoring protrusion settings for this character.
Package microtype Info: Character `₆' is missing
(microtype)             in font `TU/TeXGyrePagella(0)/b/n/20.74'.
(microtype)             Ignoring protrusion settings for this character.
Package microtype Info: Character `₇' is missing
(microtype)             in font `TU/TeXGyrePagella(0)/b/n/20.74'.
(microtype)             Ignoring protrusion settings for this character.
Package microtype Info: Character `₈' is missing
(microtype)             in font `TU/TeXGyrePagella(0)/b/n/20.74'.
(microtype)             Ignoring protrusion settings for this character.
Package microtype Info: Character `₉' is missing
(microtype)             in font `TU/TeXGyrePagella(0)/b/n/20.74'.
(microtype)             Ignoring protrusion settings for this character.
Package microtype Info: Character `₊' is missing
(microtype)             in font `TU/TeXGyrePagella(0)/b/n/20.74'.
(microtype)             Ignoring protrusion settings for this character.
Package microtype Info: Character `₋' is missing
(microtype)             in font `TU/TeXGyrePagella(0)/b/n/20.74'.
(microtype)             Ignoring protrusion settings for this character.
Package microtype Info: Character `⁺' is missing
(microtype)             in font `TU/TeXGyrePagella(0)/b/n/20.74'.
(microtype)             Ignoring protrusion settings for this character.
Package microtype Info: Character `⁻' is missing
(microtype)             in font `TU/TeXGyrePagella(0)/b/n/20.74'.
(microtype)             Ignoring protrusion settings for this character.
Package microtype Info: Character `‥' is missing
(microtype)             in font `TU/TeXGyrePagella(0)/m/it/10.95'.
(microtype)             Ignoring protrusion settings for this character.
Package microtype Info: Character `⁰' is missing
(microtype)             in font `TU/TeXGyrePagella(0)/m/it/10.95'.
(microtype)             Ignoring protrusion settings for this character.
Package microtype Info: Character `⁴' is missing
(microtype)             in font `TU/TeXGyrePagella(0)/m/it/10.95'.
(microtype)             Ignoring protrusion settings for this character.
Package microtype Info: Character `⁵' is missing
(microtype)             in font `TU/TeXGyrePagella(0)/m/it/10.95'.
(microtype)             Ignoring protrusion settings for this character.
Package microtype Info: Character `⁶' is missing
(microtype)             in font `TU/TeXGyrePagella(0)/m/it/10.95'.
(microtype)             Ignoring protrusion settings for this character.
Package microtype Info: Character `⁷' is missing
(microtype)             in font `TU/TeXGyrePagella(0)/m/it/10.95'.
(microtype)             Ignoring protrusion settings for this character.
Package microtype Info: Character `⁸' is missing
(microtype)             in font `TU/TeXGyrePagella(0)/m/it/10.95'.
(microtype)             Ignoring protrusion settings for this character.
Package microtype Info: Character `⁹' is missing
(microtype)             in font `TU/TeXGyrePagella(0)/m/it/10.95'.
(microtype)             Ignoring protrusion settings for this character.
Package microtype Info: Character `₀' is missing
(microtype)             in font `TU/TeXGyrePagella(0)/m/it/10.95'.
(microtype)             Ignoring protrusion settings for this character.
Package microtype Info: Character `₁' is missing
(microtype)             in font `TU/TeXGyrePagella(0)/m/it/10.95'.
(microtype)             Ignoring protrusion settings for this character.
Package microtype Info: Character `₂' is missing
(microtype)             in font `TU/TeXGyrePagella(0)/m/it/10.95'.
(microtype)             Ignoring protrusion settings for this character.
Package microtype Info: Character `₃' is missing
(microtype)             in font `TU/TeXGyrePagella(0)/m/it/10.95'.
(microtype)             Ignoring protrusion settings for this character.
Package microtype Info: Character `₄' is missing
(microtype)             in font `TU/TeXGyrePagella(0)/m/it/10.95'.
(microtype)             Ignoring protrusion settings for this character.
Package microtype Info: Character `₅' is missing
(microtype)             in font `TU/TeXGyrePagella(0)/m/it/10.95'.
(microtype)             Ignoring protrusion settings for this character.
Package microtype Info: Character `₆' is missing
(microtype)             in font `TU/TeXGyrePagella(0)/m/it/10.95'.
(microtype)             Ignoring protrusion settings for this character.
Package microtype Info: Character `₇' is missing
(microtype)             in font `TU/TeXGyrePagella(0)/m/it/10.95'.
(microtype)             Ignoring protrusion settings for this character.
Package microtype Info: Character `₈' is missing
(microtype)             in font `TU/TeXGyrePagella(0)/m/it/10.95'.
(microtype)             Ignoring protrusion settings for this character.
Package microtype Info: Character `₉' is missing
(microtype)             in font `TU/TeXGyrePagella(0)/m/it/10.95'.
(microtype)             Ignoring protrusion settings for this character.
Package microtype Info: Character `₊' is missing
(microtype)             in font `TU/TeXGyrePagella(0)/m/it/10.95'.
(microtype)             Ignoring protrusion settings for this character.
Package microtype Info: Character `₋' is missing
(microtype)             in font `TU/TeXGyrePagella(0)/m/it/10.95'.
(microtype)             Ignoring protrusion settings for this character.
Package microtype Info: Character `⁺' is missing
(microtype)             in font `TU/TeXGyrePagella(0)/m/it/10.95'.
(microtype)             Ignoring protrusion settings for this character.
Package microtype Info: Character `⁻' is missing
(microtype)             in font `TU/TeXGyrePagella(0)/m/it/10.95'.
(microtype)             Ignoring protrusion settings for this character.
Package microtype Info: Character `ﬆ' is missing
(microtype)             in font `TU/TeXGyrePagella(0)/b/n/10.95'.
(microtype)             Ignoring protrusion settings for this character.
Package microtype Info: Character `ﬅ' is missing
(microtype)             in font `TU/TeXGyrePagella(0)/b/n/10.95'.
(microtype)             Ignoring protrusion settings for this character.
Package microtype Info: Character `‥' is missing
(microtype)             in font `TU/TeXGyrePagella(0)/b/n/10.95'.
(microtype)             Ignoring protrusion settings for this character.
Package microtype Info: Character `‼' is missing
(microtype)             in font `TU/TeXGyrePagella(0)/b/n/10.95'.
(microtype)             Ignoring protrusion settings for this character.
Package microtype Info: Character `⁰' is missing
(microtype)             in font `TU/TeXGyrePagella(0)/b/n/10.95'.
(microtype)             Ignoring protrusion settings for this character.
Package microtype Info: Character `⁴' is missing
(microtype)             in font `TU/TeXGyrePagella(0)/b/n/10.95'.
(microtype)             Ignoring protrusion settings for this character.
Package microtype Info: Character `⁵' is missing
(microtype)             in font `TU/TeXGyrePagella(0)/b/n/10.95'.
(microtype)             Ignoring protrusion settings for this character.
Package microtype Info: Character `⁶' is missing
(microtype)             in font `TU/TeXGyrePagella(0)/b/n/10.95'.
(microtype)             Ignoring protrusion settings for this character.
Package microtype Info: Character `⁷' is missing
(microtype)             in font `TU/TeXGyrePagella(0)/b/n/10.95'.
(microtype)             Ignoring protrusion settings for this character.
Package microtype Info: Character `⁸' is missing
(microtype)             in font `TU/TeXGyrePagella(0)/b/n/10.95'.
(microtype)             Ignoring protrusion settings for this character.
Package microtype Info: Character `⁹' is missing
(microtype)             in font `TU/TeXGyrePagella(0)/b/n/10.95'.
(microtype)             Ignoring protrusion settings for this character.
Package microtype Info: Character `₀' is missing
(microtype)             in font `TU/TeXGyrePagella(0)/b/n/10.95'.
(microtype)             Ignoring protrusion settings for this character.
Package microtype Info: Character `₁' is missing
(microtype)             in font `TU/TeXGyrePagella(0)/b/n/10.95'.
(microtype)             Ignoring protrusion settings for this character.
Package microtype Info: Character `₂' is missing
(microtype)             in font `TU/TeXGyrePagella(0)/b/n/10.95'.
(microtype)             Ignoring protrusion settings for this character.
Package microtype Info: Character `₃' is missing
(microtype)             in font `TU/TeXGyrePagella(0)/b/n/10.95'.
(microtype)             Ignoring protrusion settings for this character.
Package microtype Info: Character `₄' is missing
(microtype)             in font `TU/TeXGyrePagella(0)/b/n/10.95'.
(microtype)             Ignoring protrusion settings for this character.
Package microtype Info: Character `₅' is missing
(microtype)             in font `TU/TeXGyrePagella(0)/b/n/10.95'.
(microtype)             Ignoring protrusion settings for this character.
Package microtype Info: Character `₆' is missing
(microtype)             in font `TU/TeXGyrePagella(0)/b/n/10.95'.
(microtype)             Ignoring protrusion settings for this character.
Package microtype Info: Character `₇' is missing
(microtype)             in font `TU/TeXGyrePagella(0)/b/n/10.95'.
(microtype)             Ignoring protrusion settings for this character.
Package microtype Info: Character `₈' is missing
(microtype)             in font `TU/TeXGyrePagella(0)/b/n/10.95'.
(microtype)             Ignoring protrusion settings for this character.
Package microtype Info: Character `₉' is missing
(microtype)             in font `TU/TeXGyrePagella(0)/b/n/10.95'.
(microtype)             Ignoring protrusion settings for this character.
Package microtype Info: Character `₊' is missing
(microtype)             in font `TU/TeXGyrePagella(0)/b/n/10.95'.
(microtype)             Ignoring protrusion settings for this character.
Package microtype Info: Character `₋' is missing
(microtype)             in font `TU/TeXGyrePagella(0)/b/n/10.95'.
(microtype)             Ignoring protrusion settings for this character.
Package microtype Info: Character `⁺' is missing
(microtype)             in font `TU/TeXGyrePagella(0)/b/n/10.95'.
(microtype)             Ignoring protrusion settings for this character.
Package microtype Info: Character `⁻' is missing
(microtype)             in font `TU/TeXGyrePagella(0)/b/n/10.95'.
(microtype)             Ignoring protrusion settings for this character.
Package microtype Info: Character `ﬆ' is missing
(microtype)             in font `TU/TeXGyrePagella(0)/b/n/8'.
(microtype)             Ignoring protrusion settings for this character.
Package microtype Info: Character `ﬅ' is missing
(microtype)             in font `TU/TeXGyrePagella(0)/b/n/8'.
(microtype)             Ignoring protrusion settings for this character.
Package microtype Info: Character `‥' is missing
(microtype)             in font `TU/TeXGyrePagella(0)/b/n/8'.
(microtype)             Ignoring protrusion settings for this character.
Package microtype Info: Character `‼' is missing
(microtype)             in font `TU/TeXGyrePagella(0)/b/n/8'.
(microtype)             Ignoring protrusion settings for this character.
Package microtype Info: Character `⁰' is missing
(microtype)             in font `TU/TeXGyrePagella(0)/b/n/8'.
(microtype)             Ignoring protrusion settings for this character.
Package microtype Info: Character `⁴' is missing
(microtype)             in font `TU/TeXGyrePagella(0)/b/n/8'.
(microtype)             Ignoring protrusion settings for this character.
Package microtype Info: Character `⁵' is missing
(microtype)             in font `TU/TeXGyrePagella(0)/b/n/8'.
(microtype)             Ignoring protrusion settings for this character.
Package microtype Info: Character `⁶' is missing
(microtype)             in font `TU/TeXGyrePagella(0)/b/n/8'.
(microtype)             Ignoring protrusion settings for this character.
Package microtype Info: Character `⁷' is missing
(microtype)             in font `TU/TeXGyrePagella(0)/b/n/8'.
(microtype)             Ignoring protrusion settings for this character.
Package microtype Info: Character `⁸' is missing
(microtype)             in font `TU/TeXGyrePagella(0)/b/n/8'.
(microtype)             Ignoring protrusion settings for this character.
Package microtype Info: Character `⁹' is missing
(microtype)             in font `TU/TeXGyrePagella(0)/b/n/8'.
(microtype)             Ignoring protrusion settings for this character.
Package microtype Info: Character `₀' is missing
(microtype)             in font `TU/TeXGyrePagella(0)/b/n/8'.
(microtype)             Ignoring protrusion settings for this character.
Package microtype Info: Character `₁' is missing
(microtype)             in font `TU/TeXGyrePagella(0)/b/n/8'.
(microtype)             Ignoring protrusion settings for this character.
Package microtype Info: Character `₂' is missing
(microtype)             in font `TU/TeXGyrePagella(0)/b/n/8'.
(microtype)             Ignoring protrusion settings for this character.
Package microtype Info: Character `₃' is missing
(microtype)             in font `TU/TeXGyrePagella(0)/b/n/8'.
(microtype)             Ignoring protrusion settings for this character.
Package microtype Info: Character `₄' is missing
(microtype)             in font `TU/TeXGyrePagella(0)/b/n/8'.
(microtype)             Ignoring protrusion settings for this character.
Package microtype Info: Character `₅' is missing
(microtype)             in font `TU/TeXGyrePagella(0)/b/n/8'.
(microtype)             Ignoring protrusion settings for this character.
Package microtype Info: Character `₆' is missing
(microtype)             in font `TU/TeXGyrePagella(0)/b/n/8'.
(microtype)             Ignoring protrusion settings for this character.
Package microtype Info: Character `₇' is missing
(microtype)             in font `TU/TeXGyrePagella(0)/b/n/8'.
(microtype)             Ignoring protrusion settings for this character.
Package microtype Info: Character `₈' is missing
(microtype)             in font `TU/TeXGyrePagella(0)/b/n/8'.
(microtype)             Ignoring protrusion settings for this character.
Package microtype Info: Character `₉' is missing
(microtype)             in font `TU/TeXGyrePagella(0)/b/n/8'.
(microtype)             Ignoring protrusion settings for this character.
Package microtype Info: Character `₊' is missing
(microtype)             in font `TU/TeXGyrePagella(0)/b/n/8'.
(microtype)             Ignoring protrusion settings for this character.
Package microtype Info: Character `₋' is missing
(microtype)             in font `TU/TeXGyrePagella(0)/b/n/8'.
(microtype)             Ignoring protrusion settings for this character.
Package microtype Info: Character `⁺' is missing
(microtype)             in font `TU/TeXGyrePagella(0)/b/n/8'.
(microtype)             Ignoring protrusion settings for this character.
Package microtype Info: Character `⁻' is missing
(microtype)             in font `TU/TeXGyrePagella(0)/b/n/8'.
(microtype)             Ignoring protrusion settings for this character.
Package microtype Info: Character `ﬆ' is missing
(microtype)             in font `TU/TeXGyrePagella(0)/b/n/6'.
(microtype)             Ignoring protrusion settings for this character.
Package microtype Info: Character `ﬅ' is missing
(microtype)             in font `TU/TeXGyrePagella(0)/b/n/6'.
(microtype)             Ignoring protrusion settings for this character.
Package microtype Info: Character `‥' is missing
(microtype)             in font `TU/TeXGyrePagella(0)/b/n/6'.
(microtype)             Ignoring protrusion settings for this character.
Package microtype Info: Character `‼' is missing
(microtype)             in font `TU/TeXGyrePagella(0)/b/n/6'.
(microtype)             Ignoring protrusion settings for this character.
Package microtype Info: Character `⁰' is missing
(microtype)             in font `TU/TeXGyrePagella(0)/b/n/6'.
(microtype)             Ignoring protrusion settings for this character.
Package microtype Info: Character `⁴' is missing
(microtype)             in font `TU/TeXGyrePagella(0)/b/n/6'.
(microtype)             Ignoring protrusion settings for this character.
Package microtype Info: Character `⁵' is missing
(microtype)             in font `TU/TeXGyrePagella(0)/b/n/6'.
(microtype)             Ignoring protrusion settings for this character.
Package microtype Info: Character `⁶' is missing
(microtype)             in font `TU/TeXGyrePagella(0)/b/n/6'.
(microtype)             Ignoring protrusion settings for this character.
Package microtype Info: Character `⁷' is missing
(microtype)             in font `TU/TeXGyrePagella(0)/b/n/6'.
(microtype)             Ignoring protrusion settings for this character.
Package microtype Info: Character `⁸' is missing
(microtype)             in font `TU/TeXGyrePagella(0)/b/n/6'.
(microtype)             Ignoring protrusion settings for this character.
Package microtype Info: Character `⁹' is missing
(microtype)             in font `TU/TeXGyrePagella(0)/b/n/6'.
(microtype)             Ignoring protrusion settings for this character.
Package microtype Info: Character `₀' is missing
(microtype)             in font `TU/TeXGyrePagella(0)/b/n/6'.
(microtype)             Ignoring protrusion settings for this character.
Package microtype Info: Character `₁' is missing
(microtype)             in font `TU/TeXGyrePagella(0)/b/n/6'.
(microtype)             Ignoring protrusion settings for this character.
Package microtype Info: Character `₂' is missing
(microtype)             in font `TU/TeXGyrePagella(0)/b/n/6'.
(microtype)             Ignoring protrusion settings for this character.
Package microtype Info: Character `₃' is missing
(microtype)             in font `TU/TeXGyrePagella(0)/b/n/6'.
(microtype)             Ignoring protrusion settings for this character.
Package microtype Info: Character `₄' is missing
(microtype)             in font `TU/TeXGyrePagella(0)/b/n/6'.
(microtype)             Ignoring protrusion settings for this character.
Package microtype Info: Character `₅' is missing
(microtype)             in font `TU/TeXGyrePagella(0)/b/n/6'.
(microtype)             Ignoring protrusion settings for this character.
Package microtype Info: Character `₆' is missing
(microtype)             in font `TU/TeXGyrePagella(0)/b/n/6'.
(microtype)             Ignoring protrusion settings for this character.
Package microtype Info: Character `₇' is missing
(microtype)             in font `TU/TeXGyrePagella(0)/b/n/6'.
(microtype)             Ignoring protrusion settings for this character.
Package microtype Info: Character `₈' is missing
(microtype)             in font `TU/TeXGyrePagella(0)/b/n/6'.
(microtype)             Ignoring protrusion settings for this character.
Package microtype Info: Character `₉' is missing
(microtype)             in font `TU/TeXGyrePagella(0)/b/n/6'.
(microtype)             Ignoring protrusion settings for this character.
Package microtype Info: Character `₊' is missing
(microtype)             in font `TU/TeXGyrePagella(0)/b/n/6'.
(microtype)             Ignoring protrusion settings for this character.
Package microtype Info: Character `₋' is missing
(microtype)             in font `TU/TeXGyrePagella(0)/b/n/6'.
(microtype)             Ignoring protrusion settings for this character.
Package microtype Info: Character `⁺' is missing
(microtype)             in font `TU/TeXGyrePagella(0)/b/n/6'.
(microtype)             Ignoring protrusion settings for this character.
Package microtype Info: Character `⁻' is missing
(microtype)             in font `TU/TeXGyrePagella(0)/b/n/6'.
(microtype)             Ignoring protrusion settings for this character.

warning  (pdf backend): ignoring duplicate destination with the name 'page.i'
[1

] (./waves-of-collapse.toc
Package microtype Info: Character `ﬆ' is missing
(microtype)             in font `TU/TeXGyrePagella(0)/b/n/12'.
(microtype)             Ignoring protrusion settings for this character.
Package microtype Info: Character `ﬅ' is missing
(microtype)             in font `TU/TeXGyrePagella(0)/b/n/12'.
(microtype)             Ignoring protrusion settings for this character.
Package microtype Info: Character `‥' is missing
(microtype)             in font `TU/TeXGyrePagella(0)/b/n/12'.
(microtype)             Ignoring protrusion settings for this character.
Package microtype Info: Character `‼' is missing
(microtype)             in font `TU/TeXGyrePagella(0)/b/n/12'.
(microtype)             Ignoring protrusion settings for this character.
Package microtype Info: Character `⁰' is missing
(microtype)             in font `TU/TeXGyrePagella(0)/b/n/12'.
(microtype)             Ignoring protrusion settings for this character.
Package microtype Info: Character `⁴' is missing
(microtype)             in font `TU/TeXGyrePagella(0)/b/n/12'.
(microtype)             Ignoring protrusion settings for this character.
Package microtype Info: Character `⁵' is missing
(microtype)             in font `TU/TeXGyrePagella(0)/b/n/12'.
(microtype)             Ignoring protrusion settings for this character.
Package microtype Info: Character `⁶' is missing
(microtype)             in font `TU/TeXGyrePagella(0)/b/n/12'.
(microtype)             Ignoring protrusion settings for this character.
Package microtype Info: Character `⁷' is missing
(microtype)             in font `TU/TeXGyrePagella(0)/b/n/12'.
(microtype)             Ignoring protrusion settings for this character.
Package microtype Info: Character `⁸' is missing
(microtype)             in font `TU/TeXGyrePagella(0)/b/n/12'.
(microtype)             Ignoring protrusion settings for this character.
Package microtype Info: Character `⁹' is missing
(microtype)             in font `TU/TeXGyrePagella(0)/b/n/12'.
(microtype)             Ignoring protrusion settings for this character.
Package microtype Info: Character `₀' is missing
(microtype)             in font `TU/TeXGyrePagella(0)/b/n/12'.
(microtype)             Ignoring protrusion settings for this character.
Package microtype Info: Character `₁' is missing
(microtype)             in font `TU/TeXGyrePagella(0)/b/n/12'.
(microtype)             Ignoring protrusion settings for this character.
Package microtype Info: Character `₂' is missing
(microtype)             in font `TU/TeXGyrePagella(0)/b/n/12'.
(microtype)             Ignoring protrusion settings for this character.
Package microtype Info: Character `₃' is missing
(microtype)             in font `TU/TeXGyrePagella(0)/b/n/12'.
(microtype)             Ignoring protrusion settings for this character.
Package microtype Info: Character `₄' is missing
(microtype)             in font `TU/TeXGyrePagella(0)/b/n/12'.
(microtype)             Ignoring protrusion settings for this character.
Package microtype Info: Character `₅' is missing
(microtype)             in font `TU/TeXGyrePagella(0)/b/n/12'.
(microtype)             Ignoring protrusion settings for this character.
Package microtype Info: Character `₆' is missing
(microtype)             in font `TU/TeXGyrePagella(0)/b/n/12'.
(microtype)             Ignoring protrusion settings for this character.
Package microtype Info: Character `₇' is missing
(microtype)             in font `TU/TeXGyrePagella(0)/b/n/12'.
(microtype)             Ignoring protrusion settings for this character.
Package microtype Info: Character `₈' is missing
(microtype)             in font `TU/TeXGyrePagella(0)/b/n/12'.
(microtype)             Ignoring protrusion settings for this character.
Package microtype Info: Character `₉' is missing
(microtype)             in font `TU/TeXGyrePagella(0)/b/n/12'.
(microtype)             Ignoring protrusion settings for this character.
Package microtype Info: Character `₊' is missing
(microtype)             in font `TU/TeXGyrePagella(0)/b/n/12'.
(microtype)             Ignoring protrusion settings for this character.
Package microtype Info: Character `₋' is missing
(microtype)             in font `TU/TeXGyrePagella(0)/b/n/12'.
(microtype)             Ignoring protrusion settings for this character.
Package microtype Info: Character `⁺' is missing
(microtype)             in font `TU/TeXGyrePagella(0)/b/n/12'.
(microtype)             Ignoring protrusion settings for this character.
Package microtype Info: Character `⁻' is missing
(microtype)             in font `TU/TeXGyrePagella(0)/b/n/12'.
(microtype)             Ignoring protrusion settings for this character.
 [2

])
\tf@toc=\write5

\openout5 = waves-of-collapse.toc
LaTeX Font Info:    Font shape `TU/TeXGyrePagella(0)/m/sl' in size <10.95> not 
available
(Font)              Font shape `TU/TeXGyrePagella(0)/m/it' tried instead on inp
ut line 107.
Package microtype Info: Character `‥' is missing
(microtype)             in font `TU/TeXGyrePagella(0)/m/it/10.95'.
(microtype)             Ignoring protrusion settings for this character.
Package microtype Info: Character `⁰' is missing
(microtype)             in font `TU/TeXGyrePagella(0)/m/it/10.95'.
(microtype)             Ignoring protrusion settings for this character.
Package microtype Info: Character `⁴' is missing
(microtype)             in font `TU/TeXGyrePagella(0)/m/it/10.95'.
(microtype)             Ignoring protrusion settings for this character.
Package microtype Info: Character `⁵' is missing
(microtype)             in font `TU/TeXGyrePagella(0)/m/it/10.95'.
(microtype)             Ignoring protrusion settings for this character.
Package microtype Info: Character `⁶' is missing
(microtype)             in font `TU/TeXGyrePagella(0)/m/it/10.95'.
(microtype)             Ignoring protrusion settings for this character.
Package microtype Info: Character `⁷' is missing
(microtype)             in font `TU/TeXGyrePagella(0)/m/it/10.95'.
(microtype)             Ignoring protrusion settings for this character.
Package microtype Info: Character `⁸' is missing
(microtype)             in font `TU/TeXGyrePagella(0)/m/it/10.95'.
(microtype)             Ignoring protrusion settings for this character.
Package microtype Info: Character `⁹' is missing
(microtype)             in font `TU/TeXGyrePagella(0)/m/it/10.95'.
(microtype)             Ignoring protrusion settings for this character.
Package microtype Info: Character `₀' is missing
(microtype)             in font `TU/TeXGyrePagella(0)/m/it/10.95'.
(microtype)             Ignoring protrusion settings for this character.
Package microtype Info: Character `₁' is missing
(microtype)             in font `TU/TeXGyrePagella(0)/m/it/10.95'.
(microtype)             Ignoring protrusion settings for this character.
Package microtype Info: Character `₂' is missing
(microtype)             in font `TU/TeXGyrePagella(0)/m/it/10.95'.
(microtype)             Ignoring protrusion settings for this character.
Package microtype Info: Character `₃' is missing
(microtype)             in font `TU/TeXGyrePagella(0)/m/it/10.95'.
(microtype)             Ignoring protrusion settings for this character.
Package microtype Info: Character `₄' is missing
(microtype)             in font `TU/TeXGyrePagella(0)/m/it/10.95'.
(microtype)             Ignoring protrusion settings for this character.
Package microtype Info: Character `₅' is missing
(microtype)             in font `TU/TeXGyrePagella(0)/m/it/10.95'.
(microtype)             Ignoring protrusion settings for this character.
Package microtype Info: Character `₆' is missing
(microtype)             in font `TU/TeXGyrePagella(0)/m/it/10.95'.
(microtype)             Ignoring protrusion settings for this character.
Package microtype Info: Character `₇' is missing
(microtype)             in font `TU/TeXGyrePagella(0)/m/it/10.95'.
(microtype)             Ignoring protrusion settings for this character.
Package microtype Info: Character `₈' is missing
(microtype)             in font `TU/TeXGyrePagella(0)/m/it/10.95'.
(microtype)             Ignoring protrusion settings for this character.
Package microtype Info: Character `₉' is missing
(microtype)             in font `TU/TeXGyrePagella(0)/m/it/10.95'.
(microtype)             Ignoring protrusion settings for this character.
Package microtype Info: Character `₊' is missing
(microtype)             in font `TU/TeXGyrePagella(0)/m/it/10.95'.
(microtype)             Ignoring protrusion settings for this character.
Package microtype Info: Character `₋' is missing
(microtype)             in font `TU/TeXGyrePagella(0)/m/it/10.95'.
(microtype)             Ignoring protrusion settings for this character.
Package microtype Info: Character `⁺' is missing
(microtype)             in font `TU/TeXGyrePagella(0)/m/it/10.95'.
(microtype)             Ignoring protrusion settings for this character.
Package microtype Info: Character `⁻' is missing
(microtype)             in font `TU/TeXGyrePagella(0)/m/it/10.95'.
(microtype)             Ignoring protrusion settings for this character.
 [3] [1


]
Chapter 1.
Package microtype Info: Character `ﬆ' is missing
(microtype)             in font `TU/TeXGyrePagella(0)/m/n/14.4'.
(microtype)             Ignoring protrusion settings for this character.
Package microtype Info: Character `ﬅ' is missing
(microtype)             in font `TU/TeXGyrePagella(0)/m/n/14.4'.
(microtype)             Ignoring protrusion settings for this character.
Package microtype Info: Character `‥' is missing
(microtype)             in font `TU/TeXGyrePagella(0)/m/n/14.4'.
(microtype)             Ignoring protrusion settings for this character.
Package microtype Info: Character `‼' is missing
(microtype)             in font `TU/TeXGyrePagella(0)/m/n/14.4'.
(microtype)             Ignoring protrusion settings for this character.
Package microtype Info: Character `⁰' is missing
(microtype)             in font `TU/TeXGyrePagella(0)/m/n/14.4'.
(microtype)             Ignoring protrusion settings for this character.
Package microtype Info: Character `⁴' is missing
(microtype)             in font `TU/TeXGyrePagella(0)/m/n/14.4'.
(microtype)             Ignoring protrusion settings for this character.
Package microtype Info: Character `⁵' is missing
(microtype)             in font `TU/TeXGyrePagella(0)/m/n/14.4'.
(microtype)             Ignoring protrusion settings for this character.
Package microtype Info: Character `⁶' is missing
(microtype)             in font `TU/TeXGyrePagella(0)/m/n/14.4'.
(microtype)             Ignoring protrusion settings for this character.
Package microtype Info: Character `⁷' is missing
(microtype)             in font `TU/TeXGyrePagella(0)/m/n/14.4'.
(microtype)             Ignoring protrusion settings for this character.
Package microtype Info: Character `⁸' is missing
(microtype)             in font `TU/TeXGyrePagella(0)/m/n/14.4'.
(microtype)             Ignoring protrusion settings for this character.
Package microtype Info: Character `⁹' is missing
(microtype)             in font `TU/TeXGyrePagella(0)/m/n/14.4'.
(microtype)             Ignoring protrusion settings for this character.
Package microtype Info: Character `₀' is missing
(microtype)             in font `TU/TeXGyrePagella(0)/m/n/14.4'.
(microtype)             Ignoring protrusion settings for this character.
Package microtype Info: Character `₁' is missing
(microtype)             in font `TU/TeXGyrePagella(0)/m/n/14.4'.
(microtype)             Ignoring protrusion settings for this character.
Package microtype Info: Character `₂' is missing
(microtype)             in font `TU/TeXGyrePagella(0)/m/n/14.4'.
(microtype)             Ignoring protrusion settings for this character.
Package microtype Info: Character `₃' is missing
(microtype)             in font `TU/TeXGyrePagella(0)/m/n/14.4'.
(microtype)             Ignoring protrusion settings for this character.
Package microtype Info: Character `₄' is missing
(microtype)             in font `TU/TeXGyrePagella(0)/m/n/14.4'.
(microtype)             Ignoring protrusion settings for this character.
Package microtype Info: Character `₅' is missing
(microtype)             in font `TU/TeXGyrePagella(0)/m/n/14.4'.
(microtype)             Ignoring protrusion settings for this character.
Package microtype Info: Character `₆' is missing
(microtype)             in font `TU/TeXGyrePagella(0)/m/n/14.4'.
(microtype)             Ignoring protrusion settings for this character.
Package microtype Info: Character `₇' is missing
(microtype)             in font `TU/TeXGyrePagella(0)/m/n/14.4'.
(microtype)             Ignoring protrusion settings for this character.
Package microtype Info: Character `₈' is missing
(microtype)             in font `TU/TeXGyrePagella(0)/m/n/14.4'.
(microtype)             Ignoring protrusion settings for this character.
Package microtype Info: Character `₉' is missing
(microtype)             in font `TU/TeXGyrePagella(0)/m/n/14.4'.
(microtype)             Ignoring protrusion settings for this character.
Package microtype Info: Character `₊' is missing
(microtype)             in font `TU/TeXGyrePagella(0)/m/n/14.4'.
(microtype)             Ignoring protrusion settings for this character.
Package microtype Info: Character `₋' is missing
(microtype)             in font `TU/TeXGyrePagella(0)/m/n/14.4'.
(microtype)             Ignoring protrusion settings for this character.
Package microtype Info: Character `⁺' is missing
(microtype)             in font `TU/TeXGyrePagella(0)/m/n/14.4'.
(microtype)             Ignoring protrusion settings for this character.
Package microtype Info: Character `⁻' is missing
(microtype)             in font `TU/TeXGyrePagella(0)/m/n/14.4'.
(microtype)             Ignoring protrusion settings for this character.
Package microtype Info: Character `ﬆ' is missing
(microtype)             in font `TU/TeXGyrePagella(0)/b/n/14.4'.
(microtype)             Ignoring protrusion settings for this character.
Package microtype Info: Character `ﬅ' is missing
(microtype)             in font `TU/TeXGyrePagella(0)/b/n/14.4'.
(microtype)             Ignoring protrusion settings for this character.
Package microtype Info: Character `‥' is missing
(microtype)             in font `TU/TeXGyrePagella(0)/b/n/14.4'.
(microtype)             Ignoring protrusion settings for this character.
Package microtype Info: Character `‼' is missing
(microtype)             in font `TU/TeXGyrePagella(0)/b/n/14.4'.
(microtype)             Ignoring protrusion settings for this character.
Package microtype Info: Character `⁰' is missing
(microtype)             in font `TU/TeXGyrePagella(0)/b/n/14.4'.
(microtype)             Ignoring protrusion settings for this character.
Package microtype Info: Character `⁴' is missing
(microtype)             in font `TU/TeXGyrePagella(0)/b/n/14.4'.
(microtype)             Ignoring protrusion settings for this character.
Package microtype Info: Character `⁵' is missing
(microtype)             in font `TU/TeXGyrePagella(0)/b/n/14.4'.
(microtype)             Ignoring protrusion settings for this character.
Package microtype Info: Character `⁶' is missing
(microtype)             in font `TU/TeXGyrePagella(0)/b/n/14.4'.
(microtype)             Ignoring protrusion settings for this character.
Package microtype Info: Character `⁷' is missing
(microtype)             in font `TU/TeXGyrePagella(0)/b/n/14.4'.
(microtype)             Ignoring protrusion settings for this character.
Package microtype Info: Character `⁸' is missing
(microtype)             in font `TU/TeXGyrePagella(0)/b/n/14.4'.
(microtype)             Ignoring protrusion settings for this character.
Package microtype Info: Character `⁹' is missing
(microtype)             in font `TU/TeXGyrePagella(0)/b/n/14.4'.
(microtype)             Ignoring protrusion settings for this character.
Package microtype Info: Character `₀' is missing
(microtype)             in font `TU/TeXGyrePagella(0)/b/n/14.4'.
(microtype)             Ignoring protrusion settings for this character.
Package microtype Info: Character `₁' is missing
(microtype)             in font `TU/TeXGyrePagella(0)/b/n/14.4'.
(microtype)             Ignoring protrusion settings for this character.
Package microtype Info: Character `₂' is missing
(microtype)             in font `TU/TeXGyrePagella(0)/b/n/14.4'.
(microtype)             Ignoring protrusion settings for this character.
Package microtype Info: Character `₃' is missing
(microtype)             in font `TU/TeXGyrePagella(0)/b/n/14.4'.
(microtype)             Ignoring protrusion settings for this character.
Package microtype Info: Character `₄' is missing
(microtype)             in font `TU/TeXGyrePagella(0)/b/n/14.4'.
(microtype)             Ignoring protrusion settings for this character.
Package microtype Info: Character `₅' is missing
(microtype)             in font `TU/TeXGyrePagella(0)/b/n/14.4'.
(microtype)             Ignoring protrusion settings for this character.
Package microtype Info: Character `₆' is missing
(microtype)             in font `TU/TeXGyrePagella(0)/b/n/14.4'.
(microtype)             Ignoring protrusion settings for this character.
Package microtype Info: Character `₇' is missing
(microtype)             in font `TU/TeXGyrePagella(0)/b/n/14.4'.
(microtype)             Ignoring protrusion settings for this character.
Package microtype Info: Character `₈' is missing
(microtype)             in font `TU/TeXGyrePagella(0)/b/n/14.4'.
(microtype)             Ignoring protrusion settings for this character.
Package microtype Info: Character `₉' is missing
(microtype)             in font `TU/TeXGyrePagella(0)/b/n/14.4'.
(microtype)             Ignoring protrusion settings for this character.
Package microtype Info: Character `₊' is missing
(microtype)             in font `TU/TeXGyrePagella(0)/b/n/14.4'.
(microtype)             Ignoring protrusion settings for this character.
Package microtype Info: Character `₋' is missing
(microtype)             in font `TU/TeXGyrePagella(0)/b/n/14.4'.
(microtype)             Ignoring protrusion settings for this character.
Package microtype Info: Character `⁺' is missing
(microtype)             in font `TU/TeXGyrePagella(0)/b/n/14.4'.
(microtype)             Ignoring protrusion settings for this character.
Package microtype Info: Character `⁻' is missing
(microtype)             in font `TU/TeXGyrePagella(0)/b/n/14.4'.
(microtype)             Ignoring protrusion settings for this character.
[2

] [3] [4]
Chapter 2.
Package microtype Info: Loading generic protrusion settings for font family
(microtype)             `lmss' (encoding: TU).
(microtype)             For optimal results, create family-specific settings.
(microtype)             See the microtype manual for details.
Package microtype Info: Character `ﬆ' is missing
(microtype)             in font `TU/TeXGyrePagella(0)/m/sc/10.95'.
(microtype)             Ignoring protrusion settings for this character.
Package microtype Info: Character `ﬅ' is missing
(microtype)             in font `TU/TeXGyrePagella(0)/m/sc/10.95'.
(microtype)             Ignoring protrusion settings for this character.
Package microtype Info: Character `‥' is missing
(microtype)             in font `TU/TeXGyrePagella(0)/m/sc/10.95'.
(microtype)             Ignoring protrusion settings for this character.
Package microtype Info: Character `‼' is missing
(microtype)             in font `TU/TeXGyrePagella(0)/m/sc/10.95'.
(microtype)             Ignoring protrusion settings for this character.
Package microtype Info: Character `⁰' is missing
(microtype)             in font `TU/TeXGyrePagella(0)/m/sc/10.95'.
(microtype)             Ignoring protrusion settings for this character.
Package microtype Info: Character `⁴' is missing
(microtype)             in font `TU/TeXGyrePagella(0)/m/sc/10.95'.
(microtype)             Ignoring protrusion settings for this character.
Package microtype Info: Character `⁵' is missing
(microtype)             in font `TU/TeXGyrePagella(0)/m/sc/10.95'.
(microtype)             Ignoring protrusion settings for this character.
Package microtype Info: Character `⁶' is missing
(microtype)             in font `TU/TeXGyrePagella(0)/m/sc/10.95'.
(microtype)             Ignoring protrusion settings for this character.
Package microtype Info: Character `⁷' is missing
(microtype)             in font `TU/TeXGyrePagella(0)/m/sc/10.95'.
(microtype)             Ignoring protrusion settings for this character.
Package microtype Info: Character `⁸' is missing
(microtype)             in font `TU/TeXGyrePagella(0)/m/sc/10.95'.
(microtype)             Ignoring protrusion settings for this character.
Package microtype Info: Character `⁹' is missing
(microtype)             in font `TU/TeXGyrePagella(0)/m/sc/10.95'.
(microtype)             Ignoring protrusion settings for this character.
Package microtype Info: Character `₀' is missing
(microtype)             in font `TU/TeXGyrePagella(0)/m/sc/10.95'.
(microtype)             Ignoring protrusion settings for this character.
Package microtype Info: Character `₁' is missing
(microtype)             in font `TU/TeXGyrePagella(0)/m/sc/10.95'.
(microtype)             Ignoring protrusion settings for this character.
Package microtype Info: Character `₂' is missing
(microtype)             in font `TU/TeXGyrePagella(0)/m/sc/10.95'.
(microtype)             Ignoring protrusion settings for this character.
Package microtype Info: Character `₃' is missing
(microtype)             in font `TU/TeXGyrePagella(0)/m/sc/10.95'.
(microtype)             Ignoring protrusion settings for this character.
Package microtype Info: Character `₄' is missing
(microtype)             in font `TU/TeXGyrePagella(0)/m/sc/10.95'.
(microtype)             Ignoring protrusion settings for this character.
Package microtype Info: Character `₅' is missing
(microtype)             in font `TU/TeXGyrePagella(0)/m/sc/10.95'.
(microtype)             Ignoring protrusion settings for this character.
Package microtype Info: Character `₆' is missing
(microtype)             in font `TU/TeXGyrePagella(0)/m/sc/10.95'.
(microtype)             Ignoring protrusion settings for this character.
Package microtype Info: Character `₇' is missing
(microtype)             in font `TU/TeXGyrePagella(0)/m/sc/10.95'.
(microtype)             Ignoring protrusion settings for this character.
Package microtype Info: Character `₈' is missing
(microtype)             in font `TU/TeXGyrePagella(0)/m/sc/10.95'.
(microtype)             Ignoring protrusion settings for this character.
Package microtype Info: Character `₉' is missing
(microtype)             in font `TU/TeXGyrePagella(0)/m/sc/10.95'.
(microtype)             Ignoring protrusion settings for this character.
Package microtype Info: Character `₊' is missing
(microtype)             in font `TU/TeXGyrePagella(0)/m/sc/10.95'.
(microtype)             Ignoring protrusion settings for this character.
Package microtype Info: Character `₋' is missing
(microtype)             in font `TU/TeXGyrePagella(0)/m/sc/10.95'.
(microtype)             Ignoring protrusion settings for this character.
Package microtype Info: Character `⁺' is missing
(microtype)             in font `TU/TeXGyrePagella(0)/m/sc/10.95'.
(microtype)             Ignoring protrusion settings for this character.
Package microtype Info: Character `⁻' is missing
(microtype)             in font `TU/TeXGyrePagella(0)/m/sc/10.95'.
(microtype)             Ignoring protrusion settings for this character.
Package microtype Info: Character `ﬅ' is missing
(microtype)             in font `TU/TeXGyrePagella(0)/m/sc/10.95'.
(microtype)             Ignoring protrusion settings for this character.
Package microtype Info: Character `ﬆ' is missing
(microtype)             in font `TU/TeXGyrePagella(0)/m/sc/10.95'.
(microtype)             Ignoring protrusion settings for this character.
[5

]
Package microtype Info: Character `ﬆ' is missing
(microtype)             in font `TU/TeXGyrePagella(0)/m/scit/10.95'.
(microtype)             Ignoring protrusion settings for this character.
Package microtype Info: Character `ﬅ' is missing
(microtype)             in font `TU/TeXGyrePagella(0)/m/scit/10.95'.
(microtype)             Ignoring protrusion settings for this character.
Package microtype Info: Character `‥' is missing
(microtype)             in font `TU/TeXGyrePagella(0)/m/scit/10.95'.
(microtype)             Ignoring protrusion settings for this character.
Package microtype Info: Character `‼' is missing
(microtype)             in font `TU/TeXGyrePagella(0)/m/scit/10.95'.
(microtype)             Ignoring protrusion settings for this character.
Package microtype Info: Character `⁰' is missing
(microtype)             in font `TU/TeXGyrePagella(0)/m/scit/10.95'.
(microtype)             Ignoring protrusion settings for this character.
Package microtype Info: Character `⁴' is missing
(microtype)             in font `TU/TeXGyrePagella(0)/m/scit/10.95'.
(microtype)             Ignoring protrusion settings for this character.
Package microtype Info: Character `⁵' is missing
(microtype)             in font `TU/TeXGyrePagella(0)/m/scit/10.95'.
(microtype)             Ignoring protrusion settings for this character.
Package microtype Info: Character `⁶' is missing
(microtype)             in font `TU/TeXGyrePagella(0)/m/scit/10.95'.
(microtype)             Ignoring protrusion settings for this character.
Package microtype Info: Character `⁷' is missing
(microtype)             in font `TU/TeXGyrePagella(0)/m/scit/10.95'.
(microtype)             Ignoring protrusion settings for this character.
Package microtype Info: Character `⁸' is missing
(microtype)             in font `TU/TeXGyrePagella(0)/m/scit/10.95'.
(microtype)             Ignoring protrusion settings for this character.
Package microtype Info: Character `⁹' is missing
(microtype)             in font `TU/TeXGyrePagella(0)/m/scit/10.95'.
(microtype)             Ignoring protrusion settings for this character.
Package microtype Info: Character `₀' is missing
(microtype)             in font `TU/TeXGyrePagella(0)/m/scit/10.95'.
(microtype)             Ignoring protrusion settings for this character.
Package microtype Info: Character `₁' is missing
(microtype)             in font `TU/TeXGyrePagella(0)/m/scit/10.95'.
(microtype)             Ignoring protrusion settings for this character.
Package microtype Info: Character `₂' is missing
(microtype)             in font `TU/TeXGyrePagella(0)/m/scit/10.95'.
(microtype)             Ignoring protrusion settings for this character.
Package microtype Info: Character `₃' is missing
(microtype)             in font `TU/TeXGyrePagella(0)/m/scit/10.95'.
(microtype)             Ignoring protrusion settings for this character.
Package microtype Info: Character `₄' is missing
(microtype)             in font `TU/TeXGyrePagella(0)/m/scit/10.95'.
(microtype)             Ignoring protrusion settings for this character.
Package microtype Info: Character `₅' is missing
(microtype)             in font `TU/TeXGyrePagella(0)/m/scit/10.95'.
(microtype)             Ignoring protrusion settings for this character.
Package microtype Info: Character `₆' is missing
(microtype)             in font `TU/TeXGyrePagella(0)/m/scit/10.95'.
(microtype)             Ignoring protrusion settings for this character.
Package microtype Info: Character `₇' is missing
(microtype)             in font `TU/TeXGyrePagella(0)/m/scit/10.95'.
(microtype)             Ignoring protrusion settings for this character.
Package microtype Info: Character `₈' is missing
(microtype)             in font `TU/TeXGyrePagella(0)/m/scit/10.95'.
(microtype)             Ignoring protrusion settings for this character.
Package microtype Info: Character `₉' is missing
(microtype)             in font `TU/TeXGyrePagella(0)/m/scit/10.95'.
(microtype)             Ignoring protrusion settings for this character.
Package microtype Info: Character `₊' is missing
(microtype)             in font `TU/TeXGyrePagella(0)/m/scit/10.95'.
(microtype)             Ignoring protrusion settings for this character.
Package microtype Info: Character `₋' is missing
(microtype)             in font `TU/TeXGyrePagella(0)/m/scit/10.95'.
(microtype)             Ignoring protrusion settings for this character.
Package microtype Info: Character `⁺' is missing
(microtype)             in font `TU/TeXGyrePagella(0)/m/scit/10.95'.
(microtype)             Ignoring protrusion settings for this character.
Package microtype Info: Character `⁻' is missing
(microtype)             in font `TU/TeXGyrePagella(0)/m/scit/10.95'.
(microtype)             Ignoring protrusion settings for this character.
 [6] [7] [8] [9

]
Chapter 3.
[10

] [11]
Chapter 4.

Overfull \hbox (16.13876pt too wide) in paragraph at lines 538--538
|\TU/TeXGyrePagella(0)/b/n/24.88 Mul-ti-modal Fu-sion: From Codec to World
 []

[12

] [13]
Package microtype Info: Character `ﬆ' is missing
(microtype)             in font `TU/TeXGyrePagella(0)/m/n/5'.
(microtype)             Ignoring protrusion settings for this character.
Package microtype Info: Character `ﬅ' is missing
(microtype)             in font `TU/TeXGyrePagella(0)/m/n/5'.
(microtype)             Ignoring protrusion settings for this character.
Package microtype Info: Character `‥' is missing
(microtype)             in font `TU/TeXGyrePagella(0)/m/n/5'.
(microtype)             Ignoring protrusion settings for this character.
Package microtype Info: Character `‼' is missing
(microtype)             in font `TU/TeXGyrePagella(0)/m/n/5'.
(microtype)             Ignoring protrusion settings for this character.
Package microtype Info: Character `⁰' is missing
(microtype)             in font `TU/TeXGyrePagella(0)/m/n/5'.
(microtype)             Ignoring protrusion settings for this character.
Package microtype Info: Character `⁴' is missing
(microtype)             in font `TU/TeXGyrePagella(0)/m/n/5'.
(microtype)             Ignoring protrusion settings for this character.
Package microtype Info: Character `⁵' is missing
(microtype)             in font `TU/TeXGyrePagella(0)/m/n/5'.
(microtype)             Ignoring protrusion settings for this character.
Package microtype Info: Character `⁶' is missing
(microtype)             in font `TU/TeXGyrePagella(0)/m/n/5'.
(microtype)             Ignoring protrusion settings for this character.
Package microtype Info: Character `⁷' is missing
(microtype)             in font `TU/TeXGyrePagella(0)/m/n/5'.
(microtype)             Ignoring protrusion settings for this character.
Package microtype Info: Character `⁸' is missing
(microtype)             in font `TU/TeXGyrePagella(0)/m/n/5'.
(microtype)             Ignoring protrusion settings for this character.
Package microtype Info: Character `⁹' is missing
(microtype)             in font `TU/TeXGyrePagella(0)/m/n/5'.
(microtype)             Ignoring protrusion settings for this character.
Package microtype Info: Character `₀' is missing
(microtype)             in font `TU/TeXGyrePagella(0)/m/n/5'.
(microtype)             Ignoring protrusion settings for this character.
Package microtype Info: Character `₁' is missing
(microtype)             in font `TU/TeXGyrePagella(0)/m/n/5'.
(microtype)             Ignoring protrusion settings for this character.
Package microtype Info: Character `₂' is missing
(microtype)             in font `TU/TeXGyrePagella(0)/m/n/5'.
(microtype)             Ignoring protrusion settings for this character.
Package microtype Info: Character `₃' is missing
(microtype)             in font `TU/TeXGyrePagella(0)/m/n/5'.
(microtype)             Ignoring protrusion settings for this character.
Package microtype Info: Character `₄' is missing
(microtype)             in font `TU/TeXGyrePagella(0)/m/n/5'.
(microtype)             Ignoring protrusion settings for this character.
Package microtype Info: Character `₅' is missing
(microtype)             in font `TU/TeXGyrePagella(0)/m/n/5'.
(microtype)             Ignoring protrusion settings for this character.
Package microtype Info: Character `₆' is missing
(microtype)             in font `TU/TeXGyrePagella(0)/m/n/5'.
(microtype)             Ignoring protrusion settings for this character.
Package microtype Info: Character `₇' is missing
(microtype)             in font `TU/TeXGyrePagella(0)/m/n/5'.
(microtype)             Ignoring protrusion settings for this character.
Package microtype Info: Character `₈' is missing
(microtype)             in font `TU/TeXGyrePagella(0)/m/n/5'.
(microtype)             Ignoring protrusion settings for this character.
Package microtype Info: Character `₉' is missing
(microtype)             in font `TU/TeXGyrePagella(0)/m/n/5'.
(microtype)             Ignoring protrusion settings for this character.
Package microtype Info: Character `₊' is missing
(microtype)             in font `TU/TeXGyrePagella(0)/m/n/5'.
(microtype)             Ignoring protrusion settings for this character.
Package microtype Info: Character `₋' is missing
(microtype)             in font `TU/TeXGyrePagella(0)/m/n/5'.
(microtype)             Ignoring protrusion settings for this character.
Package microtype Info: Character `⁺' is missing
(microtype)             in font `TU/TeXGyrePagella(0)/m/n/5'.
(microtype)             Ignoring protrusion settings for this character.
Package microtype Info: Character `⁻' is missing
(microtype)             in font `TU/TeXGyrePagella(0)/m/n/5'.
(microtype)             Ignoring protrusion settings for this character.
Package microtype Info: Character `ﬆ' is missing
(microtype)             in font `TU/TeXGyrePagella(0)/b/n/5'.
(microtype)             Ignoring protrusion settings for this character.
Package microtype Info: Character `ﬅ' is missing
(microtype)             in font `TU/TeXGyrePagella(0)/b/n/5'.
(microtype)             Ignoring protrusion settings for this character.
Package microtype Info: Character `‥' is missing
(microtype)             in font `TU/TeXGyrePagella(0)/b/n/5'.
(microtype)             Ignoring protrusion settings for this character.
Package microtype Info: Character `‼' is missing
(microtype)             in font `TU/TeXGyrePagella(0)/b/n/5'.
(microtype)             Ignoring protrusion settings for this character.
Package microtype Info: Character `⁰' is missing
(microtype)             in font `TU/TeXGyrePagella(0)/b/n/5'.
(microtype)             Ignoring protrusion settings for this character.
Package microtype Info: Character `⁴' is missing
(microtype)             in font `TU/TeXGyrePagella(0)/b/n/5'.
(microtype)             Ignoring protrusion settings for this character.
Package microtype Info: Character `⁵' is missing
(microtype)             in font `TU/TeXGyrePagella(0)/b/n/5'.
(microtype)             Ignoring protrusion settings for this character.
Package microtype Info: Character `⁶' is missing
(microtype)             in font `TU/TeXGyrePagella(0)/b/n/5'.
(microtype)             Ignoring protrusion settings for this character.
Package microtype Info: Character `⁷' is missing
(microtype)             in font `TU/TeXGyrePagella(0)/b/n/5'.
(microtype)             Ignoring protrusion settings for this character.
Package microtype Info: Character `⁸' is missing
(microtype)             in font `TU/TeXGyrePagella(0)/b/n/5'.
(microtype)             Ignoring protrusion settings for this character.
Package microtype Info: Character `⁹' is missing
(microtype)             in font `TU/TeXGyrePagella(0)/b/n/5'.
(microtype)             Ignoring protrusion settings for this character.
Package microtype Info: Character `₀' is missing
(microtype)             in font `TU/TeXGyrePagella(0)/b/n/5'.
(microtype)             Ignoring protrusion settings for this character.
Package microtype Info: Character `₁' is missing
(microtype)             in font `TU/TeXGyrePagella(0)/b/n/5'.
(microtype)             Ignoring protrusion settings for this character.
Package microtype Info: Character `₂' is missing
(microtype)             in font `TU/TeXGyrePagella(0)/b/n/5'.
(microtype)             Ignoring protrusion settings for this character.
Package microtype Info: Character `₃' is missing
(microtype)             in font `TU/TeXGyrePagella(0)/b/n/5'.
(microtype)             Ignoring protrusion settings for this character.
Package microtype Info: Character `₄' is missing
(microtype)             in font `TU/TeXGyrePagella(0)/b/n/5'.
(microtype)             Ignoring protrusion settings for this character.
Package microtype Info: Character `₅' is missing
(microtype)             in font `TU/TeXGyrePagella(0)/b/n/5'.
(microtype)             Ignoring protrusion settings for this character.
Package microtype Info: Character `₆' is missing
(microtype)             in font `TU/TeXGyrePagella(0)/b/n/5'.
(microtype)             Ignoring protrusion settings for this character.
Package microtype Info: Character `₇' is missing
(microtype)             in font `TU/TeXGyrePagella(0)/b/n/5'.
(microtype)             Ignoring protrusion settings for this character.
Package microtype Info: Character `₈' is missing
(microtype)             in font `TU/TeXGyrePagella(0)/b/n/5'.
(microtype)             Ignoring protrusion settings for this character.
Package microtype Info: Character `₉' is missing
(microtype)             in font `TU/TeXGyrePagella(0)/b/n/5'.
(microtype)             Ignoring protrusion settings for this character.
Package microtype Info: Character `₊' is missing
(microtype)             in font `TU/TeXGyrePagella(0)/b/n/5'.
(microtype)             Ignoring protrusion settings for this character.
Package microtype Info: Character `₋' is missing
(microtype)             in font `TU/TeXGyrePagella(0)/b/n/5'.
(microtype)             Ignoring protrusion settings for this character.
Package microtype Info: Character `⁺' is missing
(microtype)             in font `TU/TeXGyrePagella(0)/b/n/5'.
(microtype)             Ignoring protrusion settings for this character.
Package microtype Info: Character `⁻' is missing
(microtype)             in font `TU/TeXGyrePagella(0)/b/n/5'.
(microtype)             Ignoring protrusion settings for this character.
 [14] [15] [16

]
Chapter 5.
[17

]
Package microtype Info: Character `ﬆ' is missing
(microtype)             in font `TU/TeXGyrePagella(0)/m/n/10'.
(microtype)             Ignoring protrusion settings for this character.
Package microtype Info: Character `ﬅ' is missing
(microtype)             in font `TU/TeXGyrePagella(0)/m/n/10'.
(microtype)             Ignoring protrusion settings for this character.
Package microtype Info: Character `‥' is missing
(microtype)             in font `TU/TeXGyrePagella(0)/m/n/10'.
(microtype)             Ignoring protrusion settings for this character.
Package microtype Info: Character `‼' is missing
(microtype)             in font `TU/TeXGyrePagella(0)/m/n/10'.
(microtype)             Ignoring protrusion settings for this character.
Package microtype Info: Character `⁰' is missing
(microtype)             in font `TU/TeXGyrePagella(0)/m/n/10'.
(microtype)             Ignoring protrusion settings for this character.
Package microtype Info: Character `⁴' is missing
(microtype)             in font `TU/TeXGyrePagella(0)/m/n/10'.
(microtype)             Ignoring protrusion settings for this character.
Package microtype Info: Character `⁵' is missing
(microtype)             in font `TU/TeXGyrePagella(0)/m/n/10'.
(microtype)             Ignoring protrusion settings for this character.
Package microtype Info: Character `⁶' is missing
(microtype)             in font `TU/TeXGyrePagella(0)/m/n/10'.
(microtype)             Ignoring protrusion settings for this character.
Package microtype Info: Character `⁷' is missing
(microtype)             in font `TU/TeXGyrePagella(0)/m/n/10'.
(microtype)             Ignoring protrusion settings for this character.
Package microtype Info: Character `⁸' is missing
(microtype)             in font `TU/TeXGyrePagella(0)/m/n/10'.
(microtype)             Ignoring protrusion settings for this character.
Package microtype Info: Character `⁹' is missing
(microtype)             in font `TU/TeXGyrePagella(0)/m/n/10'.
(microtype)             Ignoring protrusion settings for this character.
Package microtype Info: Character `₀' is missing
(microtype)             in font `TU/TeXGyrePagella(0)/m/n/10'.
(microtype)             Ignoring protrusion settings for this character.
Package microtype Info: Character `₁' is missing
(microtype)             in font `TU/TeXGyrePagella(0)/m/n/10'.
(microtype)             Ignoring protrusion settings for this character.
Package microtype Info: Character `₂' is missing
(microtype)             in font `TU/TeXGyrePagella(0)/m/n/10'.
(microtype)             Ignoring protrusion settings for this character.
Package microtype Info: Character `₃' is missing
(microtype)             in font `TU/TeXGyrePagella(0)/m/n/10'.
(microtype)             Ignoring protrusion settings for this character.
Package microtype Info: Character `₄' is missing
(microtype)             in font `TU/TeXGyrePagella(0)/m/n/10'.
(microtype)             Ignoring protrusion settings for this character.
Package microtype Info: Character `₅' is missing
(microtype)             in font `TU/TeXGyrePagella(0)/m/n/10'.
(microtype)             Ignoring protrusion settings for this character.
Package microtype Info: Character `₆' is missing
(microtype)             in font `TU/TeXGyrePagella(0)/m/n/10'.
(microtype)             Ignoring protrusion settings for this character.
Package microtype Info: Character `₇' is missing
(microtype)             in font `TU/TeXGyrePagella(0)/m/n/10'.
(microtype)             Ignoring protrusion settings for this character.
Package microtype Info: Character `₈' is missing
(microtype)             in font `TU/TeXGyrePagella(0)/m/n/10'.
(microtype)             Ignoring protrusion settings for this character.
Package microtype Info: Character `₉' is missing
(microtype)             in font `TU/TeXGyrePagella(0)/m/n/10'.
(microtype)             Ignoring protrusion settings for this character.
Package microtype Info: Character `₊' is missing
(microtype)             in font `TU/TeXGyrePagella(0)/m/n/10'.
(microtype)             Ignoring protrusion settings for this character.
Package microtype Info: Character `₋' is missing
(microtype)             in font `TU/TeXGyrePagella(0)/m/n/10'.
(microtype)             Ignoring protrusion settings for this character.
Package microtype Info: Character `⁺' is missing
(microtype)             in font `TU/TeXGyrePagella(0)/m/n/10'.
(microtype)             Ignoring protrusion settings for this character.
Package microtype Info: Character `⁻' is missing
(microtype)             in font `TU/TeXGyrePagella(0)/m/n/10'.
(microtype)             Ignoring protrusion settings for this character.
Package microtype Info: Character `ﬆ' is missing
(microtype)             in font `TU/TeXGyrePagella(0)/m/n/7'.
(microtype)             Ignoring protrusion settings for this character.
Package microtype Info: Character `ﬅ' is missing
(microtype)             in font `TU/TeXGyrePagella(0)/m/n/7'.
(microtype)             Ignoring protrusion settings for this character.
Package microtype Info: Character `‥' is missing
(microtype)             in font `TU/TeXGyrePagella(0)/m/n/7'.
(microtype)             Ignoring protrusion settings for this character.
Package microtype Info: Character `‼' is missing
(microtype)             in font `TU/TeXGyrePagella(0)/m/n/7'.
(microtype)             Ignoring protrusion settings for this character.
Package microtype Info: Character `⁰' is missing
(microtype)             in font `TU/TeXGyrePagella(0)/m/n/7'.
(microtype)             Ignoring protrusion settings for this character.
Package microtype Info: Character `⁴' is missing
(microtype)             in font `TU/TeXGyrePagella(0)/m/n/7'.
(microtype)             Ignoring protrusion settings for this character.
Package microtype Info: Character `⁵' is missing
(microtype)             in font `TU/TeXGyrePagella(0)/m/n/7'.
(microtype)             Ignoring protrusion settings for this character.
Package microtype Info: Character `⁶' is missing
(microtype)             in font `TU/TeXGyrePagella(0)/m/n/7'.
(microtype)             Ignoring protrusion settings for this character.
Package microtype Info: Character `⁷' is missing
(microtype)             in font `TU/TeXGyrePagella(0)/m/n/7'.
(microtype)             Ignoring protrusion settings for this character.
Package microtype Info: Character `⁸' is missing
(microtype)             in font `TU/TeXGyrePagella(0)/m/n/7'.
(microtype)             Ignoring protrusion settings for this character.
Package microtype Info: Character `⁹' is missing
(microtype)             in font `TU/TeXGyrePagella(0)/m/n/7'.
(microtype)             Ignoring protrusion settings for this character.
Package microtype Info: Character `₀' is missing
(microtype)             in font `TU/TeXGyrePagella(0)/m/n/7'.
(microtype)             Ignoring protrusion settings for this character.
Package microtype Info: Character `₁' is missing
(microtype)             in font `TU/TeXGyrePagella(0)/m/n/7'.
(microtype)             Ignoring protrusion settings for this character.
Package microtype Info: Character `₂' is missing
(microtype)             in font `TU/TeXGyrePagella(0)/m/n/7'.
(microtype)             Ignoring protrusion settings for this character.
Package microtype Info: Character `₃' is missing
(microtype)             in font `TU/TeXGyrePagella(0)/m/n/7'.
(microtype)             Ignoring protrusion settings for this character.
Package microtype Info: Character `₄' is missing
(microtype)             in font `TU/TeXGyrePagella(0)/m/n/7'.
(microtype)             Ignoring protrusion settings for this character.
Package microtype Info: Character `₅' is missing
(microtype)             in font `TU/TeXGyrePagella(0)/m/n/7'.
(microtype)             Ignoring protrusion settings for this character.
Package microtype Info: Character `₆' is missing
(microtype)             in font `TU/TeXGyrePagella(0)/m/n/7'.
(microtype)             Ignoring protrusion settings for this character.
Package microtype Info: Character `₇' is missing
(microtype)             in font `TU/TeXGyrePagella(0)/m/n/7'.
(microtype)             Ignoring protrusion settings for this character.
Package microtype Info: Character `₈' is missing
(microtype)             in font `TU/TeXGyrePagella(0)/m/n/7'.
(microtype)             Ignoring protrusion settings for this character.
Package microtype Info: Character `₉' is missing
(microtype)             in font `TU/TeXGyrePagella(0)/m/n/7'.
(microtype)             Ignoring protrusion settings for this character.
Package microtype Info: Character `₊' is missing
(microtype)             in font `TU/TeXGyrePagella(0)/m/n/7'.
(microtype)             Ignoring protrusion settings for this character.
Package microtype Info: Character `₋' is missing
(microtype)             in font `TU/TeXGyrePagella(0)/m/n/7'.
(microtype)             Ignoring protrusion settings for this character.
Package microtype Info: Character `⁺' is missing
(microtype)             in font `TU/TeXGyrePagella(0)/m/n/7'.
(microtype)             Ignoring protrusion settings for this character.
Package microtype Info: Character `⁻' is missing
(microtype)             in font `TU/TeXGyrePagella(0)/m/n/7'.
(microtype)             Ignoring protrusion settings for this character.
Package microtype Info: Character `ﬆ' is missing
(microtype)             in font `TU/TeXGyrePagella(0)/b/n/10'.
(microtype)             Ignoring protrusion settings for this character.
Package microtype Info: Character `ﬅ' is missing
(microtype)             in font `TU/TeXGyrePagella(0)/b/n/10'.
(microtype)             Ignoring protrusion settings for this character.
Package microtype Info: Character `‥' is missing
(microtype)             in font `TU/TeXGyrePagella(0)/b/n/10'.
(microtype)             Ignoring protrusion settings for this character.
Package microtype Info: Character `‼' is missing
(microtype)             in font `TU/TeXGyrePagella(0)/b/n/10'.
(microtype)             Ignoring protrusion settings for this character.
Package microtype Info: Character `⁰' is missing
(microtype)             in font `TU/TeXGyrePagella(0)/b/n/10'.
(microtype)             Ignoring protrusion settings for this character.
Package microtype Info: Character `⁴' is missing
(microtype)             in font `TU/TeXGyrePagella(0)/b/n/10'.
(microtype)             Ignoring protrusion settings for this character.
Package microtype Info: Character `⁵' is missing
(microtype)             in font `TU/TeXGyrePagella(0)/b/n/10'.
(microtype)             Ignoring protrusion settings for this character.
Package microtype Info: Character `⁶' is missing
(microtype)             in font `TU/TeXGyrePagella(0)/b/n/10'.
(microtype)             Ignoring protrusion settings for this character.
Package microtype Info: Character `⁷' is missing
(microtype)             in font `TU/TeXGyrePagella(0)/b/n/10'.
(microtype)             Ignoring protrusion settings for this character.
Package microtype Info: Character `⁸' is missing
(microtype)             in font `TU/TeXGyrePagella(0)/b/n/10'.
(microtype)             Ignoring protrusion settings for this character.
Package microtype Info: Character `⁹' is missing
(microtype)             in font `TU/TeXGyrePagella(0)/b/n/10'.
(microtype)             Ignoring protrusion settings for this character.
Package microtype Info: Character `₀' is missing
(microtype)             in font `TU/TeXGyrePagella(0)/b/n/10'.
(microtype)             Ignoring protrusion settings for this character.
Package microtype Info: Character `₁' is missing
(microtype)             in font `TU/TeXGyrePagella(0)/b/n/10'.
(microtype)             Ignoring protrusion settings for this character.
Package microtype Info: Character `₂' is missing
(microtype)             in font `TU/TeXGyrePagella(0)/b/n/10'.
(microtype)             Ignoring protrusion settings for this character.
Package microtype Info: Character `₃' is missing
(microtype)             in font `TU/TeXGyrePagella(0)/b/n/10'.
(microtype)             Ignoring protrusion settings for this character.
Package microtype Info: Character `₄' is missing
(microtype)             in font `TU/TeXGyrePagella(0)/b/n/10'.
(microtype)             Ignoring protrusion settings for this character.
Package microtype Info: Character `₅' is missing
(microtype)             in font `TU/TeXGyrePagella(0)/b/n/10'.
(microtype)             Ignoring protrusion settings for this character.
Package microtype Info: Character `₆' is missing
(microtype)             in font `TU/TeXGyrePagella(0)/b/n/10'.
(microtype)             Ignoring protrusion settings for this character.
Package microtype Info: Character `₇' is missing
(microtype)             in font `TU/TeXGyrePagella(0)/b/n/10'.
(microtype)             Ignoring protrusion settings for this character.
Package microtype Info: Character `₈' is missing
(microtype)             in font `TU/TeXGyrePagella(0)/b/n/10'.
(microtype)             Ignoring protrusion settings for this character.
Package microtype Info: Character `₉' is missing
(microtype)             in font `TU/TeXGyrePagella(0)/b/n/10'.
(microtype)             Ignoring protrusion settings for this character.
Package microtype Info: Character `₊' is missing
(microtype)             in font `TU/TeXGyrePagella(0)/b/n/10'.
(microtype)             Ignoring protrusion settings for this character.
Package microtype Info: Character `₋' is missing
(microtype)             in font `TU/TeXGyrePagella(0)/b/n/10'.
(microtype)             Ignoring protrusion settings for this character.
Package microtype Info: Character `⁺' is missing
(microtype)             in font `TU/TeXGyrePagella(0)/b/n/10'.
(microtype)             Ignoring protrusion settings for this character.
Package microtype Info: Character `⁻' is missing
(microtype)             in font `TU/TeXGyrePagella(0)/b/n/10'.
(microtype)             Ignoring protrusion settings for this character.
Package microtype Info: Character `ﬆ' is missing
(microtype)             in font `TU/TeXGyrePagella(0)/b/n/7'.
(microtype)             Ignoring protrusion settings for this character.
Package microtype Info: Character `ﬅ' is missing
(microtype)             in font `TU/TeXGyrePagella(0)/b/n/7'.
(microtype)             Ignoring protrusion settings for this character.
Package microtype Info: Character `‥' is missing
(microtype)             in font `TU/TeXGyrePagella(0)/b/n/7'.
(microtype)             Ignoring protrusion settings for this character.
Package microtype Info: Character `‼' is missing
(microtype)             in font `TU/TeXGyrePagella(0)/b/n/7'.
(microtype)             Ignoring protrusion settings for this character.
Package microtype Info: Character `⁰' is missing
(microtype)             in font `TU/TeXGyrePagella(0)/b/n/7'.
(microtype)             Ignoring protrusion settings for this character.
Package microtype Info: Character `⁴' is missing
(microtype)             in font `TU/TeXGyrePagella(0)/b/n/7'.
(microtype)             Ignoring protrusion settings for this character.
Package microtype Info: Character `⁵' is missing
(microtype)             in font `TU/TeXGyrePagella(0)/b/n/7'.
(microtype)             Ignoring protrusion settings for this character.
Package microtype Info: Character `⁶' is missing
(microtype)             in font `TU/TeXGyrePagella(0)/b/n/7'.
(microtype)             Ignoring protrusion settings for this character.
Package microtype Info: Character `⁷' is missing
(microtype)             in font `TU/TeXGyrePagella(0)/b/n/7'.
(microtype)             Ignoring protrusion settings for this character.
Package microtype Info: Character `⁸' is missing
(microtype)             in font `TU/TeXGyrePagella(0)/b/n/7'.
(microtype)             Ignoring protrusion settings for this character.
Package microtype Info: Character `⁹' is missing
(microtype)             in font `TU/TeXGyrePagella(0)/b/n/7'.
(microtype)             Ignoring protrusion settings for this character.
Package microtype Info: Character `₀' is missing
(microtype)             in font `TU/TeXGyrePagella(0)/b/n/7'.
(microtype)             Ignoring protrusion settings for this character.
Package microtype Info: Character `₁' is missing
(microtype)             in font `TU/TeXGyrePagella(0)/b/n/7'.
(microtype)             Ignoring protrusion settings for this character.
Package microtype Info: Character `₂' is missing
(microtype)             in font `TU/TeXGyrePagella(0)/b/n/7'.
(microtype)             Ignoring protrusion settings for this character.
Package microtype Info: Character `₃' is missing
(microtype)             in font `TU/TeXGyrePagella(0)/b/n/7'.
(microtype)             Ignoring protrusion settings for this character.
Package microtype Info: Character `₄' is missing
(microtype)             in font `TU/TeXGyrePagella(0)/b/n/7'.
(microtype)             Ignoring protrusion settings for this character.
Package microtype Info: Character `₅' is missing
(microtype)             in font `TU/TeXGyrePagella(0)/b/n/7'.
(microtype)             Ignoring protrusion settings for this character.
Package microtype Info: Character `₆' is missing
(microtype)             in font `TU/TeXGyrePagella(0)/b/n/7'.
(microtype)             Ignoring protrusion settings for this character.
Package microtype Info: Character `₇' is missing
(microtype)             in font `TU/TeXGyrePagella(0)/b/n/7'.
(microtype)             Ignoring protrusion settings for this character.
Package microtype Info: Character `₈' is missing
(microtype)             in font `TU/TeXGyrePagella(0)/b/n/7'.
(microtype)             Ignoring protrusion settings for this character.
Package microtype Info: Character `₉' is missing
(microtype)             in font `TU/TeXGyrePagella(0)/b/n/7'.
(microtype)             Ignoring protrusion settings for this character.
Package microtype Info: Character `₊' is missing
(microtype)             in font `TU/TeXGyrePagella(0)/b/n/7'.
(microtype)             Ignoring protrusion settings for this character.
Package microtype Info: Character `₋' is missing
(microtype)             in font `TU/TeXGyrePagella(0)/b/n/7'.
(microtype)             Ignoring protrusion settings for this character.
Package microtype Info: Character `⁺' is missing
(microtype)             in font `TU/TeXGyrePagella(0)/b/n/7'.
(microtype)             Ignoring protrusion settings for this character.
Package microtype Info: Character `⁻' is missing
(microtype)             in font `TU/TeXGyrePagella(0)/b/n/7'.
(microtype)             Ignoring protrusion settings for this character.


Package hyperref Warning: Token not allowed in a PDF string (Unicode):
(hyperref)                removing `math shift' on input line 792.


Package hyperref Warning: Token not allowed in a PDF string (Unicode):
(hyperref)                removing `math shift' on input line 792.


Package hyperref Warning: Token not allowed in a PDF string (Unicode):
(hyperref)                removing `math shift' on input line 792.


Package hyperref Warning: Token not allowed in a PDF string (Unicode):
(hyperref)                removing `math shift' on input line 792.

[18] [19]
Chapter 6.
[20

]
Package microtype Info: Character `ﬆ' is missing
(microtype)             in font `TU/TeXGyrePagella(0)/m/sc/8'.
(microtype)             Ignoring protrusion settings for this character.
Package microtype Info: Character `ﬅ' is missing
(microtype)             in font `TU/TeXGyrePagella(0)/m/sc/8'.
(microtype)             Ignoring protrusion settings for this character.
Package microtype Info: Character `‥' is missing
(microtype)             in font `TU/TeXGyrePagella(0)/m/sc/8'.
(microtype)             Ignoring protrusion settings for this character.
Package microtype Info: Character `‼' is missing
(microtype)             in font `TU/TeXGyrePagella(0)/m/sc/8'.
(microtype)             Ignoring protrusion settings for this character.
Package microtype Info: Character `⁰' is missing
(microtype)             in font `TU/TeXGyrePagella(0)/m/sc/8'.
(microtype)             Ignoring protrusion settings for this character.
Package microtype Info: Character `⁴' is missing
(microtype)             in font `TU/TeXGyrePagella(0)/m/sc/8'.
(microtype)             Ignoring protrusion settings for this character.
Package microtype Info: Character `⁵' is missing
(microtype)             in font `TU/TeXGyrePagella(0)/m/sc/8'.
(microtype)             Ignoring protrusion settings for this character.
Package microtype Info: Character `⁶' is missing
(microtype)             in font `TU/TeXGyrePagella(0)/m/sc/8'.
(microtype)             Ignoring protrusion settings for this character.
Package microtype Info: Character `⁷' is missing
(microtype)             in font `TU/TeXGyrePagella(0)/m/sc/8'.
(microtype)             Ignoring protrusion settings for this character.
Package microtype Info: Character `⁸' is missing
(microtype)             in font `TU/TeXGyrePagella(0)/m/sc/8'.
(microtype)             Ignoring protrusion settings for this character.
Package microtype Info: Character `⁹' is missing
(microtype)             in font `TU/TeXGyrePagella(0)/m/sc/8'.
(microtype)             Ignoring protrusion settings for this character.
Package microtype Info: Character `₀' is missing
(microtype)             in font `TU/TeXGyrePagella(0)/m/sc/8'.
(microtype)             Ignoring protrusion settings for this character.
Package microtype Info: Character `₁' is missing
(microtype)             in font `TU/TeXGyrePagella(0)/m/sc/8'.
(microtype)             Ignoring protrusion settings for this character.
Package microtype Info: Character `₂' is missing
(microtype)             in font `TU/TeXGyrePagella(0)/m/sc/8'.
(microtype)             Ignoring protrusion settings for this character.
Package microtype Info: Character `₃' is missing
(microtype)             in font `TU/TeXGyrePagella(0)/m/sc/8'.
(microtype)             Ignoring protrusion settings for this character.
Package microtype Info: Character `₄' is missing
(microtype)             in font `TU/TeXGyrePagella(0)/m/sc/8'.
(microtype)             Ignoring protrusion settings for this character.
Package microtype Info: Character `₅' is missing
(microtype)             in font `TU/TeXGyrePagella(0)/m/sc/8'.
(microtype)             Ignoring protrusion settings for this character.
Package microtype Info: Character `₆' is missing
(microtype)             in font `TU/TeXGyrePagella(0)/m/sc/8'.
(microtype)             Ignoring protrusion settings for this character.
Package microtype Info: Character `₇' is missing
(microtype)             in font `TU/TeXGyrePagella(0)/m/sc/8'.
(microtype)             Ignoring protrusion settings for this character.
Package microtype Info: Character `₈' is missing
(microtype)             in font `TU/TeXGyrePagella(0)/m/sc/8'.
(microtype)             Ignoring protrusion settings for this character.
Package microtype Info: Character `₉' is missing
(microtype)             in font `TU/TeXGyrePagella(0)/m/sc/8'.
(microtype)             Ignoring protrusion settings for this character.
Package microtype Info: Character `₊' is missing
(microtype)             in font `TU/TeXGyrePagella(0)/m/sc/8'.
(microtype)             Ignoring protrusion settings for this character.
Package microtype Info: Character `₋' is missing
(microtype)             in font `TU/TeXGyrePagella(0)/m/sc/8'.
(microtype)             Ignoring protrusion settings for this character.
Package microtype Info: Character `⁺' is missing
(microtype)             in font `TU/TeXGyrePagella(0)/m/sc/8'.
(microtype)             Ignoring protrusion settings for this character.
Package microtype Info: Character `⁻' is missing
(microtype)             in font `TU/TeXGyrePagella(0)/m/sc/8'.
(microtype)             Ignoring protrusion settings for this character.
Package microtype Info: Character `ﬅ' is missing
(microtype)             in font `TU/TeXGyrePagella(0)/m/sc/8'.
(microtype)             Ignoring protrusion settings for this character.
Package microtype Info: Character `ﬆ' is missing
(microtype)             in font `TU/TeXGyrePagella(0)/m/sc/8'.
(microtype)             Ignoring protrusion settings for this character.
 [21] [22] [23

]
Chapter 7.
[24

] [25] [26]
Chapter 8.
[27

] [28]
Chapter 9.
Package microtype Info: Loading generic protrusion settings for font family
(microtype)             `lmtt' (encoding: TU).
(microtype)             For optimal results, create family-specific settings.
(microtype)             See the microtype manual for details.
[29

] [30]
Chapter 10.
[31

] [32

]
Chapter 11.
[33

]
Underfull \hbox (badness 1859) in paragraph at lines 1475--1476
[]\TU/TeXGyrePagella(0)/m/n/10 An early bad seg-men-ta-tion
 []


Underfull \hbox (badness 10000) in paragraph at lines 1475--1476
\TU/TeXGyrePagella(0)/m/n/10 be-comes frozen and load-
 []


Underfull \hbox (badness 4846) in paragraph at lines 1476--1478
[]\TU/TeXGyrePagella(0)/m/n/10 Sched-uled re-heat-ing: tem-
 []


Underfull \hbox (badness 10000) in paragraph at lines 1479--1479
[]\TU/TeXGyrePagella(0)/m/n/10 Hal-lu-ci-nated
 []


Underfull \hbox (badness 1838) in paragraph at lines 1479--1480
\TU/TeXGyrePagella(0)/m/n/10 model drifts into plausible-
 []


Underfull \hbox (badness 10000) in paragraph at lines 1485--1487
\TU/TeXGyrePagella(0)/m/n/10 thresh-olded sep-a-rately for
 []

[34] [35]
Chapter 12.
[36

] [37

] [38


] (./waves-of-collapse.aux)
 ***********
LaTeX2e <2023-11-01> patch level 1
L3 programming layer <2024-01-22>
 ***********
Package rerunfilecheck Info: File `waves-of-collapse.out' has not changed.
(rerunfilecheck)             Checksum: FE3E15BD5F58C5A104FB23093951F6CE;12737.
)

Here is how much of LuaTeX's memory you used:
 38889 strings out of 476553
 125240,1977958 words of node,token memory allocated
 670 words of node memory still in use:
   7 hlist, 2 vlist, 2 rule, 1 local_par, 4 glue, 5 kern, 1 penalty, 3 glyph, 29
 attribute, 60 glue_spec, 29 attribute_list, 2 write nodes
   avail lists: 1:2,2:1295,3:816,4:193,5:1031,6:83,7:8708,8:43,9:407,10:23,11:68
6
 59857 multiletter control sequences out of 65536+600000
 109 fonts using 13821303 bytes
 84i,19n,89p,1013b,2267s stack positions out of 10000i,1000n,20000p,200000b,200000s
</usr/share/texmf/fonts/opentype/public/lm/lmmono10-regular.otf></usr/share/texm
f/fonts/opentype/public/lm/lmsans10-regular.otf></usr/share/texmf/fonts/opentype
/public/tex-gyre/texgyrepagella-italic.otf></usr/share/texmf/fonts/opentype/publ
ic/tex-gyre/texgyrepagella-regular.otf></usr/share/texmf/fonts/opentype/public/t
ex-gyre/texgyrepagella-bold.otf></usr/share/texlive/texmf-dist/fonts/type1/publi
c/amsfonts/cm/cmex10.pfb></usr/share/texlive/texmf-dist/fonts/type1/public/amsfo
nts/cm/cmmi10.pfb></usr/share/texlive/texmf-dist/fonts/type1/public/amsfonts/cm/
cmmi6.pfb></usr/share/texlive/texmf-dist/fonts/type1/public/amsfonts/cm/cmmi8.pf
b></usr/share/texlive/texmf-dist/fonts/type1/public/amsfonts/cm/cmr10.pfb></usr/
share/texlive/texmf-dist/fonts/type1/public/amsfonts/cm/cmr12.pfb></usr/share/te
xlive/texmf-dist/fonts/type1/public/amsfonts/cm/cmr6.pfb></usr/share/texlive/tex
mf-dist/fonts/type1/public/amsfonts/cm/cmr8.pfb></usr/share/texlive/texmf-dist/f
onts/type1/public/amsfonts/cm/cmsy10.pfb></usr/share/texlive/texmf-dist/fonts/ty
pe1/public/amsfonts/cm/cmsy6.pfb></usr/share/texlive/texmf-dist/fonts/type1/publ
ic/amsfonts/cm/cmsy8.pfb>
Output written on waves-of-collapse.pdf (42 pages, 267355 bytes).

PDF statistics: 572 PDF objects out of 1000 (max. 8388607)
 497 compressed objects within 5 object streams
 128 named destinations out of 1000 (max. 131072)
 440 words of extra memory for PDF output out of 10000 (max. 100000000)

