This is LuaHBTeX, Version 1.17.0 (TeX Live 2023/Debian)  (format=lualatex 2026.5.3)  30 MAY 2026 14:21
 restricted system commands enabled.
**main.tex
(./main.tex
LaTeX2e <2023-11-01> patch level 1
L3 programming layer <2024-01-22>
Lua module: luaotfload 2023-08-31 3.26 Lua based OpenType font support
Lua module: lualibs 2023-07-13 2.76 ConTeXt Lua standard libraries.
Lua module: lualibs-extended 2023-07-13 2.76 ConTeXt Lua libraries -- extended c
ollection.
luaotfload | conf : Root cache directory is "/home/flyxion/.texlive2023/texmf-va
r/luatex-cache/generic/names".
luaotfload | init : Loading fontloader "fontloader-2023-08-19.lua" from kpse-res
olved path "/usr/share/texlive/texmf-dist/tex/luatex/luaotfload/fontloader-2023-
08-19.lua".
Lua-only attribute luaotfload@noligature = 1
luaotfload | init : Context OpenType loader version 3.133
Inserting `luaotfload.node_processor' in `pre_linebreak_filter'.
Inserting `luaotfload.node_processor' in `hpack_filter'.
Inserting `luaotfload.glyph_stream' in `glyph_stream_provider'.
Inserting `luaotfload.define_font' in `define_font'.
Lua-only attribute luaotfload_color_attribute = 2
luaotfload | conf : Root cache directory is "/home/flyxion/.texlive2023/texmf-va
r/luatex-cache/generic/names".
Inserting `luaotfload.harf.strip_prefix' in `find_opentype_file'.
Inserting `luaotfload.harf.strip_prefix' in `find_truetype_file'.
Removing  `luaotfload.glyph_stream' from `glyph_stream_provider'.
Inserting `luaotfload.harf.glyphstream' in `glyph_stream_provider'.
Inserting `luaotfload.harf.finalize_vlist' in `post_linebreak_filter'.
Inserting `luaotfload.harf.finalize_hlist' in `hpack_filter'.
Inserting `luaotfload.cleanup_files' in `wrapup_run'.
Inserting `luaotfload.harf.finalize_unicode' in `finish_pdffile'.
Inserting `luaotfload.glyphinfo' in `glyph_info'.
Lua-only attribute luaotfload.letterspace_done = 3
Inserting `luaotfload.aux.set_sscale_dimens' in `luaotfload.patch_font'.
Inserting `luaotfload.aux.set_font_index' in `luaotfload.patch_font'.
Inserting `luaotfload.aux.patch_cambria_domh' in `luaotfload.patch_font'.
Inserting `luaotfload.aux.fixup_fontdata' in `luaotfload.patch_font_unsafe'.
Inserting `luaotfload.aux.set_capheight' in `luaotfload.patch_font'.
Inserting `luaotfload.aux.set_xheight' in `luaotfload.patch_font'.
Inserting `luaotfload.rewrite_fontname' in `luaotfload.patch_font'.
Inserting `tracingstacklevels' in `input_level_string'. (/usr/share/texlive/tex
mf-dist/tex/latex/base/book.cls
Document Class: book 2023/05/17 v1.4n Standard LaTeX document class
(/usr/share/texlive/texmf-dist/tex/latex/base/bk12.clo
File: bk12.clo 2023/05/17 v1.4n Standard LaTeX file (size option)
luaotfload | db : Font names database loaded from /home/flyxion/.texlive2023/tex
mf-var/luatex-cache/generic/names/luaotfload-names.luc.gz)
\c@part=\count185
\c@chapter=\count186
\c@section=\count187
\c@subsection=\count188
\c@subsubsection=\count189
\c@paragraph=\count190
\c@subparagraph=\count191
\c@figure=\count192
\c@table=\count193
\abovecaptionskip=\skip48
\belowcaptionskip=\skip49
\bibindent=\dimen139
)
(/usr/share/texlive/texmf-dist/tex/latex/fontspec/fontspec.sty
(/usr/share/texlive/texmf-dist/tex/latex/l3packages/xparse/xparse.sty
(/usr/share/texlive/texmf-dist/tex/latex/l3kernel/expl3.sty
Package: expl3 2024-01-22 L3 programming layer (loader) 

(/usr/share/texlive/texmf-dist/tex/latex/l3backend/l3backend-luatex.def
File: l3backend-luatex.def 2024-01-04 L3 backend support: PDF output (LuaTeX)
\l__color_backend_stack_int=\count194
Inserting `l3color' in `luaotfload.parse_color'.
\l__pdf_internal_box=\box51
))
Package: xparse 2023-10-10 L3 Experimental document command parser
)
Package: fontspec 2022/01/15 v2.8a Font selection for XeLaTeX and LuaLaTeX
Lua module: fontspec 2022/01/15 2.8a Font selection for XeLaTeX and LuaLaTeX
(/usr/share/texlive/texmf-dist/tex/latex/fontspec/fontspec-luatex.sty
Package: fontspec-luatex 2022/01/15 v2.8a Font selection for XeLaTeX and LuaLaT
eX
\l__fontspec_script_int=\count195
\l__fontspec_language_int=\count196
\l__fontspec_strnum_int=\count197
\l__fontspec_tmp_int=\count198
\l__fontspec_tmpa_int=\count199
\l__fontspec_tmpb_int=\count266
\l__fontspec_tmpc_int=\count267
\l__fontspec_em_int=\count268
\l__fontspec_emdef_int=\count269
\l__fontspec_strong_int=\count270
\l__fontspec_strongdef_int=\count271
\l__fontspec_tmpa_dim=\dimen140
\l__fontspec_tmpb_dim=\dimen141
\l__fontspec_tmpc_dim=\dimen142

(/usr/share/texlive/texmf-dist/tex/latex/base/fontenc.sty
Package: fontenc 2021/04/29 v2.0v Standard LaTeX package
)
(/usr/share/texlive/texmf-dist/tex/latex/fontspec/fontspec.cfg)))
(/usr/share/texlive/texmf-dist/tex/lualatex/luacode/luacode.sty
Package: luacode 2012/01/23 v1.2a lua-in-tex helpers (mpg)

(/usr/share/texlive/texmf-dist/tex/generic/iftex/ifluatex.sty
Package: ifluatex 2019/10/25 v1.5 ifluatex legacy package. Use iftex instead.

(/usr/share/texlive/texmf-dist/tex/generic/iftex/iftex.sty
Package: iftex 2022/02/03 v1.0f TeX engine tests
))
(/usr/share/texlive/texmf-dist/tex/luatex/luatexbase/luatexbase.sty
Package: luatexbase 2015/10/04 v1.3 luatexbase interface to LuaTeX 

(/usr/share/texlive/texmf-dist/tex/luatex/ctablestack/ctablestack.sty
Package: ctablestack 2015/10/01 v1.0 Catcode table stable support
\@catcodetablestackcnt=\count272
)
\CatcodeTableOther=\catcodetable14
\CatcodeTableExpl=\catcodetable15
)
\luacode@lines=\toks17
\luacode@table@soft=\catcodetable16
)
(/usr/share/texlive/texmf-dist/tex/latex/microtype/microtype.sty
Package: microtype 2023/03/13 v3.1a Micro-typographical refinements (RS)

(/usr/share/texlive/texmf-dist/tex/latex/graphics/keyval.sty
Package: keyval 2022/05/29 v1.15 key=value parser (DPC)
\KV@toks@=\toks18
)
(/usr/share/texlive/texmf-dist/tex/latex/etoolbox/etoolbox.sty
Package: etoolbox 2020/10/05 v2.5k e-TeX tools for LaTeX (JAW)
\etb@tempcnta=\count273
)
\MT@toks=\toks19
\MT@tempbox=\box52
\MT@count=\count274
LaTeX Info: Redefining \noprotrusionifhmode on input line 1059.
LaTeX Info: Redefining \leftprotrusion on input line 1060.
\MT@prot@toks=\toks20
LaTeX Info: Redefining \rightprotrusion on input line 1078.
LaTeX Info: Redefining \textls on input line 1368.
\MT@outer@kern=\dimen143
LaTeX Info: Redefining \textmicrotypecontext on input line 1988.
\MT@listname@count=\count275

(/usr/share/texlive/texmf-dist/tex/latex/microtype/microtype-luatex.def
File: microtype-luatex.def 2023/03/13 v3.1a Definitions specific to luatex (RS)

Lua module: microtype 2023/03/13 3.1a microtype module.
Module microtype Info: overwriting function `keepligature' on input line 63
LaTeX Info: Redefining \lsstyle on input line 688.
LaTeX Info: Redefining \lslig on input line 688.
\MT@outer@space=\skip50
)
Package microtype Info: Loading configuration file microtype.cfg.

(/usr/share/texlive/texmf-dist/tex/latex/microtype/microtype.cfg
File: microtype.cfg 2023/03/13 v3.1a microtype main configuration file (RS)
))
(/usr/share/texlive/texmf-dist/tex/latex/amsmath/amsmath.sty
Package: amsmath 2023/05/13 v2.17o AMS math features
\@mathmargin=\skip51

For additional information on amsmath, use the `?' option.
(/usr/share/texlive/texmf-dist/tex/latex/amsmath/amstext.sty
Package: amstext 2021/08/26 v2.01 AMS text

(/usr/share/texlive/texmf-dist/tex/latex/amsmath/amsgen.sty
File: amsgen.sty 1999/11/30 v2.0 generic functions
\@emptytoks=\toks21
\ex@=\dimen144
))
(/usr/share/texlive/texmf-dist/tex/latex/amsmath/amsbsy.sty
Package: amsbsy 1999/11/29 v1.2d Bold Symbols
\pmbraise@=\dimen145
)
(/usr/share/texlive/texmf-dist/tex/latex/amsmath/amsopn.sty
Package: amsopn 2022/04/08 v2.04 operator names
)
\inf@bad=\count276
LaTeX Info: Redefining \frac on input line 236.
\uproot@=\count277
\leftroot@=\count278
LaTeX Info: Redefining \overline on input line 399.
LaTeX Info: Redefining \colon on input line 410.
\classnum@=\count279
\DOTSCASE@=\count280
LaTeX Info: Redefining \ldots on input line 496.
LaTeX Info: Redefining \dots on input line 499.
LaTeX Info: Redefining \cdots on input line 620.
\Mathstrutbox@=\box53
\strutbox@=\box54
LaTeX Info: Redefining \big on input line 722.
LaTeX Info: Redefining \Big on input line 723.
LaTeX Info: Redefining \bigg on input line 724.
LaTeX Info: Redefining \Bigg on input line 725.
\big@size=\dimen146
LaTeX Font Info:    Redeclaring font encoding OML on input line 743.
LaTeX Font Info:    Redeclaring font encoding OMS on input line 744.
\macc@depth=\count281
LaTeX Info: Redefining \bmod on input line 905.
LaTeX Info: Redefining \pmod on input line 910.
LaTeX Info: Redefining \smash on input line 940.
LaTeX Info: Redefining \relbar on input line 970.
LaTeX Info: Redefining \Relbar on input line 971.
\c@MaxMatrixCols=\count282
\dotsspace@=\muskip16
\c@parentequation=\count283
\dspbrk@lvl=\count284
\tag@help=\toks22
\row@=\count285
\column@=\count286
\maxfields@=\count287
\andhelp@=\toks23
\eqnshift@=\dimen147
\alignsep@=\dimen148
\tagshift@=\dimen149
\tagwidth@=\dimen150
\totwidth@=\dimen151
\lineht@=\dimen152
\@envbody=\toks24
\multlinegap=\skip52
\multlinetaggap=\skip53
\mathdisplay@stack=\toks25
LaTeX Info: Redefining \[ on input line 2953.
LaTeX Info: Redefining \] on input line 2954.
)
(/usr/share/texlive/texmf-dist/tex/latex/amsfonts/amssymb.sty
Package: amssymb 2013/01/14 v3.01 AMS font symbols

(/usr/share/texlive/texmf-dist/tex/latex/amsfonts/amsfonts.sty
Package: amsfonts 2013/01/14 v3.01 Basic AMSFonts support
\symAMSa=\mathgroup4
\symAMSb=\mathgroup5
LaTeX Font Info:    Redeclaring math symbol \hbar on input line 98.
LaTeX Font Info:    Overwriting math alphabet `\mathfrak' in version `bold'
(Font)                  U/euf/m/n --> U/euf/b/n on input line 106.
))
(/usr/share/texlive/texmf-dist/tex/latex/amscls/amsthm.sty
Package: amsthm 2020/05/29 v2.20.6
\thm@style=\toks26
\thm@bodyfont=\toks27
\thm@headfont=\toks28
\thm@notefont=\toks29
\thm@headpunct=\toks30
\thm@preskip=\skip54
\thm@postskip=\skip55
\thm@headsep=\skip56
\dth@everypar=\toks31
)
(/usr/share/texlive/texmf-dist/tex/latex/mathtools/mathtools.sty
Package: mathtools 2022/06/29 v1.29 mathematical typesetting tools

(/usr/share/texlive/texmf-dist/tex/latex/tools/calc.sty
Package: calc 2023/07/08 v4.3 Infix arithmetic (KKT,FJ)
\calc@Acount=\count288
\calc@Bcount=\count289
\calc@Adimen=\dimen153
\calc@Bdimen=\dimen154
\calc@Askip=\skip57
\calc@Bskip=\skip58
LaTeX Info: Redefining \setlength on input line 80.
LaTeX Info: Redefining \addtolength on input line 81.
\calc@Ccount=\count290
\calc@Cskip=\skip59
)
(/usr/share/texlive/texmf-dist/tex/latex/mathtools/mhsetup.sty
Package: mhsetup 2021/03/18 v1.4 programming setup (MH)
)
\g_MT_multlinerow_int=\count291
\l_MT_multwidth_dim=\dimen155
\origjot=\skip60
\l_MT_shortvdotswithinadjustabove_dim=\dimen156
\l_MT_shortvdotswithinadjustbelow_dim=\dimen157
\l_MT_above_intertext_sep=\dimen158
\l_MT_below_intertext_sep=\dimen159
\l_MT_above_shortintertext_sep=\dimen160
\l_MT_below_shortintertext_sep=\dimen161
\xmathstrut@box=\box55
\xmathstrut@dim=\dimen162
)
(/usr/share/texlive/texmf-dist/tex/latex/unicode-math/unicode-math.sty
Package: unicode-math 2023/08/13 v0.8r Unicode maths in XeLaTeX and LuaLaTeX

(/usr/share/texlive/texmf-dist/tex/latex/unicode-math/unicode-math-luatex.sty
Package: unicode-math-luatex 2023/08/13 v0.8r Unicode maths in XeLaTeX and LuaL
aTeX

(/usr/share/texlive/texmf-dist/tex/latex/l3packages/l3keys2e/l3keys2e.sty
Package: l3keys2e 2023-10-10 LaTeX2e option processing using LaTeX3 keys
)
(/usr/share/texlive/texmf-dist/tex/latex/base/fix-cm.sty
Package: fix-cm 2020/11/24 v1.1t fixes to LaTeX

(/usr/share/texlive/texmf-dist/tex/latex/base/ts1enc.def
File: ts1enc.def 2001/06/05 v3.0e (jk/car/fm) Standard LaTeX file
LaTeX Font Info:    Redeclaring font encoding TS1 on input line 47.
))
(/usr/share/texlive/texmf-dist/tex/lualatex/lualatex-math/lualatex-math.sty
Package: lualatex-math 2022/01/01 v1.12 Patches for mathematics typesetting wit
h LuaLaTeX
Lua module: lualatex-math 2013/08/03 1.3 Patches for mathematics typesetting wit
h LuaLaTeX)
\g__um_fam_int=\count292
\g__um_fonts_used_int=\count293
\l__um_primecount_int=\count294
\g__um_primekern_muskip=\muskip17

(/usr/share/texlive/texmf-dist/tex/latex/unicode-math/unicode-math-table.tex)))
luaotfload | cache : Lookup cache loaded from /home/flyxion/.texlive2023/texmf-v
ar/luatex-cache/generic/names/luaotfload-lookup-cache.luc.

Package fontspec Info: Font family 'TeXGyrePagella(0)' created for font 'TeX
(fontspec)             Gyre Pagella' with options [Ligatures=TeX].
(fontspec)              
(fontspec)              This font family consists of the following NFSS
(fontspec)             series/shapes:
(fontspec)              
(fontspec)             - 'normal' (m/n) with NFSS spec.:
(fontspec)             <->"TeXGyrePagella:mode=node;script=latn;language=dflt;+
tlig;"
(fontspec)             - 'small caps'  (m/sc) with NFSS spec.:
(fontspec)             <->"TeXGyrePagella:mode=node;script=latn;language=dflt;+
tlig;+smcp;"
(fontspec)             - 'bold' (b/n) with NFSS spec.:
(fontspec)             <->"TeXGyrePagella/B:mode=node;script=latn;language=dflt
;+tlig;"
(fontspec)             - 'bold small caps'  (b/sc) with NFSS spec.:
(fontspec)             <->"TeXGyrePagella/B:mode=node;script=latn;language=dflt
;+tlig;+smcp;"
(fontspec)             - 'italic' (m/it) with NFSS spec.:
(fontspec)             <->"TeXGyrePagella/I:mode=node;script=latn;language=dflt
;+tlig;"
(fontspec)             - 'italic small caps'  (m/scit) with NFSS spec.:
(fontspec)             <->"TeXGyrePagella/I:mode=node;script=latn;language=dflt
;+tlig;+smcp;"
(fontspec)             - 'bold italic' (b/it) with NFSS spec.:
(fontspec)             <->"TeXGyrePagella/BI:mode=node;script=latn;language=dfl
t;+tlig;"
(fontspec)             - 'bold italic small caps'  (b/scit) with NFSS spec.:
(fontspec)             <->"TeXGyrePagella/BI:mode=node;script=latn;language=dfl
t;+tlig;+smcp;"


Package fontspec Info: Font family 'TeXGyrePagella(1)' created for font 'TeX
(fontspec)             Gyre Pagella' with options [Renderer=Basic].
(fontspec)              
(fontspec)              This font family consists of the following NFSS
(fontspec)             series/shapes:
(fontspec)              
(fontspec)             - 'normal' (m/n) with NFSS spec.:
(fontspec)             <->"TeXGyrePagella:mode=base;script=latn;language=dflt;"

(fontspec)             - 'small caps'  (m/sc) with NFSS spec.:
(fontspec)             <->"TeXGyrePagella:mode=base;script=latn;language=dflt;+
smcp;"
(fontspec)             - 'bold' (b/n) with NFSS spec.:
(fontspec)             <->"TeXGyrePagella/B:mode=base;script=latn;language=dflt
;"
(fontspec)             - 'bold small caps'  (b/sc) with NFSS spec.:
(fontspec)             <->"TeXGyrePagella/B:mode=base;script=latn;language=dflt
;+smcp;"
(fontspec)             - 'italic' (m/it) with NFSS spec.:
(fontspec)             <->"TeXGyrePagella/I:mode=base;script=latn;language=dflt
;"
(fontspec)             - 'italic small caps'  (m/scit) with NFSS spec.:
(fontspec)             <->"TeXGyrePagella/I:mode=base;script=latn;language=dflt
;+smcp;"
(fontspec)             - 'bold italic' (b/it) with NFSS spec.:
(fontspec)             <->"TeXGyrePagella/BI:mode=base;script=latn;language=dfl
t;"
(fontspec)             - 'bold italic small caps'  (b/scit) with NFSS spec.:
(fontspec)             <->"TeXGyrePagella/BI:mode=base;script=latn;language=dfl
t;+smcp;"

LaTeX Font Info:    Overwriting math alphabet `\mathrm' in version `normal'
(Font)                  OT1/cmr/m/n --> TU/TeXGyrePagella(1)/m/n on input line 
26.
LaTeX Font Info:    Overwriting math alphabet `\mathit' in version `normal'
(Font)                  OT1/cmr/m/it --> TU/TeXGyrePagella(1)/m/it on input lin
e 26.
LaTeX Font Info:    Overwriting math alphabet `\mathbf' in version `normal'
(Font)                  OT1/cmr/bx/n --> TU/TeXGyrePagella(1)/b/n on input line
 26.

Package fontspec Info: Could not resolve font "LatinModernMath/B" (it probably
(fontspec)             doesn't exist).


Package fontspec Info: Font family 'LatinModernMath(0)' created for font
(fontspec)             'Latin Modern Math' with options
(fontspec)             [Renderer=Basic,BoldItalicFont={},ItalicFont={},SmallCap
sFont={},Script=Math,RawFeature={mathfontdimen=xetex}].
(fontspec)              
(fontspec)              This font family consists of the following NFSS
(fontspec)             series/shapes:
(fontspec)              
(fontspec)             - 'normal' (m/n) with NFSS spec.:
(fontspec)             <->"LatinModernMath:mode=base;script=math;language=dflt;
mathfontdimen=xetex;"
(fontspec)             - 'small caps'  (m/sc) with NFSS spec.: 


Package fontspec Info: Could not resolve font "LatinModernMath/B" (it probably
(fontspec)             doesn't exist).


Package fontspec Info: Font family 'LatinModernMath(1)' created for font
(fontspec)             'Latin Modern Math' with options
(fontspec)             [Renderer=Basic,BoldItalicFont={},ItalicFont={},SmallCap
sFont={},Script=Math,SizeFeatures={{Size=10.2-},{Size=7.2-10.2,Font=Latin
(fontspec)             Modern Math,Style=MathScript},{Size=-7.2,Font=Latin
(fontspec)             Modern
(fontspec)             Math,Style=MathScriptScript}},RawFeature={mathfontdimen=
xetex}].
(fontspec)              
(fontspec)              This font family consists of the following NFSS
(fontspec)             series/shapes:
(fontspec)              
(fontspec)             - 'normal' (m/n) with NFSS spec.:
(fontspec)             <10.2->"LatinModernMath:mode=base;script=math;language=d
flt;mathfontdimen=xetex;"<7.2-10.2>"LatinModernMath:mode=base;script=math;langu
age=dflt;mathfontdimen=xetex;+ssty=0;"<-7.2>"LatinModernMath:mode=base;script=m
ath;language=dflt;mathfontdimen=xetex;+ssty=1;"
(fontspec)             - 'small caps'  (m/sc) with NFSS spec.: 

LaTeX Font Info:    Encoding `OT1' has changed to `TU' for symbol font
(Font)              `operators' in the math version `normal' on input line 27.
LaTeX Font Info:    Overwriting symbol font `operators' in version `normal'
(Font)                  OT1/cmr/m/n --> TU/LatinModernMath(1)/m/n on input line
 27.
LaTeX Font Info:    Encoding `OT1' has changed to `TU' for symbol font
(Font)              `operators' in the math version `bold' on input line 27.
LaTeX Font Info:    Overwriting symbol font `operators' in version `bold'
(Font)                  OT1/cmr/bx/n --> TU/LatinModernMath(1)/b/n on input lin
e 27.

Package fontspec Info: Could not resolve font "LatinModernMath/B" (it probably
(fontspec)             doesn't exist).


Package fontspec Info: Font family 'LatinModernMath(2)' created for font
(fontspec)             'Latin Modern Math' with options
(fontspec)             [Renderer=Basic,BoldItalicFont={},ItalicFont={},SmallCap
sFont={},Script=Math,SizeFeatures={{Size=10.2-},{Size=7.2-10.2,Font=Latin
(fontspec)             Modern Math,Style=MathScript},{Size=-7.2,Font=Latin
(fontspec)             Modern
(fontspec)             Math,Style=MathScriptScript}},RawFeature={mathfontdimen=
xetex},RawFeature={mathfontdimen=tex2}].
(fontspec)              
(fontspec)              This font family consists of the following NFSS
(fontspec)             series/shapes:
(fontspec)              
(fontspec)             - 'normal' (m/n) with NFSS spec.:
(fontspec)             <10.2->"LatinModernMath:mode=base;script=math;language=d
flt;mathfontdimen=xetex;mathfontdimen=tex2;"<7.2-10.2>"LatinModernMath:mode=bas
e;script=math;language=dflt;mathfontdimen=xetex;mathfontdimen=tex2;+ssty=0;"<-7
.2>"LatinModernMath:mode=base;script=math;language=dflt;mathfontdimen=xetex;mat
hfontdimen=tex2;+ssty=1;"
(fontspec)             - 'small caps'  (m/sc) with NFSS spec.: 

LaTeX Font Info:    Encoding `OMS' has changed to `TU' for symbol font
(Font)              `symbols' in the math version `normal' on input line 27.
LaTeX Font Info:    Overwriting symbol font `symbols' in version `normal'
(Font)                  OMS/cmsy/m/n --> TU/LatinModernMath(2)/m/n on input lin
e 27.
LaTeX Font Info:    Encoding `OMS' has changed to `TU' for symbol font
(Font)              `symbols' in the math version `bold' on input line 27.
LaTeX Font Info:    Overwriting symbol font `symbols' in version `bold'
(Font)                  OMS/cmsy/b/n --> TU/LatinModernMath(2)/b/n on input lin
e 27.

Package fontspec Info: Could not resolve font "LatinModernMath/B" (it probably
(fontspec)             doesn't exist).


Package fontspec Info: Font family 'LatinModernMath(3)' created for font
(fontspec)             'Latin Modern Math' with options
(fontspec)             [Renderer=Basic,BoldItalicFont={},ItalicFont={},SmallCap
sFont={},Script=Math,SizeFeatures={{Size=10.2-},{Size=7.2-10.2,Font=Latin
(fontspec)             Modern Math,Style=MathScript},{Size=-7.2,Font=Latin
(fontspec)             Modern
(fontspec)             Math,Style=MathScriptScript}},RawFeature={mathfontdimen=
xetex},RawFeature={mathfontdimen=tex3}].
(fontspec)              
(fontspec)              This font family consists of the following NFSS
(fontspec)             series/shapes:
(fontspec)              
(fontspec)             - 'normal' (m/n) with NFSS spec.:
(fontspec)             <10.2->"LatinModernMath:mode=base;script=math;language=d
flt;mathfontdimen=xetex;mathfontdimen=tex3;"<7.2-10.2>"LatinModernMath:mode=bas
e;script=math;language=dflt;mathfontdimen=xetex;mathfontdimen=tex3;+ssty=0;"<-7
.2>"LatinModernMath:mode=base;script=math;language=dflt;mathfontdimen=xetex;mat
hfontdimen=tex3;+ssty=1;"
(fontspec)             - 'small caps'  (m/sc) with NFSS spec.: 

LaTeX Font Info:    Encoding `OMX' has changed to `TU' for symbol font
(Font)              `largesymbols' in the math version `normal' on input line 2
7.
LaTeX Font Info:    Overwriting symbol font `largesymbols' in version `normal'
(Font)                  OMX/cmex/m/n --> TU/LatinModernMath(3)/m/n on input lin
e 27.
LaTeX Font Info:    Encoding `OMX' has changed to `TU' for symbol font
(Font)              `largesymbols' in the math version `bold' on input line 27.

LaTeX Font Info:    Overwriting symbol font `largesymbols' in version `bold'
(Font)                  OMX/cmex/m/n --> TU/LatinModernMath(3)/b/n on input lin
e 27.
LaTeX Font Info:    Trying to load font information for U+msa on input line 27.

(/usr/share/texlive/texmf-dist/tex/latex/amsfonts/umsa.fd
File: umsa.fd 2013/01/14 v3.01 AMS symbols A
)
LaTeX Font Info:    Trying to load font information for U+msb on input line 27.


(/usr/share/texlive/texmf-dist/tex/latex/amsfonts/umsb.fd
File: umsb.fd 2013/01/14 v3.01 AMS symbols B
)

Package fontspec Info: TeXGyreHeros scale = 0.8950377465171526.


Package fontspec Info: TeXGyreHeros scale = 0.8950377465171526.


Package fontspec Info: TeXGyreHeros scale = 0.8950377465171526.


Package fontspec Info: TeXGyreHeros/B scale = 0.868517969077457.


Package fontspec Info: TeXGyreHeros/B scale = 0.868517969077457.


Package fontspec Info: TeXGyreHeros/I scale = 0.8950377465171526.


Package fontspec Info: TeXGyreHeros/I scale = 0.8950377465171526.


Package fontspec Info: TeXGyreHeros/BI scale = 0.868517969077457.


Package fontspec Info: TeXGyreHeros/BI scale = 0.868517969077457.


Package fontspec Info: Font family 'TeXGyreHeros(0)' created for font 'TeX
(fontspec)             Gyre Heros' with options
(fontspec)             [Ligatures=TeX,Scale=MatchLowercase].
(fontspec)              
(fontspec)              This font family consists of the following NFSS
(fontspec)             series/shapes:
(fontspec)              
(fontspec)             - 'normal' (m/n) with NFSS spec.:
(fontspec)             <->s*[0.8950377465171526]"TeXGyreHeros:mode=node;script=
latn;language=dflt;+tlig;"
(fontspec)             - 'small caps'  (m/sc) with NFSS spec.:
(fontspec)             <->s*[0.8950377465171526]"TeXGyreHeros:mode=node;script=
latn;language=dflt;+tlig;+smcp;"
(fontspec)             - 'bold' (b/n) with NFSS spec.:
(fontspec)             <->s*[0.868517969077457]"TeXGyreHeros/B:mode=node;script
=latn;language=dflt;+tlig;"
(fontspec)             - 'bold small caps'  (b/sc) with NFSS spec.:
(fontspec)             <->s*[0.868517969077457]"TeXGyreHeros/B:mode=node;script
=latn;language=dflt;+tlig;+smcp;"
(fontspec)             - 'italic' (m/it) with NFSS spec.:
(fontspec)             <->s*[0.8950377465171526]"TeXGyreHeros/I:mode=node;scrip
t=latn;language=dflt;+tlig;"
(fontspec)             - 'italic small caps'  (m/scit) with NFSS spec.:
(fontspec)             <->s*[0.8950377465171526]"TeXGyreHeros/I:mode=node;scrip
t=latn;language=dflt;+tlig;+smcp;"
(fontspec)             - 'bold italic' (b/it) with NFSS spec.:
(fontspec)             <->s*[0.868517969077457]"TeXGyreHeros/BI:mode=node;scrip
t=latn;language=dflt;+tlig;"
(fontspec)             - 'bold italic small caps'  (b/scit) with NFSS spec.:
(fontspec)             <->s*[0.868517969077457]"TeXGyreHeros/BI:mode=node;scrip
t=latn;language=dflt;+tlig;+smcp;"


Package fontspec Info: TeXGyreHeros scale = 0.8950377465171526.


Package fontspec Info: TeXGyreHeros scale = 0.8950377465171526.


Package fontspec Info: TeXGyreHeros scale = 0.8950377465171526.


Package fontspec Info: TeXGyreHeros/B scale = 0.868517969077457.


Package fontspec Info: TeXGyreHeros/B scale = 0.868517969077457.


Package fontspec Info: TeXGyreHeros/I scale = 0.8950377465171526.


Package fontspec Info: TeXGyreHeros/I scale = 0.8950377465171526.


Package fontspec Info: TeXGyreHeros/BI scale = 0.868517969077457.


Package fontspec Info: TeXGyreHeros/BI scale = 0.868517969077457.


Package fontspec Info: Font family 'TeXGyreHeros(1)' created for font 'TeX
(fontspec)             Gyre Heros' with options
(fontspec)             [Renderer=Basic,Scale=MatchLowercase].
(fontspec)              
(fontspec)              This font family consists of the following NFSS
(fontspec)             series/shapes:
(fontspec)              
(fontspec)             - 'normal' (m/n) with NFSS spec.:
(fontspec)             <->s*[0.8950377465171526]"TeXGyreHeros:mode=base;script=
latn;language=dflt;"
(fontspec)             - 'small caps'  (m/sc) with NFSS spec.:
(fontspec)             <->s*[0.8950377465171526]"TeXGyreHeros:mode=base;script=
latn;language=dflt;+smcp;"
(fontspec)             - 'bold' (b/n) with NFSS spec.:
(fontspec)             <->s*[0.868517969077457]"TeXGyreHeros/B:mode=base;script
=latn;language=dflt;"
(fontspec)             - 'bold small caps'  (b/sc) with NFSS spec.:
(fontspec)             <->s*[0.868517969077457]"TeXGyreHeros/B:mode=base;script
=latn;language=dflt;+smcp;"
(fontspec)             - 'italic' (m/it) with NFSS spec.:
(fontspec)             <->s*[0.8950377465171526]"TeXGyreHeros/I:mode=base;scrip
t=latn;language=dflt;"
(fontspec)             - 'italic small caps'  (m/scit) with NFSS spec.:
(fontspec)             <->s*[0.8950377465171526]"TeXGyreHeros/I:mode=base;scrip
t=latn;language=dflt;+smcp;"
(fontspec)             - 'bold italic' (b/it) with NFSS spec.:
(fontspec)             <->s*[0.868517969077457]"TeXGyreHeros/BI:mode=base;scrip
t=latn;language=dflt;"
(fontspec)             - 'bold italic small caps'  (b/scit) with NFSS spec.:
(fontspec)             <->s*[0.868517969077457]"TeXGyreHeros/BI:mode=base;scrip
t=latn;language=dflt;+smcp;"

LaTeX Font Info:    Overwriting math alphabet `\mathsf' in version `normal'
(Font)                  OT1/cmss/m/n --> TU/TeXGyreHeros(1)/m/n on input line 2
7.
LaTeX Font Info:    Overwriting math alphabet `\mathsf' in version `bold'
(Font)                  OT1/cmss/bx/n --> TU/TeXGyreHeros(1)/b/n on input line 
27.

Package fontspec Info: LatinModernMono scale = 1.088165615881848.


Package fontspec Info: Could not resolve font "LatinModernMono/BI" (it
(fontspec)             probably doesn't exist).


Package fontspec Info: Could not resolve font "LatinModernMono/B" (it probably
(fontspec)             doesn't exist).


Package fontspec Info: LatinModernMono scale = 1.088165615881848.

luaotfload | aux : font no 84 (nil) does not define feature smcp for script latn
 with language dflt

Package fontspec Info: LatinModernMono/I scale = 1.088165615881848.

luaotfload | aux : font no 85 (nil) does not define feature smcp for script latn
 with language dflt

Package fontspec Info: Font family 'LatinModernMono(0)' created for font
(fontspec)             'Latin Modern Mono' with options
(fontspec)             [WordSpace={1,0,0},HyphenChar=None,PunctuationSpace=Word
Space,Scale=MatchLowercase].
(fontspec)              
(fontspec)              This font family consists of the following NFSS
(fontspec)             series/shapes:
(fontspec)              
(fontspec)             - 'normal' (m/n) with NFSS spec.:
(fontspec)             <->s*[1.088165615881848]"LatinModernMono:mode=node;scrip
t=latn;language=dflt;"
(fontspec)             - 'small caps'  (m/sc) with NFSS spec.: 
(fontspec)             and font adjustment code:
(fontspec)             \fontdimen 2\font =1\fontdimen 2\font \fontdimen 3\font
(fontspec)             =0\fontdimen 3\font \fontdimen 4\font =0\fontdimen
(fontspec)             4\font \fontdimen 7\font =0\fontdimen 2\font
(fontspec)             \tex_hyphenchar:D \font =-1\scan_stop: 
(fontspec)             - 'italic' (m/it) with NFSS spec.:
(fontspec)             <->s*[1.088165615881848]"LatinModernMono/I:mode=node;scr
ipt=latn;language=dflt;"
(fontspec)             - 'italic small caps'  (m/scit) with NFSS spec.: 
(fontspec)             and font adjustment code:
(fontspec)             \fontdimen 2\font =1\fontdimen 2\font \fontdimen 3\font
(fontspec)             =0\fontdimen 3\font \fontdimen 4\font =0\fontdimen
(fontspec)             4\font \fontdimen 7\font =0\fontdimen 2\font
(fontspec)             \tex_hyphenchar:D \font =-1\scan_stop: 


Package fontspec Info: LatinModernMono scale = 1.088165615881848.


Package fontspec Info: Could not resolve font "LatinModernMono/BI" (it
(fontspec)             probably doesn't exist).


Package fontspec Info: Could not resolve font "LatinModernMono/B" (it probably
(fontspec)             doesn't exist).


Package fontspec Info: LatinModernMono scale = 1.088165615881848.

luaotfload | aux : font no 90 (nil) does not define feature smcp for script latn
 with language dflt

Package fontspec Info: LatinModernMono/I scale = 1.088165615881848.

luaotfload | aux : font no 91 (nil) does not define feature smcp for script latn
 with language dflt

Package fontspec Info: Font family 'LatinModernMono(1)' created for font
(fontspec)             'Latin Modern Mono' with options
(fontspec)             [Renderer=Basic,Scale=MatchLowercase].
(fontspec)              
(fontspec)              This font family consists of the following NFSS
(fontspec)             series/shapes:
(fontspec)              
(fontspec)             - 'normal' (m/n) with NFSS spec.:
(fontspec)             <->s*[1.088165615881848]"LatinModernMono:mode=base;scrip
t=latn;language=dflt;"
(fontspec)             - 'small caps'  (m/sc) with NFSS spec.: 
(fontspec)             - 'italic' (m/it) with NFSS spec.:
(fontspec)             <->s*[1.088165615881848]"LatinModernMono/I:mode=base;scr
ipt=latn;language=dflt;"
(fontspec)             - 'italic small caps'  (m/scit) with NFSS spec.: 

LaTeX Font Info:    Overwriting math alphabet `\mathtt' in version `normal'
(Font)                  OT1/cmtt/m/n --> TU/LatinModernMono(1)/m/n on input lin
e 28.
LaTeX Font Info:    Overwriting math alphabet `\mathtt' in version `bold'
(Font)                  OT1/cmtt/m/n --> TU/LatinModernMono(1)/b/n on input lin
e 28.

(/usr/share/texlive/texmf-dist/tex/latex/geometry/geometry.sty
Package: geometry 2020/01/02 v5.9 Page Geometry

(/usr/share/texlive/texmf-dist/tex/generic/iftex/ifvtex.sty
Package: ifvtex 2019/10/25 v1.7 ifvtex legacy package. Use iftex instead.
)
\Gm@cnth=\count295
\Gm@cntv=\count296
\c@Gm@tempcnt=\count297
\Gm@bindingoffset=\dimen163
\Gm@wd@mp=\dimen164
\Gm@odd@mp=\dimen165
\Gm@even@mp=\dimen166
\Gm@layoutwidth=\dimen167
\Gm@layoutheight=\dimen168
\Gm@layouthoffset=\dimen169
\Gm@layoutvoffset=\dimen170
\Gm@dimlist=\toks32
)
(/usr/share/texlive/texmf-dist/tex/latex/xcolor/xcolor.sty
Package: xcolor 2023/11/15 v3.01 LaTeX color extensions (UK)

(/usr/share/texlive/texmf-dist/tex/latex/graphics-cfg/color.cfg
File: color.cfg 2016/01/02 v1.6 sample color configuration
)
Package xcolor Info: Driver file: luatex.def on input line 274.

(/usr/share/texlive/texmf-dist/tex/latex/graphics-def/luatex.def
File: luatex.def 2022/09/22 v1.2d Graphics/color driver for luatex
)
(/usr/share/texlive/texmf-dist/tex/latex/graphics/mathcolor.ltx)
Package xcolor Info: Model `cmy' substituted by `cmy0' on input line 1350.
Package xcolor Info: Model `hsb' substituted by `rgb' on input line 1354.
Package xcolor Info: Model `RGB' extended on input line 1366.
Package xcolor Info: Model `HTML' substituted by `rgb' on input line 1368.
Package xcolor Info: Model `Hsb' substituted by `hsb' on input line 1369.
Package xcolor Info: Model `tHsb' substituted by `hsb' on input line 1370.
Package xcolor Info: Model `HSB' substituted by `hsb' on input line 1371.
Package xcolor Info: Model `Gray' substituted by `gray' on input line 1372.
Package xcolor Info: Model `wave' substituted by `hsb' on input line 1373.
)
(/usr/share/texlive/texmf-dist/tex/latex/graphics/dvipsnam.def
File: dvipsnam.def 2016/06/17 v3.0m Driver-dependent file (DPC,SPQR)
)
(/usr/share/texlive/texmf-dist/tex/latex/xcolor/svgnam.def
File: svgnam.def 2023/11/15 v3.01 Predefined colors according to SVG 1.1 (UK)
)
(/usr/share/texlive/texmf-dist/tex/latex/colortbl/colortbl.sty
Package: colortbl 2022/06/20 v1.0f Color table columns (DPC)

(/usr/share/texlive/texmf-dist/tex/latex/tools/array.sty
Package: array 2023/10/16 v2.5g Tabular extension package (FMi)
\col@sep=\dimen171
\ar@mcellbox=\box56
\extrarowheight=\dimen172
\NC@list=\toks33
\extratabsurround=\skip61
\backup@length=\skip62
\ar@cellbox=\box57
)
\everycr=\toks34
\minrowclearance=\skip63
\rownum=\count298
)
(/usr/share/texlive/texmf-dist/tex/latex/fancyhdr/fancyhdr.sty
Package: fancyhdr 2022/11/09 v4.1 Extensive control of page headers and footers

\f@nch@headwidth=\skip64
\f@nch@O@elh=\skip65
\f@nch@O@erh=\skip66
\f@nch@O@olh=\skip67
\f@nch@O@orh=\skip68
\f@nch@O@elf=\skip69
\f@nch@O@erf=\skip70
\f@nch@O@olf=\skip71
\f@nch@O@orf=\skip72
)
(/usr/share/texlive/texmf-dist/tex/latex/titlesec/titlesec.sty
Package: titlesec 2023/10/27 v2.16 Sectioning titles
\ttl@box=\box58
\beforetitleunit=\skip73
\aftertitleunit=\skip74
\ttl@plus=\dimen173
\ttl@minus=\dimen174
\ttl@toksa=\toks35
\titlewidth=\dimen175
\titlewidthlast=\dimen176
\titlewidthfirst=\dimen177
)
(/usr/share/texlive/texmf-dist/tex/latex/tcolorbox/tcolorbox.sty
Package: tcolorbox 2024/01/10 version 6.2.0 text color boxes

(/usr/share/texlive/texmf-dist/tex/latex/pgf/basiclayer/pgf.sty
(/usr/share/texlive/texmf-dist/tex/latex/pgf/utilities/pgfrcs.sty
(/usr/share/texlive/texmf-dist/tex/generic/pgf/utilities/pgfutil-common.tex
\pgfutil@everybye=\toks36
\pgfutil@tempdima=\dimen178
\pgfutil@tempdimb=\dimen179
)
(/usr/share/texlive/texmf-dist/tex/generic/pgf/utilities/pgfutil-latex.def
\pgfutil@abb=\box59
)
(/usr/share/texlive/texmf-dist/tex/generic/pgf/utilities/pgfrcs.code.tex
(/usr/share/texlive/texmf-dist/tex/generic/pgf/pgf.revision.tex)
Package: pgfrcs 2023-01-15 v3.1.10 (3.1.10)
))
Package: pgf 2023-01-15 v3.1.10 (3.1.10)

(/usr/share/texlive/texmf-dist/tex/latex/pgf/basiclayer/pgfcore.sty
(/usr/share/texlive/texmf-dist/tex/latex/graphics/graphicx.sty
Package: graphicx 2021/09/16 v1.2d Enhanced LaTeX Graphics (DPC,SPQR)

(/usr/share/texlive/texmf-dist/tex/latex/graphics/graphics.sty
Package: graphics 2022/03/10 v1.4e Standard LaTeX Graphics (DPC,SPQR)

(/usr/share/texlive/texmf-dist/tex/latex/graphics/trig.sty
Package: trig 2021/08/11 v1.11 sin cos tan (DPC)
)
(/usr/share/texlive/texmf-dist/tex/latex/graphics-cfg/graphics.cfg
File: graphics.cfg 2016/06/04 v1.11 sample graphics configuration
)
Package graphics Info: Driver file: luatex.def on input line 107.
)
\Gin@req@height=\dimen180
\Gin@req@width=\dimen181
)
(/usr/share/texlive/texmf-dist/tex/latex/pgf/systemlayer/pgfsys.sty
(/usr/share/texlive/texmf-dist/tex/generic/pgf/systemlayer/pgfsys.code.tex
Package: pgfsys 2023-01-15 v3.1.10 (3.1.10)

(/usr/share/texlive/texmf-dist/tex/generic/pgf/utilities/pgfkeys.code.tex
\pgfkeys@pathtoks=\toks37
\pgfkeys@temptoks=\toks38

(/usr/share/texlive/texmf-dist/tex/generic/pgf/utilities/pgfkeyslibraryfiltered
.code.tex
\pgfkeys@tmptoks=\toks39
))
\pgf@x=\dimen182
\pgf@y=\dimen183
\pgf@xa=\dimen184
\pgf@ya=\dimen185
\pgf@xb=\dimen186
\pgf@yb=\dimen187
\pgf@xc=\dimen188
\pgf@yc=\dimen189
\pgf@xd=\dimen190
\pgf@yd=\dimen191
\w@pgf@writea=\write3
\r@pgf@reada=\read2
\c@pgf@counta=\count299
\c@pgf@countb=\count300
\c@pgf@countc=\count301
\c@pgf@countd=\count302
\t@pgf@toka=\toks40
\t@pgf@tokb=\toks41
\t@pgf@tokc=\toks42
\pgf@sys@id@count=\count303
 (/usr/share/texlive/texmf-dist/tex/generic/pgf/systemlayer/pgf.cfg
File: pgf.cfg 2023-01-15 v3.1.10 (3.1.10)
)
Driver file for pgf: pgfsys-luatex.def
(/usr/share/texlive/texmf-dist/tex/generic/pgf/systemlayer/pgfsys-luatex.def
File: pgfsys-luatex.def 2023-01-15 v3.1.10 (3.1.10)

(/usr/share/texlive/texmf-dist/tex/generic/pgf/systemlayer/pgfsys-common-pdf.de
f
File: pgfsys-common-pdf.def 2023-01-15 v3.1.10 (3.1.10)
)))
(/usr/share/texlive/texmf-dist/tex/generic/pgf/systemlayer/pgfsyssoftpath.code.
tex
File: pgfsyssoftpath.code.tex 2023-01-15 v3.1.10 (3.1.10)
\pgfsyssoftpath@smallbuffer@items=\count304
\pgfsyssoftpath@bigbuffer@items=\count305
)
(/usr/share/texlive/texmf-dist/tex/generic/pgf/systemlayer/pgfsysprotocol.code.
tex
File: pgfsysprotocol.code.tex 2023-01-15 v3.1.10 (3.1.10)
))
(/usr/share/texlive/texmf-dist/tex/generic/pgf/basiclayer/pgfcore.code.tex
Package: pgfcore 2023-01-15 v3.1.10 (3.1.10)

(/usr/share/texlive/texmf-dist/tex/generic/pgf/math/pgfmath.code.tex
(/usr/share/texlive/texmf-dist/tex/generic/pgf/math/pgfmathutil.code.tex)
(/usr/share/texlive/texmf-dist/tex/generic/pgf/math/pgfmathparser.code.tex
\pgfmath@dimen=\dimen192
\pgfmath@count=\count306
\pgfmath@box=\box60
\pgfmath@toks=\toks43
\pgfmath@stack@operand=\toks44
\pgfmath@stack@operation=\toks45
)
(/usr/share/texlive/texmf-dist/tex/generic/pgf/math/pgfmathfunctions.code.tex)
(/usr/share/texlive/texmf-dist/tex/generic/pgf/math/pgfmathfunctions.basic.code
.tex)
(/usr/share/texlive/texmf-dist/tex/generic/pgf/math/pgfmathfunctions.trigonomet
ric.code.tex)
(/usr/share/texlive/texmf-dist/tex/generic/pgf/math/pgfmathfunctions.random.cod
e.tex)
(/usr/share/texlive/texmf-dist/tex/generic/pgf/math/pgfmathfunctions.comparison
.code.tex)
(/usr/share/texlive/texmf-dist/tex/generic/pgf/math/pgfmathfunctions.base.code.
tex)
(/usr/share/texlive/texmf-dist/tex/generic/pgf/math/pgfmathfunctions.round.code
.tex)
(/usr/share/texlive/texmf-dist/tex/generic/pgf/math/pgfmathfunctions.misc.code.
tex)
(/usr/share/texlive/texmf-dist/tex/generic/pgf/math/pgfmathfunctions.integerari
thmetics.code.tex)
(/usr/share/texlive/texmf-dist/tex/generic/pgf/math/pgfmathcalc.code.tex)
(/usr/share/texlive/texmf-dist/tex/generic/pgf/math/pgfmathfloat.code.tex
\c@pgfmathroundto@lastzeros=\count307
))
(/usr/share/texlive/texmf-dist/tex/generic/pgf/math/pgfint.code.tex)
(/usr/share/texlive/texmf-dist/tex/generic/pgf/basiclayer/pgfcorepoints.code.te
x
File: pgfcorepoints.code.tex 2023-01-15 v3.1.10 (3.1.10)
\pgf@picminx=\dimen193
\pgf@picmaxx=\dimen194
\pgf@picminy=\dimen195
\pgf@picmaxy=\dimen196
\pgf@pathminx=\dimen197
\pgf@pathmaxx=\dimen198
\pgf@pathminy=\dimen199
\pgf@pathmaxy=\dimen256
\pgf@xx=\dimen257
\pgf@xy=\dimen258
\pgf@yx=\dimen259
\pgf@yy=\dimen260
\pgf@zx=\dimen261
\pgf@zy=\dimen262
)
(/usr/share/texlive/texmf-dist/tex/generic/pgf/basiclayer/pgfcorepathconstruct.
code.tex
File: pgfcorepathconstruct.code.tex 2023-01-15 v3.1.10 (3.1.10)
\pgf@path@lastx=\dimen263
\pgf@path@lasty=\dimen264
)
(/usr/share/texlive/texmf-dist/tex/generic/pgf/basiclayer/pgfcorepathusage.code
.tex
File: pgfcorepathusage.code.tex 2023-01-15 v3.1.10 (3.1.10)
\pgf@shorten@end@additional=\dimen265
\pgf@shorten@start@additional=\dimen266
)
(/usr/share/texlive/texmf-dist/tex/generic/pgf/basiclayer/pgfcorescopes.code.te
x
File: pgfcorescopes.code.tex 2023-01-15 v3.1.10 (3.1.10)
\pgfpic=\box61
\pgf@hbox=\box62
\pgf@layerbox@main=\box63
\pgf@picture@serial@count=\count308
)
(/usr/share/texlive/texmf-dist/tex/generic/pgf/basiclayer/pgfcoregraphicstate.c
ode.tex
File: pgfcoregraphicstate.code.tex 2023-01-15 v3.1.10 (3.1.10)
\pgflinewidth=\dimen267
)
(/usr/share/texlive/texmf-dist/tex/generic/pgf/basiclayer/pgfcoretransformation
s.code.tex
File: pgfcoretransformations.code.tex 2023-01-15 v3.1.10 (3.1.10)
\pgf@pt@x=\dimen268
\pgf@pt@y=\dimen269
\pgf@pt@temp=\dimen270
)
(/usr/share/texlive/texmf-dist/tex/generic/pgf/basiclayer/pgfcorequick.code.tex
File: pgfcorequick.code.tex 2023-01-15 v3.1.10 (3.1.10)
)
(/usr/share/texlive/texmf-dist/tex/generic/pgf/basiclayer/pgfcoreobjects.code.t
ex
File: pgfcoreobjects.code.tex 2023-01-15 v3.1.10 (3.1.10)
)
(/usr/share/texlive/texmf-dist/tex/generic/pgf/basiclayer/pgfcorepathprocessing
.code.tex
File: pgfcorepathprocessing.code.tex 2023-01-15 v3.1.10 (3.1.10)
)
(/usr/share/texlive/texmf-dist/tex/generic/pgf/basiclayer/pgfcorearrows.code.te
x
File: pgfcorearrows.code.tex 2023-01-15 v3.1.10 (3.1.10)
\pgfarrowsep=\dimen271
)
(/usr/share/texlive/texmf-dist/tex/generic/pgf/basiclayer/pgfcoreshade.code.tex
File: pgfcoreshade.code.tex 2023-01-15 v3.1.10 (3.1.10)
\pgf@max=\dimen272
\pgf@sys@shading@range@num=\count309
\pgf@shadingcount=\count310
)
(/usr/share/texlive/texmf-dist/tex/generic/pgf/basiclayer/pgfcoreimage.code.tex
File: pgfcoreimage.code.tex 2023-01-15 v3.1.10 (3.1.10)
)
(/usr/share/texlive/texmf-dist/tex/generic/pgf/basiclayer/pgfcoreexternal.code.
tex
File: pgfcoreexternal.code.tex 2023-01-15 v3.1.10 (3.1.10)
\pgfexternal@startupbox=\box64
)
(/usr/share/texlive/texmf-dist/tex/generic/pgf/basiclayer/pgfcorelayers.code.te
x
File: pgfcorelayers.code.tex 2023-01-15 v3.1.10 (3.1.10)
)
(/usr/share/texlive/texmf-dist/tex/generic/pgf/basiclayer/pgfcoretransparency.c
ode.tex
File: pgfcoretransparency.code.tex 2023-01-15 v3.1.10 (3.1.10)
)
(/usr/share/texlive/texmf-dist/tex/generic/pgf/basiclayer/pgfcorepatterns.code.
tex
File: pgfcorepatterns.code.tex 2023-01-15 v3.1.10 (3.1.10)
)
(/usr/share/texlive/texmf-dist/tex/generic/pgf/basiclayer/pgfcorerdf.code.tex
File: pgfcorerdf.code.tex 2023-01-15 v3.1.10 (3.1.10)
)))
(/usr/share/texlive/texmf-dist/tex/generic/pgf/modules/pgfmoduleshapes.code.tex
File: pgfmoduleshapes.code.tex 2023-01-15 v3.1.10 (3.1.10)
\pgfnodeparttextbox=\box65
) (/usr/share/texlive/texmf-dist/tex/generic/pgf/modules/pgfmoduleplot.code.tex
File: pgfmoduleplot.code.tex 2023-01-15 v3.1.10 (3.1.10)
)
(/usr/share/texlive/texmf-dist/tex/latex/pgf/compatibility/pgfcomp-version-0-65
.sty
Package: pgfcomp-version-0-65 2023-01-15 v3.1.10 (3.1.10)
\pgf@nodesepstart=\dimen273
\pgf@nodesepend=\dimen274
)
(/usr/share/texlive/texmf-dist/tex/latex/pgf/compatibility/pgfcomp-version-1-18
.sty
Package: pgfcomp-version-1-18 2023-01-15 v3.1.10 (3.1.10)
)) (/usr/share/texlive/texmf-dist/tex/latex/tools/verbatim.sty
Package: verbatim 2023-11-06 v1.5v LaTeX2e package for verbatim enhancements
\every@verbatim=\toks46
\verbatim@line=\toks47
\verbatim@in@stream=\read3
)
(/usr/share/texlive/texmf-dist/tex/latex/environ/environ.sty
Package: environ 2014/05/04 v0.3 A new way to define environments

(/usr/share/texlive/texmf-dist/tex/latex/trimspaces/trimspaces.sty
Package: trimspaces 2009/09/17 v1.1 Trim spaces around a token list
))
\tcb@titlebox=\box66
\tcb@upperbox=\box67
\tcb@lowerbox=\box68
\tcb@phantombox=\box69
\c@tcbbreakpart=\count311
\c@tcblayer=\count312
\c@tcolorbox@number=\count313
\l__tcobox_tmpa_box=\box70
\l__tcobox_tmpa_dim=\dimen275
\tcb@temp=\box71
\tcb@temp=\box72
\tcb@temp=\box73
\tcb@temp=\box74

(/usr/share/texlive/texmf-dist/tex/latex/tcolorbox/tcbraster.code.tex
Library (tcolorbox): 'tcbraster.code.tex' version '6.2.0'
\c@tcbrastercolumn=\count314
\c@tcbrasterrow=\count315
\c@tcbrasternum=\count316
\c@tcbraster=\count317
) (/usr/share/texlive/texmf-dist/tex/latex/tcolorbox/tcbskins.code.tex
Library (tcolorbox): 'tcbskins.code.tex' version '6.2.0'
(/usr/share/texlive/texmf-dist/tex/latex/pgf/frontendlayer/tikz.sty
(/usr/share/texlive/texmf-dist/tex/latex/pgf/utilities/pgffor.sty
(/usr/share/texlive/texmf-dist/tex/latex/pgf/utilities/pgfkeys.sty
(/usr/share/texlive/texmf-dist/tex/generic/pgf/utilities/pgfkeys.code.tex))
(/usr/share/texlive/texmf-dist/tex/latex/pgf/math/pgfmath.sty
(/usr/share/texlive/texmf-dist/tex/generic/pgf/math/pgfmath.code.tex))
(/usr/share/texlive/texmf-dist/tex/generic/pgf/utilities/pgffor.code.tex
Package: pgffor 2023-01-15 v3.1.10 (3.1.10)
\pgffor@iter=\dimen276
\pgffor@skip=\dimen277
\pgffor@stack=\toks48
\pgffor@toks=\toks49
))
(/usr/share/texlive/texmf-dist/tex/generic/pgf/frontendlayer/tikz/tikz.code.tex
Package: tikz 2023-01-15 v3.1.10 (3.1.10)

(/usr/share/texlive/texmf-dist/tex/generic/pgf/libraries/pgflibraryplothandlers
.code.tex
File: pgflibraryplothandlers.code.tex 2023-01-15 v3.1.10 (3.1.10)
\pgf@plot@mark@count=\count318
\pgfplotmarksize=\dimen278
)
\tikz@lastx=\dimen279
\tikz@lasty=\dimen280
\tikz@lastxsaved=\dimen281
\tikz@lastysaved=\dimen282
\tikz@lastmovetox=\dimen283
\tikz@lastmovetoy=\dimen284
\tikzleveldistance=\dimen285
\tikzsiblingdistance=\dimen286
\tikz@figbox=\box75
\tikz@figbox@bg=\box76
\tikz@tempbox=\box77
\tikz@tempbox@bg=\box78
\tikztreelevel=\count319
\tikznumberofchildren=\count320
\tikznumberofcurrentchild=\count321
\tikz@fig@count=\count322

(/usr/share/texlive/texmf-dist/tex/generic/pgf/modules/pgfmodulematrix.code.tex
File: pgfmodulematrix.code.tex 2023-01-15 v3.1.10 (3.1.10)
\pgfmatrixcurrentrow=\count323
\pgfmatrixcurrentcolumn=\count324
\pgf@matrix@numberofcolumns=\count325
)
\tikz@expandcount=\count326

(/usr/share/texlive/texmf-dist/tex/generic/pgf/frontendlayer/tikz/libraries/tik
zlibrarytopaths.code.tex
File: tikzlibrarytopaths.code.tex 2023-01-15 v3.1.10 (3.1.10)
)))
(/usr/share/texlive/texmf-dist/tex/latex/tikzfill/tikzfill.image.sty
Package: tikzfill.image 2023/08/08 v1.0.1 Image filling library for TikZ

(/usr/share/texlive/texmf-dist/tex/latex/tikzfill/tikzfill-common.sty
Package: tikzfill-common 2023/08/08 v1.0.1 Auxiliary code for tikzfill
)
(/usr/share/texlive/texmf-dist/tex/latex/tikzfill/tikzlibraryfill.image.code.te
x
File: tikzlibraryfill.image.code.tex 2023/08/08 v1.0.1 Image filling library
\l__tikzfill_img_box=\box79
)) (/usr/share/texlive/texmf-dist/tex/latex/tcolorbox/tcbskinsjigsaw.code.tex
Library (tcolorbox): 'tcbskinsjigsaw.code.tex' version '6.2.0'
)) (/usr/share/texlive/texmf-dist/tex/latex/tcolorbox/tcbbreakable.code.tex
Library (tcolorbox): 'tcbbreakable.code.tex' version '6.2.0'
(/usr/share/texlive/texmf-dist/tex/latex/pdfcol/pdfcol.sty
Package: pdfcol 2022-09-21 v1.7 Handle new color stacks for pdfTeX (HO)

(/usr/share/texlive/texmf-dist/tex/generic/ltxcmds/ltxcmds.sty
Package: ltxcmds 2023-12-04 v1.26 LaTeX kernel commands for general use (HO)
)
(/usr/share/texlive/texmf-dist/tex/generic/infwarerr/infwarerr.sty
Package: infwarerr 2019/12/03 v1.5 Providing info/warning/error messages (HO)
))
Package pdfcol Info: New color stack `tcb@breakable' = 1 on input line 23.
\tcb@testbox=\box80
\tcb@totalupperbox=\box81
\tcb@totallowerbox=\box82
)
(/usr/share/texlive/texmf-dist/tex/latex/tcolorbox/tcbhooks.code.tex
Library (tcolorbox): 'tcbhooks.code.tex' version '6.2.0'
) (/usr/share/texlive/texmf-dist/tex/latex/tcolorbox/tcbtheorems.code.tex
Library (tcolorbox): 'tcbtheorems.code.tex' version '6.2.0'
) (/usr/share/texlive/texmf-dist/tex/latex/tcolorbox/tcbfitting.code.tex
Library (tcolorbox): 'tcbfitting.code.tex' version '6.2.0'
\tcbfitdim=\dimen287
\tcb@lowerfitdim=\dimen288
\tcb@upperfitdim=\dimen289
\tcb@cur@hbadness=\count327
) (/usr/share/texlive/texmf-dist/tex/latex/tcolorbox/tcblistingsutf8.code.tex
Library (tcolorbox): 'tcblistingsutf8.code.tex' version '6.2.0'
(/usr/share/texlive/texmf-dist/tex/latex/tcolorbox/tcblistings.code.tex
Library (tcolorbox): 'tcblistings.code.tex' version '6.2.0'
(/usr/share/texlive/texmf-dist/tex/latex/listings/listings.sty
\lst@mode=\count328
\lst@gtempboxa=\box83
\lst@token=\toks50
\lst@length=\count329
\lst@currlwidth=\dimen290
\lst@column=\count330
\lst@pos=\count331
\lst@lostspace=\dimen291
\lst@width=\dimen292
\lst@newlines=\count332
\lst@lineno=\count333
\lst@maxwidth=\dimen293

(/usr/share/texlive/texmf-dist/tex/latex/listings/lstmisc.sty
File: lstmisc.sty 2023/02/27 1.9 (Carsten Heinz)
\c@lstnumber=\count334
\lst@skipnumbers=\count335
\lst@framebox=\box84
)
(/usr/share/texlive/texmf-dist/tex/latex/listings/listings.cfg
File: listings.cfg 2023/02/27 1.9 listings configuration
))
Package: listings 2023/02/27 1.9 (Carsten Heinz)

(/usr/share/texlive/texmf-dist/tex/latex/tcolorbox/tcblistingscore.code.tex
Library (tcolorbox): 'tcblistingscore.code.tex' version '6.2.0'
(/usr/share/texlive/texmf-dist/tex/latex/tcolorbox/tcbprocessing.code.tex
Library (tcolorbox): 'tcbprocessing.code.tex' version '6.2.0'
)
\c@tcblisting=\count336
))
Package tcolorbox Info: Library `listingsutf8' is compatible with pdftex only. 
Library `listings` is loaded instead. on input line 29.
) (/usr/share/texlive/texmf-dist/tex/latex/tcolorbox/tcbexternal.code.tex
Library (tcolorbox): 'tcbexternal.code.tex' version '6.2.0'
) (/usr/share/texlive/texmf-dist/tex/latex/tcolorbox/tcbmagazine.code.tex
Library (tcolorbox): 'tcbmagazine.code.tex' version '6.2.0'
) (/usr/share/texlive/texmf-dist/tex/latex/tcolorbox/tcbvignette.code.tex
Library (tcolorbox): 'tcbvignette.code.tex' version '6.2.0'

(/usr/share/texlive/texmf-dist/tex/generic/pgf/frontendlayer/tikz/libraries/tik
zlibraryfadings.code.tex
File: tikzlibraryfadings.code.tex 2023-01-15 v3.1.10 (3.1.10)

(/usr/share/texlive/texmf-dist/tex/generic/pgf/libraries/pgflibraryfadings.code
.tex
File: pgflibraryfadings.code.tex 2023-01-15 v3.1.10 (3.1.10)
))) (/usr/share/texlive/texmf-dist/tex/latex/tcolorbox/tcbposter.code.tex
Library (tcolorbox): 'tcbposter.code.tex' version '6.2.0'
))
\c@tcb@cnt@definition=\count337
\c@tcb@cnt@theorem=\count338
\c@tcb@cnt@proposition=\count339
 (/usr/share/texlive/texmf-dist/tex/latex/tikz-3dplot/tikz-3dplot.sty
(/usr/share/texlive/texmf-dist/tex/latex/base/ifthen.sty
Package: ifthen 2022/04/13 v1.1d Standard LaTeX ifthen package (DPC)
)
(/usr/share/texlive/texmf-dist/tex/generic/pgf/frontendlayer/tikz/libraries/tik
zlibrarycalc.code.tex
File: tikzlibrarycalc.code.tex 2023-01-15 v3.1.10 (3.1.10)
)
(/usr/share/texlive/texmf-dist/tex/generic/pgf/frontendlayer/tikz/libraries/tik
zlibrary3d.code.tex
File: tikzlibrary3d.code.tex 2023-01-15 v3.1.10 (3.1.10)
)
(/usr/share/texlive/texmf-dist/tex/generic/pgf/frontendlayer/tikz/libraries/tik
zlibraryarrows.code.tex
File: tikzlibraryarrows.code.tex 2023-01-15 v3.1.10 (3.1.10)

(/usr/share/texlive/texmf-dist/tex/generic/pgf/libraries/pgflibraryarrows.code.
tex
File: pgflibraryarrows.code.tex 2023-01-15 v3.1.10 (3.1.10)
\arrowsize=\dimen294
))) (/usr/share/texlive/texmf-dist/tex/latex/pgfplots/pgfplots.sty
(/usr/share/texlive/texmf-dist/tex/generic/pgfplots/pgfplots.revision.tex)
Package: pgfplots 2021/05/15 v1.18.1 Data Visualization (1.18.1)

(/usr/share/texlive/texmf-dist/tex/generic/pgfplots/pgfplots.code.tex
(/usr/share/texlive/texmf-dist/tex/generic/pgfplots/pgfplotscore.code.tex
Package pgfplots info on input line 124: Initializing with LUA version Lua 5.3
\pgfplots@luabackend@table=\catcodetable17
\t@pgfplots@toka=\toks51
\t@pgfplots@tokb=\toks52
\t@pgfplots@tokc=\toks53
\pgfplots@tmpa=\dimen295
\c@pgfplots@coordindex=\count340
\c@pgfplots@scanlineindex=\count341

(/usr/share/texlive/texmf-dist/tex/generic/pgfplots/sys/pgfplotssysgeneric.code
.tex))
(/usr/share/texlive/texmf-dist/tex/generic/pgfplots/libs/pgfplotslibrary.code.t
ex)
(/usr/share/texlive/texmf-dist/tex/generic/pgfplots/oldpgfcompatib/pgfplotsoldp
gfsupp_loader.code.tex
(/usr/share/texlive/texmf-dist/tex/generic/pgf/libraries/pgflibraryfpu.code.tex
)
Package pgfplots: loading complementary utilities for your pgf version...
\t@pgf@toka=\toks54
\t@pgf@tokb=\toks55
\t@pgf@tokc=\toks56

(/usr/share/texlive/texmf-dist/tex/generic/pgfplots/oldpgfcompatib/pgfplotsoldp
gfsupp_pgfutil-common-lists.tex)
(/usr/share/texlive/texmf-dist/tex/generic/pgf/libraries/luamath/pgflibraryluam
ath.code.tex)
Package pgfplots info on input line 290: luamath library shipped with pgf 3.1.1
0 is up-to-date
)
(/usr/share/texlive/texmf-dist/tex/generic/pgfplots/util/pgfplotsutil.code.tex
Package pgfplots info on input line 82: Found new luatex: initializing lua comm
ands instead of write18 (shell-escape)

(/usr/share/texlive/texmf-dist/tex/generic/pgfplots/liststructure/pgfplotslists
tructure.code.tex)
(/usr/share/texlive/texmf-dist/tex/generic/pgfplots/liststructure/pgfplotslists
tructureext.code.tex)
(/usr/share/texlive/texmf-dist/tex/generic/pgfplots/liststructure/pgfplotsarray
.code.tex
\c@pgfplotsarray@tmp=\count342
)
(/usr/share/texlive/texmf-dist/tex/generic/pgfplots/liststructure/pgfplotsmatri
x.code.tex)
(/usr/share/texlive/texmf-dist/tex/generic/pgfplots/numtable/pgfplotstableshare
d.code.tex
\c@pgfplotstable@counta=\count343
\t@pgfplotstable@a=\toks57
)
(/usr/share/texlive/texmf-dist/tex/generic/pgfplots/liststructure/pgfplotsdeque
.code.tex)
(/usr/share/texlive/texmf-dist/tex/generic/pgfplots/util/pgfplotsbinary.code.te
x
(/usr/share/texlive/texmf-dist/tex/generic/pgfplots/util/pgfplotsbinary.data.co
de.tex))
(/usr/share/texlive/texmf-dist/tex/generic/pgfplots/util/pgfplotsutil.verb.code
.tex)
(/usr/share/texlive/texmf-dist/tex/generic/pgfplots/libs/pgflibrarypgfplots.sur
fshading.code.tex
\c@pgfplotslibrarysurf@no=\count344

(/usr/share/texlive/texmf-dist/tex/generic/pgfplots/sys/pgflibrarypgfplots.surf
shading.pgfsys-luatex.def)))
(/usr/share/texlive/texmf-dist/tex/generic/pgfplots/util/pgfplotscolormap.code.
tex
(/usr/share/texlive/texmf-dist/tex/generic/pgfplots/util/pgfplotscolor.code.tex
))
(/usr/share/texlive/texmf-dist/tex/generic/pgfplots/pgfplotsstackedplots.code.t
ex)
(/usr/share/texlive/texmf-dist/tex/generic/pgfplots/pgfplotsplothandlers.code.t
ex
(/usr/share/texlive/texmf-dist/tex/generic/pgfplots/pgfplotsmeshplothandler.cod
e.tex
(/usr/share/texlive/texmf-dist/tex/generic/pgfplots/pgfplotsmeshplotimage.code.
tex)))
(/usr/share/texlive/texmf-dist/tex/generic/pgfplots/pgfplots.scaling.code.tex)
(/usr/share/texlive/texmf-dist/tex/generic/pgfplots/pgfplotscoordprocessing.cod
e.tex)
(/usr/share/texlive/texmf-dist/tex/generic/pgfplots/pgfplots.errorbars.code.tex
) (/usr/share/texlive/texmf-dist/tex/generic/pgfplots/pgfplots.markers.code.tex
) (/usr/share/texlive/texmf-dist/tex/generic/pgfplots/pgfplotsticks.code.tex)
(/usr/share/texlive/texmf-dist/tex/generic/pgfplots/pgfplots.paths.code.tex)
(/usr/share/texlive/texmf-dist/tex/generic/pgf/frontendlayer/tikz/libraries/tik
zlibrarydecorations.code.tex
(/usr/share/texlive/texmf-dist/tex/generic/pgf/modules/pgfmoduledecorations.cod
e.tex
\pgfdecoratedcompleteddistance=\dimen296
\pgfdecoratedremainingdistance=\dimen297
\pgfdecoratedinputsegmentcompleteddistance=\dimen298
\pgfdecoratedinputsegmentremainingdistance=\dimen299
\pgf@decorate@distancetomove=\dimen300
\pgf@decorate@repeatstate=\count345
\pgfdecorationsegmentamplitude=\dimen301
\pgfdecorationsegmentlength=\dimen302
)
\tikz@lib@dec@box=\box85
)
(/usr/share/texlive/texmf-dist/tex/generic/pgf/frontendlayer/tikz/libraries/tik
zlibrarydecorations.pathmorphing.code.tex
(/usr/share/texlive/texmf-dist/tex/generic/pgf/libraries/decorations/pgflibrary
decorations.pathmorphing.code.tex))
(/usr/share/texlive/texmf-dist/tex/generic/pgf/frontendlayer/tikz/libraries/tik
zlibrarydecorations.pathreplacing.code.tex
(/usr/share/texlive/texmf-dist/tex/generic/pgf/libraries/decorations/pgflibrary
decorations.pathreplacing.code.tex))
(/usr/share/texlive/texmf-dist/tex/generic/pgfplots/libs/tikzlibrarypgfplots.co
ntourlua.code.tex)
\pgfplots@numplots=\count346
\pgfplots@xmin@reg=\dimen303
\pgfplots@xmax@reg=\dimen304
\pgfplots@ymin@reg=\dimen305
\pgfplots@ymax@reg=\dimen306
\pgfplots@zmin@reg=\dimen307
\pgfplots@zmax@reg=\dimen308
)
(/usr/share/texlive/texmf-dist/tex/generic/pgf/frontendlayer/tikz/libraries/tik
zlibraryplotmarks.code.tex
File: tikzlibraryplotmarks.code.tex 2023-01-15 v3.1.10 (3.1.10)

(/usr/share/texlive/texmf-dist/tex/generic/pgf/libraries/pgflibraryplotmarks.co
de.tex
File: pgflibraryplotmarks.code.tex 2023-01-15 v3.1.10 (3.1.10)
))) (/usr/share/texlive/texmf-dist/tex/latex/pgfplots/pgfplotstable.sty
(/usr/share/texlive/texmf-dist/tex/generic/pgfplots/pgfplots.revision.tex)
Package: pgfplotstable 2021/05/15 v1.18.1 Table typesetting and Pretty-printing
 (1.18.1)

(/usr/share/texlive/texmf-dist/tex/generic/pgfplots/numtable/pgfplotstable.code
.tex
(/usr/share/texlive/texmf-dist/tex/generic/pgfplots/numtable/pgfplotstable.colt
ype.code.tex)))
(/usr/share/texlive/texmf-dist/tex/generic/pgf/libraries/pgflibraryarrows.meta.
code.tex
File: pgflibraryarrows.meta.code.tex 2023-01-15 v3.1.10 (3.1.10)
\pgfarrowinset=\dimen309
\pgfarrowlength=\dimen310
\pgfarrowwidth=\dimen311
\pgfarrowlinewidth=\dimen312
)
(/usr/share/texlive/texmf-dist/tex/generic/pgf/frontendlayer/tikz/libraries/tik
zlibrarydecorations.markings.code.tex
(/usr/share/texlive/texmf-dist/tex/generic/pgf/libraries/decorations/pgflibrary
decorations.markings.code.tex))
(/usr/share/texlive/texmf-dist/tex/generic/pgf/frontendlayer/tikz/libraries/tik
zlibraryshapes.geometric.code.tex
File: tikzlibraryshapes.geometric.code.tex 2023-01-15 v3.1.10 (3.1.10)

(/usr/share/texlive/texmf-dist/tex/generic/pgf/libraries/shapes/pgflibraryshape
s.geometric.code.tex
File: pgflibraryshapes.geometric.code.tex 2023-01-15 v3.1.10 (3.1.10)
))
(/usr/share/texlive/texmf-dist/tex/generic/pgf/frontendlayer/tikz/libraries/tik
zlibraryshapes.symbols.code.tex
File: tikzlibraryshapes.symbols.code.tex 2023-01-15 v3.1.10 (3.1.10)

(/usr/share/texlive/texmf-dist/tex/generic/pgf/libraries/shapes/pgflibraryshape
s.symbols.code.tex
File: pgflibraryshapes.symbols.code.tex 2023-01-15 v3.1.10 (3.1.10)
))
(/usr/share/texlive/texmf-dist/tex/generic/pgf/frontendlayer/tikz/libraries/tik
zlibraryshadings.code.tex
File: tikzlibraryshadings.code.tex 2023-01-15 v3.1.10 (3.1.10)

(/usr/share/texlive/texmf-dist/tex/generic/pgf/libraries/pgflibraryshadings.cod
e.tex
File: pgflibraryshadings.code.tex 2023-01-15 v3.1.10 (3.1.10)
))
(/usr/share/texlive/texmf-dist/tex/generic/pgf/frontendlayer/tikz/libraries/tik
zlibraryshadows.code.tex
File: tikzlibraryshadows.code.tex 2023-01-15 v3.1.10 (3.1.10)
)
(/usr/share/texlive/texmf-dist/tex/generic/pgf/frontendlayer/tikz/libraries/tik
zlibrarypatterns.code.tex
File: tikzlibrarypatterns.code.tex 2023-01-15 v3.1.10 (3.1.10)

(/usr/share/texlive/texmf-dist/tex/generic/pgf/libraries/pgflibrarypatterns.cod
e.tex
File: pgflibrarypatterns.code.tex 2023-01-15 v3.1.10 (3.1.10)
))
(/usr/share/texlive/texmf-dist/tex/generic/pgf/frontendlayer/tikz/libraries/tik
zlibrarypositioning.code.tex
File: tikzlibrarypositioning.code.tex 2023-01-15 v3.1.10 (3.1.10)
)
(/usr/share/texlive/texmf-dist/tex/generic/pgf/frontendlayer/tikz/libraries/tik
zlibraryfit.code.tex
File: tikzlibraryfit.code.tex 2023-01-15 v3.1.10 (3.1.10)
)
(/usr/share/texlive/texmf-dist/tex/generic/pgf/frontendlayer/tikz/libraries/tik
zlibrarymatrix.code.tex
File: tikzlibrarymatrix.code.tex 2023-01-15 v3.1.10 (3.1.10)
)
(/usr/share/texlive/texmf-dist/tex/generic/pgf/frontendlayer/tikz/libraries/tik
zlibrarymindmap.code.tex
File: tikzlibrarymindmap.code.tex 2023-01-15 v3.1.10 (3.1.10)

(/usr/share/texlive/texmf-dist/tex/generic/pgf/frontendlayer/tikz/libraries/tik
zlibrarytrees.code.tex
File: tikzlibrarytrees.code.tex 2023-01-15 v3.1.10 (3.1.10)
))
(/usr/share/texlive/texmf-dist/tex/generic/pgf/frontendlayer/tikz/libraries/tik
zlibraryperspective.code.tex
File: tikzlibraryperspective.code.tex 2023-01-15 v3.1.10 (3.1.10)
)
(/usr/share/texlive/texmf-dist/tex/latex/caption/caption.sty
Package: caption 2023/08/05 v3.6o Customizing captions (AR)

(/usr/share/texlive/texmf-dist/tex/latex/caption/caption3.sty
Package: caption3 2023/07/31 v2.4d caption3 kernel (AR)
\caption@tempdima=\dimen313
\captionmargin=\dimen314
\caption@leftmargin=\dimen315
\caption@rightmargin=\dimen316
\caption@width=\dimen317
\caption@indent=\dimen318
\caption@parindent=\dimen319
\caption@hangindent=\dimen320
Package caption Info: Standard document class detected.
)
\c@caption@flags=\count347
\c@continuedfloat=\count348
Package caption Info: listings package is loaded.
)
(/usr/share/texlive/texmf-dist/tex/latex/caption/subcaption.sty
Package: subcaption 2023/07/28 v1.6b Sub-captions (AR)
Package caption Info: New subtype `subfigure' on input line 238.
\c@subfigure=\count349
Package caption Info: New subtype `subtable' on input line 238.
\c@subtable=\count350
)
(/usr/share/texlive/texmf-dist/tex/latex/float/float.sty
Package: float 2001/11/08 v1.3d Float enhancements (AL)
\c@float@type=\count351
\float@exts=\toks58
\float@box=\box86
\@float@everytoks=\toks59
\@floatcapt=\box87
)
(/usr/share/texlive/texmf-dist/tex/latex/wrapfig/wrapfig.sty
\wrapoverhang=\dimen321
\WF@size=\dimen322
\c@WF@wrappedlines=\count352
\WF@box=\box88
\WF@everypar=\toks60
Package: wrapfig 2003/01/31  v 3.6
)
(/usr/share/texlive/texmf-dist/tex/latex/booktabs/booktabs.sty
Package: booktabs 2020/01/12 v1.61803398 Publication quality tables
\heavyrulewidth=\dimen323
\lightrulewidth=\dimen324
\cmidrulewidth=\dimen325
\belowrulesep=\dimen326
\belowbottomsep=\dimen327
\aboverulesep=\dimen328
\abovetopsep=\dimen329
\cmidrulesep=\dimen330
\cmidrulekern=\dimen331
\defaultaddspace=\dimen332
\@cmidla=\count353
\@cmidlb=\count354
\@aboverulesep=\dimen333
\@belowrulesep=\dimen334
\@thisruleclass=\count355
\@lastruleclass=\count356
\@thisrulewidth=\dimen335
)
(/usr/share/texlive/texmf-dist/tex/latex/tools/tabularx.sty
Package: tabularx 2023/07/08 v2.11c `tabularx' package (DPC)
\TX@col@width=\dimen336
\TX@old@table=\dimen337
\TX@old@col=\dimen338
\TX@target=\dimen339
\TX@delta=\dimen340
\TX@cols=\count357
\TX@ftn=\toks61
)
(/usr/share/texlive/texmf-dist/tex/latex/multirow/multirow.sty
Package: multirow 2021/03/15 v2.8 Span multiple rows of a table
\multirow@colwidth=\skip75
\multirow@cntb=\count358
\multirow@dima=\skip76
\bigstrutjot=\dimen341
)
(/usr/share/texlive/texmf-dist/tex/latex/setspace/setspace.sty
Package: setspace 2022/12/04 v6.7b set line spacing
)
(/usr/share/texlive/texmf-dist/tex/latex/parskip/parskip.sty
Package: parskip 2021-03-14 v2.0h non-zero parskip adjustments

(/usr/share/texlive/texmf-dist/tex/latex/kvoptions/kvoptions.sty
Package: kvoptions 2022-06-15 v3.15 Key value format for package options (HO)

(/usr/share/texlive/texmf-dist/tex/latex/kvsetkeys/kvsetkeys.sty
Package: kvsetkeys 2022-10-05 v1.19 Key value parser (HO)
)))
(/usr/share/texlive/texmf-dist/tex/latex/enumitem/enumitem.sty
Package: enumitem 2019/06/20 v3.9 Customized lists
\labelindent=\skip77
\enit@outerparindent=\dimen342
\enit@toks=\toks62
\enit@inbox=\box89
\enit@count@id=\count359
\enitdp@description=\count360
)
(/usr/share/texlive/texmf-dist/tex/latex/hyperref/hyperref.sty
Package: hyperref 2024-01-20 v7.01h Hypertext links for LaTeX

(/usr/share/texlive/texmf-dist/tex/generic/kvdefinekeys/kvdefinekeys.sty
Package: kvdefinekeys 2019-12-19 v1.6 Define keys (HO)
)
(/usr/share/texlive/texmf-dist/tex/generic/pdfescape/pdfescape.sty
Package: pdfescape 2019/12/09 v1.15 Implements pdfTeX's escape features (HO)

(/usr/share/texlive/texmf-dist/tex/generic/pdftexcmds/pdftexcmds.sty
Package: pdftexcmds 2020-06-27 v0.33 Utility functions of pdfTeX for LuaTeX (HO
)
Package pdftexcmds Info: \pdf@primitive is available.
Package pdftexcmds Info: \pdf@ifprimitive is available.
Package pdftexcmds Info: \pdfdraftmode found.
\pdftexcmds@toks=\toks63
))
(/usr/share/texlive/texmf-dist/tex/latex/hycolor/hycolor.sty
Package: hycolor 2020-01-27 v1.10 Color options for hyperref/bookmark (HO)
)
(/usr/share/texlive/texmf-dist/tex/latex/auxhook/auxhook.sty
Package: auxhook 2019-12-17 v1.6 Hooks for auxiliary files (HO)
)
(/usr/share/texlive/texmf-dist/tex/latex/hyperref/nameref.sty
Package: nameref 2023-11-26 v2.56 Cross-referencing by name of section

(/usr/share/texlive/texmf-dist/tex/latex/refcount/refcount.sty
Package: refcount 2019/12/15 v3.6 Data extraction from label references (HO)
)
(/usr/share/texlive/texmf-dist/tex/generic/gettitlestring/gettitlestring.sty
Package: gettitlestring 2019/12/15 v1.6 Cleanup title references (HO)
)
\c@section@level=\count361
)
\@linkdim=\dimen343
\Hy@linkcounter=\count362
\Hy@pagecounter=\count363

(/usr/share/texlive/texmf-dist/tex/latex/hyperref/pd1enc.def
File: pd1enc.def 2024-01-20 v7.01h Hyperref: PDFDocEncoding definition (HO)
)
(/usr/share/texlive/texmf-dist/tex/generic/intcalc/intcalc.sty
Package: intcalc 2019/12/15 v1.3 Expandable calculations with integers (HO)
)
\Hy@SavedSpaceFactor=\count364

(/usr/share/texlive/texmf-dist/tex/latex/hyperref/puenc.def
File: puenc.def 2024-01-20 v7.01h Hyperref: PDF Unicode definition (HO)
)
Package hyperref Info: Option `colorlinks' set `true' on input line 4062.
Package hyperref Info: Option `bookmarksnumbered' set `true' on input line 4062
.
Package hyperref Info: Hyper figures OFF on input line 4179.
Package hyperref Info: Link nesting OFF on input line 4184.
Package hyperref Info: Hyper index ON on input line 4187.
Package hyperref Info: Plain pages OFF on input line 4194.
Package hyperref Info: Backreferencing OFF on input line 4199.
Package hyperref Info: Implicit mode ON; LaTeX internals redefined.
Package hyperref Info: Bookmarks ON on input line 4446.
\c@Hy@tempcnt=\count365

(/usr/share/texlive/texmf-dist/tex/latex/url/url.sty
\Urlmuskip=\muskip18
Package: url 2013/09/16  ver 3.4  Verb mode for urls, etc.
)
LaTeX Info: Redefining \url on input line 4784.
\XeTeXLinkMargin=\dimen344

(/usr/share/texlive/texmf-dist/tex/generic/bitset/bitset.sty
Package: bitset 2019/12/09 v1.3 Handle bit-vector datatype (HO)

(/usr/share/texlive/texmf-dist/tex/generic/bigintcalc/bigintcalc.sty
Package: bigintcalc 2019/12/15 v1.5 Expandable calculations on big integers (HO
)
))
\Fld@menulength=\count366
\Field@Width=\dimen345
\Fld@charsize=\dimen346
Package hyperref Info: Hyper figures OFF on input line 6063.
Package hyperref Info: Link nesting OFF on input line 6068.
Package hyperref Info: Hyper index ON on input line 6071.
Package hyperref Info: backreferencing OFF on input line 6078.
Package hyperref Info: Link coloring ON on input line 6081.
Package hyperref Info: Link coloring with OCG OFF on input line 6088.
Package hyperref Info: PDF/A mode OFF on input line 6093.

(/usr/share/texlive/texmf-dist/tex/latex/base/atbegshi-ltx.sty
Package: atbegshi-ltx 2021/01/10 v1.0c Emulation of the original atbegshi
package with kernel methods
)
\Hy@abspage=\count367
\c@Item=\count368
\c@Hfootnote=\count369
)
Package hyperref Info: Driver (autodetected): hluatex.

(/usr/share/texlive/texmf-dist/tex/latex/hyperref/hluatex.def
File: hluatex.def 2024-01-20 v7.01h Hyperref driver for luaTeX

(/usr/share/texlive/texmf-dist/tex/generic/stringenc/stringenc.sty
Package: stringenc 2019/11/29 v1.12 Convert strings between diff. encodings (HO
)
)
(/usr/share/texlive/texmf-dist/tex/latex/base/atveryend-ltx.sty
Package: atveryend-ltx 2020/08/19 v1.0a Emulation of the original atveryend pac
kage
with kernel methods
)
\Fld@listcount=\count370
\c@bookmark@seq@number=\count371

(/usr/share/texlive/texmf-dist/tex/latex/rerunfilecheck/rerunfilecheck.sty
Package: rerunfilecheck 2022-07-10 v1.10 Rerun checks for auxiliary files (HO)

(/usr/share/texlive/texmf-dist/tex/generic/uniquecounter/uniquecounter.sty
Package: uniquecounter 2019/12/15 v1.4 Provide unlimited unique counter (HO)
)
Package uniquecounter Info: New unique counter `rerunfilecheck' on input line 2
85.
)
\Hy@SectionHShift=\skip78
)
(/usr/share/texlive/texmf-dist/tex/latex/cleveref/cleveref.sty
Package: cleveref 2018/03/27 v0.21.4 Intelligent cross-referencing
Package cleveref Info: `hyperref' support loaded on input line 2370.
LaTeX Info: Redefining \cref on input line 2370.
LaTeX Info: Redefining \Cref on input line 2370.
LaTeX Info: Redefining \crefrange on input line 2370.
LaTeX Info: Redefining \Crefrange on input line 2370.
LaTeX Info: Redefining \cpageref on input line 2370.
LaTeX Info: Redefining \Cpageref on input line 2370.
LaTeX Info: Redefining \cpagerefrange on input line 2370.
LaTeX Info: Redefining \Cpagerefrange on input line 2370.
LaTeX Info: Redefining \labelcref on input line 2370.
LaTeX Info: Redefining \labelcpageref on input line 2370.
Package cleveref Info: `amsthm' support loaded on input line 3026.
Package cleveref Info: `listings' support loaded on input line 3131.
)
(/usr/share/texlive/texmf-dist/tex/latex/biblatex/biblatex.sty
Package: biblatex 2023/03/05 v3.19 programmable bibliographies (PK/MW)

(/usr/share/texlive/texmf-dist/tex/latex/logreq/logreq.sty
Package: logreq 2010/08/04 v1.0 xml request logger
\lrq@indent=\count372

(/usr/share/texlive/texmf-dist/tex/latex/logreq/logreq.def
File: logreq.def 2010/08/04 v1.0 logreq spec v1.0
))
\c@tabx@nest=\count373
\c@listtotal=\count374
\c@listcount=\count375
\c@liststart=\count376
\c@liststop=\count377
\c@citecount=\count378
\c@citetotal=\count379
\c@multicitecount=\count380
\c@multicitetotal=\count381
\c@instcount=\count382
\c@maxnames=\count383
\c@minnames=\count384
\c@maxitems=\count385
\c@minitems=\count386
\c@citecounter=\count387
\c@maxcitecounter=\count388
\c@savedcitecounter=\count389
\c@uniquelist=\count390
\c@uniquename=\count391
\c@refsection=\count392
\c@refsegment=\count393
\c@maxextratitle=\count394
\c@maxextratitleyear=\count395
\c@maxextraname=\count396
\c@maxextradate=\count397
\c@maxextraalpha=\count398
\c@abbrvpenalty=\count399
\c@highnamepenalty=\count400
\c@lownamepenalty=\count401
\c@maxparens=\count402
\c@parenlevel=\count403
\blx@tempcnta=\count404
\blx@tempcntb=\count405
\blx@tempcntc=\count406
\c@blx@maxsection=\count407
\blx@maxsegment@0=\count408
\blx@notetype=\count409
\blx@parenlevel@text=\count410
\blx@parenlevel@foot=\count411
\blx@sectionciteorder@0=\count412
\blx@sectionciteorderinternal@0=\count413
\blx@entrysetcounter=\count414
\blx@biblioinstance=\count415
\labelnumberwidth=\skip79
\labelalphawidth=\skip80
\biblabelsep=\skip81
\bibitemsep=\skip82
\bibnamesep=\skip83
\bibinitsep=\skip84
\bibparsep=\skip85
\bibhang=\skip86
\blx@bcfin=\read4
\blx@bcfout=\write4
\blx@langwohyphens=\language2
\c@mincomprange=\count416
\c@maxcomprange=\count417
\c@mincompwidth=\count418
Package biblatex Info: Trying to load biblatex default data model...
Package biblatex Info: ... file 'blx-dm.def' found.

(/usr/share/texlive/texmf-dist/tex/latex/biblatex/blx-dm.def
File: blx-dm.def 2023/03/05 v3.19 biblatex localization (PK/MW)
)
Package biblatex Info: Trying to load biblatex style data model...
Package biblatex Info: ... file 'authoryear-comp.dbx' not found.
Package biblatex Info: Trying to load biblatex custom data model...
Package biblatex Info: ... file 'biblatex-dm.cfg' not found.
\c@afterword=\count419
\c@savedafterword=\count420
\c@annotator=\count421
\c@savedannotator=\count422
\c@author=\count423
\c@savedauthor=\count424
\c@bookauthor=\count425
\c@savedbookauthor=\count426
\c@commentator=\count427
\c@savedcommentator=\count428
\c@editor=\count429
\c@savededitor=\count430
\c@editora=\count431
\c@savededitora=\count432
\c@editorb=\count433
\c@savededitorb=\count434
\c@editorc=\count435
\c@savededitorc=\count436
\c@foreword=\count437
\c@savedforeword=\count438
\c@holder=\count439
\c@savedholder=\count440
\c@introduction=\count441
\c@savedintroduction=\count442
\c@namea=\count443
\c@savednamea=\count444
\c@nameb=\count445
\c@savednameb=\count446
\c@namec=\count447
\c@savednamec=\count448
\c@translator=\count449
\c@savedtranslator=\count450
\c@shortauthor=\count451
\c@savedshortauthor=\count452
\c@shorteditor=\count453
\c@savedshorteditor=\count454
\c@labelname=\count455
\c@savedlabelname=\count456
\c@institution=\count457
\c@savedinstitution=\count458
\c@lista=\count459
\c@savedlista=\count460
\c@listb=\count461
\c@savedlistb=\count462
\c@listc=\count463
\c@savedlistc=\count464
\c@listd=\count465
\c@savedlistd=\count466
\c@liste=\count467
\c@savedliste=\count468
\c@listf=\count469
\c@savedlistf=\count470
\c@location=\count471
\c@savedlocation=\count472
\c@organization=\count473
\c@savedorganization=\count474
\c@origlocation=\count475
\c@savedoriglocation=\count476
\c@origpublisher=\count477
\c@savedorigpublisher=\count478
\c@publisher=\count479
\c@savedpublisher=\count480
\c@language=\count481
\c@savedlanguage=\count482
\c@origlanguage=\count483
\c@savedoriglanguage=\count484
\c@pageref=\count485
\c@savedpageref=\count486
\shorthandwidth=\skip87
\shortjournalwidth=\skip88
\shortserieswidth=\skip89
\shorttitlewidth=\skip90
\shortauthorwidth=\skip91
\shorteditorwidth=\skip92
\locallabelnumberwidth=\skip93
\locallabelalphawidth=\skip94
\localshorthandwidth=\skip95
\localshortjournalwidth=\skip96
\localshortserieswidth=\skip97
\localshorttitlewidth=\skip98
\localshortauthorwidth=\skip99
\localshorteditorwidth=\skip100
Package biblatex Info: Trying to load enhanced support for Unicode engines...
Package biblatex Info: ... file 'blx-unicode.def' found.

(/usr/share/texlive/texmf-dist/tex/latex/biblatex/blx-unicode.def)
Package biblatex Info: Trying to load compatibility code...
Package biblatex Info: ... file 'blx-compat.def' found.

(/usr/share/texlive/texmf-dist/tex/latex/biblatex/blx-compat.def
File: blx-compat.def 2023/03/05 v3.19 biblatex compatibility (PK/MW)
)
Package biblatex Info: Trying to load generic definitions...
Package biblatex Info: ... file 'biblatex.def' found.

(/usr/share/texlive/texmf-dist/tex/latex/biblatex/biblatex.def
File: biblatex.def 2023/03/05 v3.19 biblatex compatibility (PK/MW)
\c@textcitecount=\count487
\c@textcitetotal=\count488
\c@textcitemaxnames=\count489
\c@biburlbigbreakpenalty=\count490
\c@biburlbreakpenalty=\count491
\c@biburlnumpenalty=\count492
\c@biburlucpenalty=\count493
\c@biburllcpenalty=\count494
\biburlbigskip=\muskip19
\biburlnumskip=\muskip20
\biburlucskip=\muskip21
\biburllcskip=\muskip22
\c@smartand=\count495
)
Package biblatex Info: Trying to load bibliography style 'authoryear-comp'...
Package biblatex Info: ... file 'authoryear-comp.bbx' found.

(/usr/share/texlive/texmf-dist/tex/latex/biblatex/bbx/authoryear-comp.bbx
File: authoryear-comp.bbx 2023/03/05 v3.19 biblatex bibliography style (PK/MW)
Package biblatex Info: Trying to load bibliography style 'authoryear'...
Package biblatex Info: ... file 'authoryear.bbx' found.

(/usr/share/texlive/texmf-dist/tex/latex/biblatex/bbx/authoryear.bbx
File: authoryear.bbx 2023/03/05 v3.19 biblatex bibliography style (PK/MW)
Package biblatex Info: Trying to load bibliography style 'standard'...
Package biblatex Info: ... file 'standard.bbx' found.

(/usr/share/texlive/texmf-dist/tex/latex/biblatex/bbx/standard.bbx
File: standard.bbx 2023/03/05 v3.19 biblatex bibliography style (PK/MW)
\c@bbx:relatedcount=\count496
\c@bbx:relatedtotal=\count497
)))
Package biblatex Info: Trying to load citation style 'authoryear-comp'...
Package biblatex Info: ... file 'authoryear-comp.cbx' found.

(/usr/share/texlive/texmf-dist/tex/latex/biblatex/cbx/authoryear-comp.cbx
File: authoryear-comp.cbx 2023/03/05 v3.19 biblatex citation style (PK/MW)
Package biblatex Info: Redefining '\cite'.
Package biblatex Info: Redefining '\parencite'.
Package biblatex Info: Redefining '\footcite'.
Package biblatex Info: Redefining '\footcitetext'.
Package biblatex Info: Redefining '\smartcite'.
Package biblatex Info: Redefining '\textcite'.
Package biblatex Info: Redefining '\textcites'.
Package biblatex Info: Redefining '\cites'.
Package biblatex Info: Redefining '\parencites'.
Package biblatex Info: Redefining '\footcites'.
Package biblatex Info: Redefining '\footcitetexts'.
Package biblatex Info: Redefining '\smartcites'.
)
Package biblatex Info: Trying to load configuration file...
Package biblatex Info: ... file 'biblatex.cfg' found.

(/usr/share/texlive/texmf-dist/tex/latex/biblatex/biblatex.cfg
File: biblatex.cfg 
)
Package biblatex Info: LuaTeX detected.
(biblatex)             Assuming input encoding 'utf8'.
Package biblatex Info: Document encoding is UTF8 ....
Package biblatex Info: ... and expl3
(biblatex)             2024-01-22 L3 programming layer (loader) 
(biblatex)             is new enough (at least 2020/04/06),
(biblatex)             setting 'casechanger=expl3'.

(/usr/share/texlive/texmf-dist/tex/latex/biblatex/blx-case-expl3.sty
Package: blx-case-expl3 2023/03/05 v3.19 expl3 case changing code for biblatex
))
(/usr/share/texlive/texmf-dist/tex/latex/imakeidx/imakeidx.sty
Package: imakeidx 2016/10/15 v1.3e Package for typesetting indices in a synchro
nous mode

(/usr/share/texlive/texmf-dist/tex/latex/xkeyval/xkeyval.sty
Package: xkeyval 2022/06/16 v2.9 package option processing (HA)

(/usr/share/texlive/texmf-dist/tex/generic/xkeyval/xkeyval.tex
(/usr/share/texlive/texmf-dist/tex/generic/xkeyval/xkvutils.tex
\XKV@toks=\toks64
\XKV@tempa@toks=\toks65
)
\XKV@depth=\count498
File: xkeyval.tex 2014/12/03 v2.7a key=value parser (HA)
))
(/usr/share/texlive/texmf-dist/tex/generic/iftex/ifxetex.sty
Package: ifxetex 2019/10/25 v0.7 ifxetex legacy package. Use iftex instead.
)
(/usr/share/texlive/texmf-dist/tex/latex/tools/multicol.sty
Package: multicol 2023/03/30 v1.9f multicolumn formatting (FMi)
\c@tracingmulticols=\count499
\mult@box=\box90
\multicol@leftmargin=\dimen347
\c@unbalance=\count500
\c@collectmore=\count501
\doublecol@number=\count502
\multicoltolerance=\count503
\multicolpretolerance=\count504
\full@width=\dimen348
\page@free=\dimen349
\premulticols=\dimen350
\postmulticols=\dimen351
\multicolsep=\skip101
\multicolbaselineskip=\skip102
\partial@page=\box91
\last@line=\box92
\mc@boxedresult=\box93
\maxbalancingoverflow=\dimen352
\mult@rightbox=\box94
\mult@grightbox=\box95
\mult@firstbox=\box96
\mult@gfirstbox=\box97
\@tempa=\box98
\@tempa=\box99
\@tempa=\box100
\@tempa=\box101
\@tempa=\box102
\@tempa=\box103
\@tempa=\box104
\@tempa=\box105
\@tempa=\box106
\@tempa=\box107
\@tempa=\box108
\@tempa=\box109
\@tempa=\box110
\@tempa=\box111
\@tempa=\box112
\@tempa=\box113
\@tempa=\box114
\@tempa=\box115
\@tempa=\box116
\@tempa=\box117
\@tempa=\box118
\@tempa=\box119
\@tempa=\box120
\@tempa=\box121
\@tempa=\box122
\@tempa=\box123
\@tempa=\box124
\@tempa=\box125
\@tempa=\box126
\@tempa=\box127
\@tempa=\box128
\@tempa=\box129
\@tempa=\box130
\@tempa=\box131
\@tempa=\box132
\@tempa=\box133
\c@minrows=\count505
\c@columnbadness=\count506
\c@finalcolumnbadness=\count507
\last@try=\dimen353
\multicolovershoot=\dimen354
\multicolundershoot=\dimen355
\mult@nat@firstbox=\box134
\colbreak@box=\box135
\mc@col@check@num=\count508
))
\main@idxfile=\write5

\openout5 = main.idx

Writing index file main.idx
(/usr/share/texlive/texmf-dist/tex/latex/marginnote/marginnote.sty
Package: marginnote 2018/08/09 1.4b non floating margin notes for LaTeX
\c@mn@abspage=\count509
)
(./styles/commands.tex)
\@quotelevel=\count510
\@quotereset=\count511
 (./build/main.aux)
\openout1 = main.aux

LaTeX Font Info:    Checking defaults for OML/cmm/m/it on input line 365.
LaTeX Font Info:    ... okay on input line 365.
LaTeX Font Info:    Checking defaults for OMS/cmsy/m/n on input line 365.
LaTeX Font Info:    ... okay on input line 365.
LaTeX Font Info:    Checking defaults for OT1/cmr/m/n on input line 365.
LaTeX Font Info:    ... okay on input line 365.
LaTeX Font Info:    Checking defaults for T1/cmr/m/n on input line 365.
LaTeX Font Info:    ... okay on input line 365.
LaTeX Font Info:    Checking defaults for TS1/cmr/m/n on input line 365.
LaTeX Font Info:    ... okay on input line 365.
LaTeX Font Info:    Checking defaults for TU/lmr/m/n on input line 365.
LaTeX Font Info:    ... okay on input line 365.
LaTeX Font Info:    Checking defaults for OMX/cmex/m/n on input line 365.
LaTeX Font Info:    ... okay on input line 365.
LaTeX Font Info:    Checking defaults for U/cmr/m/n on input line 365.
LaTeX Font Info:    ... okay on input line 365.
LaTeX Font Info:    Checking defaults for PD1/pdf/m/n on input line 365.
LaTeX Font Info:    ... okay on input line 365.
LaTeX Font Info:    Checking defaults for PU/pdf/m/n on input line 365.
LaTeX Font Info:    ... okay on input line 365.
LaTeX Info: Redefining \microtypecontext on input line 365.
Package microtype Info: Applying patch `item' on input line 365.
Package microtype Info: Applying patch `toc' on input line 365.
Package microtype Info: Applying patch `eqnum' on input line 365.
Package microtype Info: Applying patch `footnote' on input line 365.
Package microtype Info: Applying patch `verbatim' on input line 365.
Package microtype Info: Generating PDF output.
Package microtype Info: Character protrusion enabled (level 2).
Package microtype Info: Using default protrusion set `alltext'.
Package microtype Info: Automatic font expansion enabled (level 2),
(microtype)             stretch: 20, shrink: 20, step: 1, non-selected.
Package microtype Info: Using default expansion set `alltext-nott'.
LaTeX Info: Redefining \showhyphens on input line 365.
Package microtype Info: No adjustment of tracking.
Package microtype Info: No adjustment of spacing.
Package microtype Info: No adjustment of kerning.

(/usr/share/texlive/texmf-dist/tex/latex/microtype/mt-Palatino.cfg
File: mt-Palatino.cfg 2012/03/10 v1.0 microtype config. file: Palatino and simi
lar fonts (LBD)
)
Package microtype Info: Character `ﬆ' is missing
(microtype)             in font `TU/TeXGyrePagella(0)/m/n/12'.
(microtype)             Ignoring protrusion settings for this character.
Package microtype Info: Character `ﬅ' is missing
(microtype)             in font `TU/TeXGyrePagella(0)/m/n/12'.
(microtype)             Ignoring protrusion settings for this character.
Package microtype Info: Character `‥' is missing
(microtype)             in font `TU/TeXGyrePagella(0)/m/n/12'.
(microtype)             Ignoring protrusion settings for this character.
Package microtype Info: Character `‼' is missing
(microtype)             in font `TU/TeXGyrePagella(0)/m/n/12'.
(microtype)             Ignoring protrusion settings for this character.
Package microtype Info: Character `⁰' is missing
(microtype)             in font `TU/TeXGyrePagella(0)/m/n/12'.
(microtype)             Ignoring protrusion settings for this character.
Package microtype Info: Character `⁴' is missing
(microtype)             in font `TU/TeXGyrePagella(0)/m/n/12'.
(microtype)             Ignoring protrusion settings for this character.
Package microtype Info: Character `⁵' is missing
(microtype)             in font `TU/TeXGyrePagella(0)/m/n/12'.
(microtype)             Ignoring protrusion settings for this character.
Package microtype Info: Character `⁶' is missing
(microtype)             in font `TU/TeXGyrePagella(0)/m/n/12'.
(microtype)             Ignoring protrusion settings for this character.
Package microtype Info: Character `⁷' is missing
(microtype)             in font `TU/TeXGyrePagella(0)/m/n/12'.
(microtype)             Ignoring protrusion settings for this character.
Package microtype Info: Character `⁸' is missing
(microtype)             in font `TU/TeXGyrePagella(0)/m/n/12'.
(microtype)             Ignoring protrusion settings for this character.
Package microtype Info: Character `⁹' is missing
(microtype)             in font `TU/TeXGyrePagella(0)/m/n/12'.
(microtype)             Ignoring protrusion settings for this character.
Package microtype Info: Character `₀' is missing
(microtype)             in font `TU/TeXGyrePagella(0)/m/n/12'.
(microtype)             Ignoring protrusion settings for this character.
Package microtype Info: Character `₁' is missing
(microtype)             in font `TU/TeXGyrePagella(0)/m/n/12'.
(microtype)             Ignoring protrusion settings for this character.
Package microtype Info: Character `₂' is missing
(microtype)             in font `TU/TeXGyrePagella(0)/m/n/12'.
(microtype)             Ignoring protrusion settings for this character.
Package microtype Info: Character `₃' is missing
(microtype)             in font `TU/TeXGyrePagella(0)/m/n/12'.
(microtype)             Ignoring protrusion settings for this character.
Package microtype Info: Character `₄' is missing
(microtype)             in font `TU/TeXGyrePagella(0)/m/n/12'.
(microtype)             Ignoring protrusion settings for this character.
Package microtype Info: Character `₅' is missing
(microtype)             in font `TU/TeXGyrePagella(0)/m/n/12'.
(microtype)             Ignoring protrusion settings for this character.
Package microtype Info: Character `₆' is missing
(microtype)             in font `TU/TeXGyrePagella(0)/m/n/12'.
(microtype)             Ignoring protrusion settings for this character.
Package microtype Info: Character `₇' is missing
(microtype)             in font `TU/TeXGyrePagella(0)/m/n/12'.
(microtype)             Ignoring protrusion settings for this character.
Package microtype Info: Character `₈' is missing
(microtype)             in font `TU/TeXGyrePagella(0)/m/n/12'.
(microtype)             Ignoring protrusion settings for this character.
Package microtype Info: Character `₉' is missing
(microtype)             in font `TU/TeXGyrePagella(0)/m/n/12'.
(microtype)             Ignoring protrusion settings for this character.
Package microtype Info: Character `₊' is missing
(microtype)             in font `TU/TeXGyrePagella(0)/m/n/12'.
(microtype)             Ignoring protrusion settings for this character.
Package microtype Info: Character `₋' is missing
(microtype)             in font `TU/TeXGyrePagella(0)/m/n/12'.
(microtype)             Ignoring protrusion settings for this character.
Package microtype Info: Character `⁺' is missing
(microtype)             in font `TU/TeXGyrePagella(0)/m/n/12'.
(microtype)             Ignoring protrusion settings for this character.
Package microtype Info: Character `⁻' is missing
(microtype)             in font `TU/TeXGyrePagella(0)/m/n/12'.
(microtype)             Ignoring protrusion settings for this character.


Package unicode-math Warning: Using \overbracket and \underbracket from
(unicode-math)                `mathtools' package.
(unicode-math)                 
(unicode-math)                 Use \Uoverbracket and \Uunderbracket for
(unicode-math)                original `unicode-math' definition.


Package unicode-math Warning: I'm going to overwrite the following commands
(unicode-math)                from the `mathtools' package: 
(unicode-math)                 
(unicode-math)                     \dblcolon, \coloneqq, \Coloneqq, \eqqcolon.
(unicode-math)                
(unicode-math)                 
(unicode-math)                 Note that since I won't overwrite the other
(unicode-math)                colon-like commands, using them will lead to
(unicode-math)                inconsistencies.

*geometry* driver: auto-detecting
*geometry* detected driver: luatex
*geometry* verbose mode - [ preamble ] result:
* driver: luatex
* paper: a4paper
* layout: <same size as paper>
* layoutoffset:(h,v)=(0.0pt,0.0pt)
* modes: twoside 
* h-part:(L,W,R)=(85.35826pt, 455.24411pt, 56.9055pt)
* v-part:(T,H,B)=(71.13188pt, 688.5567pt, 85.35826pt)
* \paperwidth=597.50787pt
* \paperheight=845.04684pt
* \textwidth=455.24411pt
* \textheight=688.5567pt
* \oddsidemargin=13.08827pt
* \evensidemargin=-15.36449pt
* \topmargin=-35.9003pt
* \headheight=24.0pt
* \headsep=22.76219pt
* \topskip=12.0pt
* \footskip=30.0pt
* \marginparwidth=42.67912pt
* \marginparsep=8.53581pt
* \columnsep=10.0pt
* \skip\footins=10.8pt plus 4.0pt minus 2.0pt
* \hoffset=0.0pt
* \voffset=0.0pt
* \mag=1000
* \@twocolumnfalse
* \@twosidetrue
* \@mparswitchtrue
* \@reversemarginfalse
* (1in=72.27pt=25.4mm, 1cm=28.453pt)

(/usr/share/texlive/texmf-dist/tex/context/base/mkii/supp-pdf.mkii
[Loading MPS to PDF converter (version 2006.09.02).]
\scratchcounter=\count512
\scratchdimen=\dimen356
\scratchbox=\box136
\nofMPsegments=\count513
\nofMParguments=\count514
\everyMPshowfont=\toks66
\MPscratchCnt=\count515
\MPscratchDim=\dimen357
\MPnumerator=\count516
\makeMPintoPDFobject=\count517
\everyMPtoPDFconversion=\toks67
) (/usr/share/texlive/texmf-dist/tex/latex/epstopdf-pkg/epstopdf-base.sty
Package: epstopdf-base 2020-01-24 v2.11 Base part for package epstopdf
Package epstopdf-base Info: Redefining graphics rule for `.eps' on input line 4
85.

(/usr/share/texlive/texmf-dist/tex/latex/latexconfig/epstopdf-sys.cfg
File: epstopdf-sys.cfg 2010/07/13 v1.3 Configuration of (r)epstopdf for TeX Liv
e
))
\c@lstlisting=\count518

Package pgfplots notification 'compat/show suggested version=true': document ha
s been generated with the most recent feature set (\pgfplotsset{compat=1.18}).

Package caption Info: Begin \AtBeginDocument code.
Package caption Info: float package is loaded.
Package caption Info: hyperref package is loaded.
Package caption Info: wrapfig package is loaded.
Package caption Info: End \AtBeginDocument code.
Package hyperref Info: Link coloring ON on input line 365.
(./build/main.out) (./build/main.out)
\@outlinefile=\write6

\openout6 = main.out
Package biblatex Info: Trying to load language 'english'...
Package biblatex Info: ... file 'english.lbx' found.

(/usr/share/texlive/texmf-dist/tex/latex/biblatex/lbx/english.lbx
File: english.lbx 2023/03/05 v3.19 biblatex localization (PK/MW)
)
Package biblatex Info: LuaTeX detected.
(biblatex)             Assuming input encoding 'utf8'.
Package biblatex Info: Automatic encoding selection.
(biblatex)             Assuming data encoding 'utf8'.

\openout4 = main.bcf
Package biblatex Info: Trying to load bibliographic data...
Package biblatex Info: ... file 'main.bbl' found.

(./build/main.bbl)
Package biblatex Info: Reference section=0 on input line 365.
Package biblatex Info: Reference segment=0 on input line 365.
Package microtype Info: Character `ﬆ' is missing
(microtype)             in font `TU/TeXGyrePagella(0)/m/n/36'.
(microtype)             Ignoring protrusion settings for this character.
Package microtype Info: Character `ﬅ' is missing
(microtype)             in font `TU/TeXGyrePagella(0)/m/n/36'.
(microtype)             Ignoring protrusion settings for this character.
Package microtype Info: Character `‥' is missing
(microtype)             in font `TU/TeXGyrePagella(0)/m/n/36'.
(microtype)             Ignoring protrusion settings for this character.
Package microtype Info: Character `‼' is missing
(microtype)             in font `TU/TeXGyrePagella(0)/m/n/36'.
(microtype)             Ignoring protrusion settings for this character.
Package microtype Info: Character `⁰' is missing
(microtype)             in font `TU/TeXGyrePagella(0)/m/n/36'.
(microtype)             Ignoring protrusion settings for this character.
Package microtype Info: Character `⁴' is missing
(microtype)             in font `TU/TeXGyrePagella(0)/m/n/36'.
(microtype)             Ignoring protrusion settings for this character.
Package microtype Info: Character `⁵' is missing
(microtype)             in font `TU/TeXGyrePagella(0)/m/n/36'.
(microtype)             Ignoring protrusion settings for this character.
Package microtype Info: Character `⁶' is missing
(microtype)             in font `TU/TeXGyrePagella(0)/m/n/36'.
(microtype)             Ignoring protrusion settings for this character.
Package microtype Info: Character `⁷' is missing
(microtype)             in font `TU/TeXGyrePagella(0)/m/n/36'.
(microtype)             Ignoring protrusion settings for this character.
Package microtype Info: Character `⁸' is missing
(microtype)             in font `TU/TeXGyrePagella(0)/m/n/36'.
(microtype)             Ignoring protrusion settings for this character.
Package microtype Info: Character `⁹' is missing
(microtype)             in font `TU/TeXGyrePagella(0)/m/n/36'.
(microtype)             Ignoring protrusion settings for this character.
Package microtype Info: Character `₀' is missing
(microtype)             in font `TU/TeXGyrePagella(0)/m/n/36'.
(microtype)             Ignoring protrusion settings for this character.
Package microtype Info: Character `₁' is missing
(microtype)             in font `TU/TeXGyrePagella(0)/m/n/36'.
(microtype)             Ignoring protrusion settings for this character.
Package microtype Info: Character `₂' is missing
(microtype)             in font `TU/TeXGyrePagella(0)/m/n/36'.
(microtype)             Ignoring protrusion settings for this character.
Package microtype Info: Character `₃' is missing
(microtype)             in font `TU/TeXGyrePagella(0)/m/n/36'.
(microtype)             Ignoring protrusion settings for this character.
Package microtype Info: Character `₄' is missing
(microtype)             in font `TU/TeXGyrePagella(0)/m/n/36'.
(microtype)             Ignoring protrusion settings for this character.
Package microtype Info: Character `₅' is missing
(microtype)             in font `TU/TeXGyrePagella(0)/m/n/36'.
(microtype)             Ignoring protrusion settings for this character.
Package microtype Info: Character `₆' is missing
(microtype)             in font `TU/TeXGyrePagella(0)/m/n/36'.
(microtype)             Ignoring protrusion settings for this character.
Package microtype Info: Character `₇' is missing
(microtype)             in font `TU/TeXGyrePagella(0)/m/n/36'.
(microtype)             Ignoring protrusion settings for this character.
Package microtype Info: Character `₈' is missing
(microtype)             in font `TU/TeXGyrePagella(0)/m/n/36'.
(microtype)             Ignoring protrusion settings for this character.
Package microtype Info: Character `₉' is missing
(microtype)             in font `TU/TeXGyrePagella(0)/m/n/36'.
(microtype)             Ignoring protrusion settings for this character.
Package microtype Info: Character `₊' is missing
(microtype)             in font `TU/TeXGyrePagella(0)/m/n/36'.
(microtype)             Ignoring protrusion settings for this character.
Package microtype Info: Character `₋' is missing
(microtype)             in font `TU/TeXGyrePagella(0)/m/n/36'.
(microtype)             Ignoring protrusion settings for this character.
Package microtype Info: Character `⁺' is missing
(microtype)             in font `TU/TeXGyrePagella(0)/m/n/36'.
(microtype)             Ignoring protrusion settings for this character.
Package microtype Info: Character `⁻' is missing
(microtype)             in font `TU/TeXGyrePagella(0)/m/n/36'.
(microtype)             Ignoring protrusion settings for this character.
Package microtype Info: Character `ﬆ' is missing
(microtype)             in font `TU/TeXGyrePagella(0)/b/n/36'.
(microtype)             Ignoring protrusion settings for this character.
Package microtype Info: Character `ﬅ' is missing
(microtype)             in font `TU/TeXGyrePagella(0)/b/n/36'.
(microtype)             Ignoring protrusion settings for this character.
Package microtype Info: Character `‥' is missing
(microtype)             in font `TU/TeXGyrePagella(0)/b/n/36'.
(microtype)             Ignoring protrusion settings for this character.
Package microtype Info: Character `‼' is missing
(microtype)             in font `TU/TeXGyrePagella(0)/b/n/36'.
(microtype)             Ignoring protrusion settings for this character.
Package microtype Info: Character `⁰' is missing
(microtype)             in font `TU/TeXGyrePagella(0)/b/n/36'.
(microtype)             Ignoring protrusion settings for this character.
Package microtype Info: Character `⁴' is missing
(microtype)             in font `TU/TeXGyrePagella(0)/b/n/36'.
(microtype)             Ignoring protrusion settings for this character.
Package microtype Info: Character `⁵' is missing
(microtype)             in font `TU/TeXGyrePagella(0)/b/n/36'.
(microtype)             Ignoring protrusion settings for this character.
Package microtype Info: Character `⁶' is missing
(microtype)             in font `TU/TeXGyrePagella(0)/b/n/36'.
(microtype)             Ignoring protrusion settings for this character.
Package microtype Info: Character `⁷' is missing
(microtype)             in font `TU/TeXGyrePagella(0)/b/n/36'.
(microtype)             Ignoring protrusion settings for this character.
Package microtype Info: Character `⁸' is missing
(microtype)             in font `TU/TeXGyrePagella(0)/b/n/36'.
(microtype)             Ignoring protrusion settings for this character.
Package microtype Info: Character `⁹' is missing
(microtype)             in font `TU/TeXGyrePagella(0)/b/n/36'.
(microtype)             Ignoring protrusion settings for this character.
Package microtype Info: Character `₀' is missing
(microtype)             in font `TU/TeXGyrePagella(0)/b/n/36'.
(microtype)             Ignoring protrusion settings for this character.
Package microtype Info: Character `₁' is missing
(microtype)             in font `TU/TeXGyrePagella(0)/b/n/36'.
(microtype)             Ignoring protrusion settings for this character.
Package microtype Info: Character `₂' is missing
(microtype)             in font `TU/TeXGyrePagella(0)/b/n/36'.
(microtype)             Ignoring protrusion settings for this character.
Package microtype Info: Character `₃' is missing
(microtype)             in font `TU/TeXGyrePagella(0)/b/n/36'.
(microtype)             Ignoring protrusion settings for this character.
Package microtype Info: Character `₄' is missing
(microtype)             in font `TU/TeXGyrePagella(0)/b/n/36'.
(microtype)             Ignoring protrusion settings for this character.
Package microtype Info: Character `₅' is missing
(microtype)             in font `TU/TeXGyrePagella(0)/b/n/36'.
(microtype)             Ignoring protrusion settings for this character.
Package microtype Info: Character `₆' is missing
(microtype)             in font `TU/TeXGyrePagella(0)/b/n/36'.
(microtype)             Ignoring protrusion settings for this character.
Package microtype Info: Character `₇' is missing
(microtype)             in font `TU/TeXGyrePagella(0)/b/n/36'.
(microtype)             Ignoring protrusion settings for this character.
Package microtype Info: Character `₈' is missing
(microtype)             in font `TU/TeXGyrePagella(0)/b/n/36'.
(microtype)             Ignoring protrusion settings for this character.
Package microtype Info: Character `₉' is missing
(microtype)             in font `TU/TeXGyrePagella(0)/b/n/36'.
(microtype)             Ignoring protrusion settings for this character.
Package microtype Info: Character `₊' is missing
(microtype)             in font `TU/TeXGyrePagella(0)/b/n/36'.
(microtype)             Ignoring protrusion settings for this character.
Package microtype Info: Character `₋' is missing
(microtype)             in font `TU/TeXGyrePagella(0)/b/n/36'.
(microtype)             Ignoring protrusion settings for this character.
Package microtype Info: Character `⁺' is missing
(microtype)             in font `TU/TeXGyrePagella(0)/b/n/36'.
(microtype)             Ignoring protrusion settings for this character.
Package microtype Info: Character `⁻' is missing
(microtype)             in font `TU/TeXGyrePagella(0)/b/n/36'.
(microtype)             Ignoring protrusion settings for this character.
Package microtype Info: Character `ﬆ' is missing
(microtype)             in font `TU/TeXGyrePagella(0)/m/n/17.28'.
(microtype)             Ignoring protrusion settings for this character.
Package microtype Info: Character `ﬅ' is missing
(microtype)             in font `TU/TeXGyrePagella(0)/m/n/17.28'.
(microtype)             Ignoring protrusion settings for this character.
Package microtype Info: Character `‥' is missing
(microtype)             in font `TU/TeXGyrePagella(0)/m/n/17.28'.
(microtype)             Ignoring protrusion settings for this character.
Package microtype Info: Character `‼' is missing
(microtype)             in font `TU/TeXGyrePagella(0)/m/n/17.28'.
(microtype)             Ignoring protrusion settings for this character.
Package microtype Info: Character `⁰' is missing
(microtype)             in font `TU/TeXGyrePagella(0)/m/n/17.28'.
(microtype)             Ignoring protrusion settings for this character.
Package microtype Info: Character `⁴' is missing
(microtype)             in font `TU/TeXGyrePagella(0)/m/n/17.28'.
(microtype)             Ignoring protrusion settings for this character.
Package microtype Info: Character `⁵' is missing
(microtype)             in font `TU/TeXGyrePagella(0)/m/n/17.28'.
(microtype)             Ignoring protrusion settings for this character.
Package microtype Info: Character `⁶' is missing
(microtype)             in font `TU/TeXGyrePagella(0)/m/n/17.28'.
(microtype)             Ignoring protrusion settings for this character.
Package microtype Info: Character `⁷' is missing
(microtype)             in font `TU/TeXGyrePagella(0)/m/n/17.28'.
(microtype)             Ignoring protrusion settings for this character.
Package microtype Info: Character `⁸' is missing
(microtype)             in font `TU/TeXGyrePagella(0)/m/n/17.28'.
(microtype)             Ignoring protrusion settings for this character.
Package microtype Info: Character `⁹' is missing
(microtype)             in font `TU/TeXGyrePagella(0)/m/n/17.28'.
(microtype)             Ignoring protrusion settings for this character.
Package microtype Info: Character `₀' is missing
(microtype)             in font `TU/TeXGyrePagella(0)/m/n/17.28'.
(microtype)             Ignoring protrusion settings for this character.
Package microtype Info: Character `₁' is missing
(microtype)             in font `TU/TeXGyrePagella(0)/m/n/17.28'.
(microtype)             Ignoring protrusion settings for this character.
Package microtype Info: Character `₂' is missing
(microtype)             in font `TU/TeXGyrePagella(0)/m/n/17.28'.
(microtype)             Ignoring protrusion settings for this character.
Package microtype Info: Character `₃' is missing
(microtype)             in font `TU/TeXGyrePagella(0)/m/n/17.28'.
(microtype)             Ignoring protrusion settings for this character.
Package microtype Info: Character `₄' is missing
(microtype)             in font `TU/TeXGyrePagella(0)/m/n/17.28'.
(microtype)             Ignoring protrusion settings for this character.
Package microtype Info: Character `₅' is missing
(microtype)             in font `TU/TeXGyrePagella(0)/m/n/17.28'.
(microtype)             Ignoring protrusion settings for this character.
Package microtype Info: Character `₆' is missing
(microtype)             in font `TU/TeXGyrePagella(0)/m/n/17.28'.
(microtype)             Ignoring protrusion settings for this character.
Package microtype Info: Character `₇' is missing
(microtype)             in font `TU/TeXGyrePagella(0)/m/n/17.28'.
(microtype)             Ignoring protrusion settings for this character.
Package microtype Info: Character `₈' is missing
(microtype)             in font `TU/TeXGyrePagella(0)/m/n/17.28'.
(microtype)             Ignoring protrusion settings for this character.
Package microtype Info: Character `₉' is missing
(microtype)             in font `TU/TeXGyrePagella(0)/m/n/17.28'.
(microtype)             Ignoring protrusion settings for this character.
Package microtype Info: Character `₊' is missing
(microtype)             in font `TU/TeXGyrePagella(0)/m/n/17.28'.
(microtype)             Ignoring protrusion settings for this character.
Package microtype Info: Character `₋' is missing
(microtype)             in font `TU/TeXGyrePagella(0)/m/n/17.28'.
(microtype)             Ignoring protrusion settings for this character.
Package microtype Info: Character `⁺' is missing
(microtype)             in font `TU/TeXGyrePagella(0)/m/n/17.28'.
(microtype)             Ignoring protrusion settings for this character.
Package microtype Info: Character `⁻' is missing
(microtype)             in font `TU/TeXGyrePagella(0)/m/n/17.28'.
(microtype)             Ignoring protrusion settings for this character.
Package microtype Info: Character `‥' is missing
(microtype)             in font `TU/TeXGyrePagella(0)/m/it/17.28'.
(microtype)             Ignoring protrusion settings for this character.
Package microtype Info: Character `⁰' is missing
(microtype)             in font `TU/TeXGyrePagella(0)/m/it/17.28'.
(microtype)             Ignoring protrusion settings for this character.
Package microtype Info: Character `⁴' is missing
(microtype)             in font `TU/TeXGyrePagella(0)/m/it/17.28'.
(microtype)             Ignoring protrusion settings for this character.
Package microtype Info: Character `⁵' is missing
(microtype)             in font `TU/TeXGyrePagella(0)/m/it/17.28'.
(microtype)             Ignoring protrusion settings for this character.
Package microtype Info: Character `⁶' is missing
(microtype)             in font `TU/TeXGyrePagella(0)/m/it/17.28'.
(microtype)             Ignoring protrusion settings for this character.
Package microtype Info: Character `⁷' is missing
(microtype)             in font `TU/TeXGyrePagella(0)/m/it/17.28'.
(microtype)             Ignoring protrusion settings for this character.
Package microtype Info: Character `⁸' is missing
(microtype)             in font `TU/TeXGyrePagella(0)/m/it/17.28'.
(microtype)             Ignoring protrusion settings for this character.
Package microtype Info: Character `⁹' is missing
(microtype)             in font `TU/TeXGyrePagella(0)/m/it/17.28'.
(microtype)             Ignoring protrusion settings for this character.
Package microtype Info: Character `₀' is missing
(microtype)             in font `TU/TeXGyrePagella(0)/m/it/17.28'.
(microtype)             Ignoring protrusion settings for this character.
Package microtype Info: Character `₁' is missing
(microtype)             in font `TU/TeXGyrePagella(0)/m/it/17.28'.
(microtype)             Ignoring protrusion settings for this character.
Package microtype Info: Character `₂' is missing
(microtype)             in font `TU/TeXGyrePagella(0)/m/it/17.28'.
(microtype)             Ignoring protrusion settings for this character.
Package microtype Info: Character `₃' is missing
(microtype)             in font `TU/TeXGyrePagella(0)/m/it/17.28'.
(microtype)             Ignoring protrusion settings for this character.
Package microtype Info: Character `₄' is missing
(microtype)             in font `TU/TeXGyrePagella(0)/m/it/17.28'.
(microtype)             Ignoring protrusion settings for this character.
Package microtype Info: Character `₅' is missing
(microtype)             in font `TU/TeXGyrePagella(0)/m/it/17.28'.
(microtype)             Ignoring protrusion settings for this character.
Package microtype Info: Character `₆' is missing
(microtype)             in font `TU/TeXGyrePagella(0)/m/it/17.28'.
(microtype)             Ignoring protrusion settings for this character.
Package microtype Info: Character `₇' is missing
(microtype)             in font `TU/TeXGyrePagella(0)/m/it/17.28'.
(microtype)             Ignoring protrusion settings for this character.
Package microtype Info: Character `₈' is missing
(microtype)             in font `TU/TeXGyrePagella(0)/m/it/17.28'.
(microtype)             Ignoring protrusion settings for this character.
Package microtype Info: Character `₉' is missing
(microtype)             in font `TU/TeXGyrePagella(0)/m/it/17.28'.
(microtype)             Ignoring protrusion settings for this character.
Package microtype Info: Character `₊' is missing
(microtype)             in font `TU/TeXGyrePagella(0)/m/it/17.28'.
(microtype)             Ignoring protrusion settings for this character.
Package microtype Info: Character `₋' is missing
(microtype)             in font `TU/TeXGyrePagella(0)/m/it/17.28'.
(microtype)             Ignoring protrusion settings for this character.
Package microtype Info: Character `⁺' is missing
(microtype)             in font `TU/TeXGyrePagella(0)/m/it/17.28'.
(microtype)             Ignoring protrusion settings for this character.
Package microtype Info: Character `⁻' is missing
(microtype)             in font `TU/TeXGyrePagella(0)/m/it/17.28'.
(microtype)             Ignoring protrusion settings for this character.
Package microtype Info: Character `ﬆ' is missing
(microtype)             in font `TU/TeXGyrePagella(0)/m/n/10.95'.
(microtype)             Ignoring protrusion settings for this character.
Package microtype Info: Character `ﬅ' is missing
(microtype)             in font `TU/TeXGyrePagella(0)/m/n/10.95'.
(microtype)             Ignoring protrusion settings for this character.
Package microtype Info: Character `‥' is missing
(microtype)             in font `TU/TeXGyrePagella(0)/m/n/10.95'.
(microtype)             Ignoring protrusion settings for this character.
Package microtype Info: Character `‼' is missing
(microtype)             in font `TU/TeXGyrePagella(0)/m/n/10.95'.
(microtype)             Ignoring protrusion settings for this character.
Package microtype Info: Character `⁰' is missing
(microtype)             in font `TU/TeXGyrePagella(0)/m/n/10.95'.
(microtype)             Ignoring protrusion settings for this character.
Package microtype Info: Character `⁴' is missing
(microtype)             in font `TU/TeXGyrePagella(0)/m/n/10.95'.
(microtype)             Ignoring protrusion settings for this character.
Package microtype Info: Character `⁵' is missing
(microtype)             in font `TU/TeXGyrePagella(0)/m/n/10.95'.
(microtype)             Ignoring protrusion settings for this character.
Package microtype Info: Character `⁶' is missing
(microtype)             in font `TU/TeXGyrePagella(0)/m/n/10.95'.
(microtype)             Ignoring protrusion settings for this character.
Package microtype Info: Character `⁷' is missing
(microtype)             in font `TU/TeXGyrePagella(0)/m/n/10.95'.
(microtype)             Ignoring protrusion settings for this character.
Package microtype Info: Character `⁸' is missing
(microtype)             in font `TU/TeXGyrePagella(0)/m/n/10.95'.
(microtype)             Ignoring protrusion settings for this character.
Package microtype Info: Character `⁹' is missing
(microtype)             in font `TU/TeXGyrePagella(0)/m/n/10.95'.
(microtype)             Ignoring protrusion settings for this character.
Package microtype Info: Character `₀' is missing
(microtype)             in font `TU/TeXGyrePagella(0)/m/n/10.95'.
(microtype)             Ignoring protrusion settings for this character.
Package microtype Info: Character `₁' is missing
(microtype)             in font `TU/TeXGyrePagella(0)/m/n/10.95'.
(microtype)             Ignoring protrusion settings for this character.
Package microtype Info: Character `₂' is missing
(microtype)             in font `TU/TeXGyrePagella(0)/m/n/10.95'.
(microtype)             Ignoring protrusion settings for this character.
Package microtype Info: Character `₃' is missing
(microtype)             in font `TU/TeXGyrePagella(0)/m/n/10.95'.
(microtype)             Ignoring protrusion settings for this character.
Package microtype Info: Character `₄' is missing
(microtype)             in font `TU/TeXGyrePagella(0)/m/n/10.95'.
(microtype)             Ignoring protrusion settings for this character.
Package microtype Info: Character `₅' is missing
(microtype)             in font `TU/TeXGyrePagella(0)/m/n/10.95'.
(microtype)             Ignoring protrusion settings for this character.
Package microtype Info: Character `₆' is missing
(microtype)             in font `TU/TeXGyrePagella(0)/m/n/10.95'.
(microtype)             Ignoring protrusion settings for this character.
Package microtype Info: Character `₇' is missing
(microtype)             in font `TU/TeXGyrePagella(0)/m/n/10.95'.
(microtype)             Ignoring protrusion settings for this character.
Package microtype Info: Character `₈' is missing
(microtype)             in font `TU/TeXGyrePagella(0)/m/n/10.95'.
(microtype)             Ignoring protrusion settings for this character.
Package microtype Info: Character `₉' is missing
(microtype)             in font `TU/TeXGyrePagella(0)/m/n/10.95'.
(microtype)             Ignoring protrusion settings for this character.
Package microtype Info: Character `₊' is missing
(microtype)             in font `TU/TeXGyrePagella(0)/m/n/10.95'.
(microtype)             Ignoring protrusion settings for this character.
Package microtype Info: Character `₋' is missing
(microtype)             in font `TU/TeXGyrePagella(0)/m/n/10.95'.
(microtype)             Ignoring protrusion settings for this character.
Package microtype Info: Character `⁺' is missing
(microtype)             in font `TU/TeXGyrePagella(0)/m/n/10.95'.
(microtype)             Ignoring protrusion settings for this character.
Package microtype Info: Character `⁻' is missing
(microtype)             in font `TU/TeXGyrePagella(0)/m/n/10.95'.
(microtype)             Ignoring protrusion settings for this character.
Package microtype Info: Character `‥' is missing
(microtype)             in font `TU/TeXGyrePagella(0)/m/it/10.95'.
(microtype)             Ignoring protrusion settings for this character.
Package microtype Info: Character `⁰' is missing
(microtype)             in font `TU/TeXGyrePagella(0)/m/it/10.95'.
(microtype)             Ignoring protrusion settings for this character.
Package microtype Info: Character `⁴' is missing
(microtype)             in font `TU/TeXGyrePagella(0)/m/it/10.95'.
(microtype)             Ignoring protrusion settings for this character.
Package microtype Info: Character `⁵' is missing
(microtype)             in font `TU/TeXGyrePagella(0)/m/it/10.95'.
(microtype)             Ignoring protrusion settings for this character.
Package microtype Info: Character `⁶' is missing
(microtype)             in font `TU/TeXGyrePagella(0)/m/it/10.95'.
(microtype)             Ignoring protrusion settings for this character.
Package microtype Info: Character `⁷' is missing
(microtype)             in font `TU/TeXGyrePagella(0)/m/it/10.95'.
(microtype)             Ignoring protrusion settings for this character.
Package microtype Info: Character `⁸' is missing
(microtype)             in font `TU/TeXGyrePagella(0)/m/it/10.95'.
(microtype)             Ignoring protrusion settings for this character.
Package microtype Info: Character `⁹' is missing
(microtype)             in font `TU/TeXGyrePagella(0)/m/it/10.95'.
(microtype)             Ignoring protrusion settings for this character.
Package microtype Info: Character `₀' is missing
(microtype)             in font `TU/TeXGyrePagella(0)/m/it/10.95'.
(microtype)             Ignoring protrusion settings for this character.
Package microtype Info: Character `₁' is missing
(microtype)             in font `TU/TeXGyrePagella(0)/m/it/10.95'.
(microtype)             Ignoring protrusion settings for this character.
Package microtype Info: Character `₂' is missing
(microtype)             in font `TU/TeXGyrePagella(0)/m/it/10.95'.
(microtype)             Ignoring protrusion settings for this character.
Package microtype Info: Character `₃' is missing
(microtype)             in font `TU/TeXGyrePagella(0)/m/it/10.95'.
(microtype)             Ignoring protrusion settings for this character.
Package microtype Info: Character `₄' is missing
(microtype)             in font `TU/TeXGyrePagella(0)/m/it/10.95'.
(microtype)             Ignoring protrusion settings for this character.
Package microtype Info: Character `₅' is missing
(microtype)             in font `TU/TeXGyrePagella(0)/m/it/10.95'.
(microtype)             Ignoring protrusion settings for this character.
Package microtype Info: Character `₆' is missing
(microtype)             in font `TU/TeXGyrePagella(0)/m/it/10.95'.
(microtype)             Ignoring protrusion settings for this character.
Package microtype Info: Character `₇' is missing
(microtype)             in font `TU/TeXGyrePagella(0)/m/it/10.95'.
(microtype)             Ignoring protrusion settings for this character.
Package microtype Info: Character `₈' is missing
(microtype)             in font `TU/TeXGyrePagella(0)/m/it/10.95'.
(microtype)             Ignoring protrusion settings for this character.
Package microtype Info: Character `₉' is missing
(microtype)             in font `TU/TeXGyrePagella(0)/m/it/10.95'.
(microtype)             Ignoring protrusion settings for this character.
Package microtype Info: Character `₊' is missing
(microtype)             in font `TU/TeXGyrePagella(0)/m/it/10.95'.
(microtype)             Ignoring protrusion settings for this character.
Package microtype Info: Character `₋' is missing
(microtype)             in font `TU/TeXGyrePagella(0)/m/it/10.95'.
(microtype)             Ignoring protrusion settings for this character.
Package microtype Info: Character `⁺' is missing
(microtype)             in font `TU/TeXGyrePagella(0)/m/it/10.95'.
(microtype)             Ignoring protrusion settings for this character.
Package microtype Info: Character `⁻' is missing
(microtype)             in font `TU/TeXGyrePagella(0)/m/it/10.95'.
(microtype)             Ignoring protrusion settings for this character.
Package microtype Info: Character `ﬆ' is missing
(microtype)             in font `TU/TeXGyrePagella(0)/m/sc/17.28'.
(microtype)             Ignoring protrusion settings for this character.
Package microtype Info: Character `ﬅ' is missing
(microtype)             in font `TU/TeXGyrePagella(0)/m/sc/17.28'.
(microtype)             Ignoring protrusion settings for this character.
Package microtype Info: Character `‥' is missing
(microtype)             in font `TU/TeXGyrePagella(0)/m/sc/17.28'.
(microtype)             Ignoring protrusion settings for this character.
Package microtype Info: Character `‼' is missing
(microtype)             in font `TU/TeXGyrePagella(0)/m/sc/17.28'.
(microtype)             Ignoring protrusion settings for this character.
Package microtype Info: Character `⁰' is missing
(microtype)             in font `TU/TeXGyrePagella(0)/m/sc/17.28'.
(microtype)             Ignoring protrusion settings for this character.
Package microtype Info: Character `⁴' is missing
(microtype)             in font `TU/TeXGyrePagella(0)/m/sc/17.28'.
(microtype)             Ignoring protrusion settings for this character.
Package microtype Info: Character `⁵' is missing
(microtype)             in font `TU/TeXGyrePagella(0)/m/sc/17.28'.
(microtype)             Ignoring protrusion settings for this character.
Package microtype Info: Character `⁶' is missing
(microtype)             in font `TU/TeXGyrePagella(0)/m/sc/17.28'.
(microtype)             Ignoring protrusion settings for this character.
Package microtype Info: Character `⁷' is missing
(microtype)             in font `TU/TeXGyrePagella(0)/m/sc/17.28'.
(microtype)             Ignoring protrusion settings for this character.
Package microtype Info: Character `⁸' is missing
(microtype)             in font `TU/TeXGyrePagella(0)/m/sc/17.28'.
(microtype)             Ignoring protrusion settings for this character.
Package microtype Info: Character `⁹' is missing
(microtype)             in font `TU/TeXGyrePagella(0)/m/sc/17.28'.
(microtype)             Ignoring protrusion settings for this character.
Package microtype Info: Character `₀' is missing
(microtype)             in font `TU/TeXGyrePagella(0)/m/sc/17.28'.
(microtype)             Ignoring protrusion settings for this character.
Package microtype Info: Character `₁' is missing
(microtype)             in font `TU/TeXGyrePagella(0)/m/sc/17.28'.
(microtype)             Ignoring protrusion settings for this character.
Package microtype Info: Character `₂' is missing
(microtype)             in font `TU/TeXGyrePagella(0)/m/sc/17.28'.
(microtype)             Ignoring protrusion settings for this character.
Package microtype Info: Character `₃' is missing
(microtype)             in font `TU/TeXGyrePagella(0)/m/sc/17.28'.
(microtype)             Ignoring protrusion settings for this character.
Package microtype Info: Character `₄' is missing
(microtype)             in font `TU/TeXGyrePagella(0)/m/sc/17.28'.
(microtype)             Ignoring protrusion settings for this character.
Package microtype Info: Character `₅' is missing
(microtype)             in font `TU/TeXGyrePagella(0)/m/sc/17.28'.
(microtype)             Ignoring protrusion settings for this character.
Package microtype Info: Character `₆' is missing
(microtype)             in font `TU/TeXGyrePagella(0)/m/sc/17.28'.
(microtype)             Ignoring protrusion settings for this character.
Package microtype Info: Character `₇' is missing
(microtype)             in font `TU/TeXGyrePagella(0)/m/sc/17.28'.
(microtype)             Ignoring protrusion settings for this character.
Package microtype Info: Character `₈' is missing
(microtype)             in font `TU/TeXGyrePagella(0)/m/sc/17.28'.
(microtype)             Ignoring protrusion settings for this character.
Package microtype Info: Character `₉' is missing
(microtype)             in font `TU/TeXGyrePagella(0)/m/sc/17.28'.
(microtype)             Ignoring protrusion settings for this character.
Package microtype Info: Character `₊' is missing
(microtype)             in font `TU/TeXGyrePagella(0)/m/sc/17.28'.
(microtype)             Ignoring protrusion settings for this character.
Package microtype Info: Character `₋' is missing
(microtype)             in font `TU/TeXGyrePagella(0)/m/sc/17.28'.
(microtype)             Ignoring protrusion settings for this character.
Package microtype Info: Character `⁺' is missing
(microtype)             in font `TU/TeXGyrePagella(0)/m/sc/17.28'.
(microtype)             Ignoring protrusion settings for this character.
Package microtype Info: Character `⁻' is missing
(microtype)             in font `TU/TeXGyrePagella(0)/m/sc/17.28'.
(microtype)             Ignoring protrusion settings for this character.
Package microtype Info: Character `ﬅ' is missing
(microtype)             in font `TU/TeXGyrePagella(0)/m/sc/17.28'.
(microtype)             Ignoring protrusion settings for this character.
Package microtype Info: Character `ﬆ' is missing
(microtype)             in font `TU/TeXGyrePagella(0)/m/sc/17.28'.
(microtype)             Ignoring protrusion settings for this character.
Package microtype Info: Loading generic protrusion settings for font family
(microtype)             `LatinModernMath' (encoding: TU).
(microtype)             For optimal results, create family-specific settings.
(microtype)             See the microtype manual for details.

(/usr/share/texlive/texmf-dist/tex/latex/microtype/mt-msa.cfg
File: mt-msa.cfg 2006/02/04 v1.1 microtype config. file: AMS symbols (a) (RS)
)
(/usr/share/texlive/texmf-dist/tex/latex/microtype/mt-msb.cfg
File: mt-msb.cfg 2005/06/01 v1.0 microtype config. file: AMS symbols (b) (RS)
)
Package microtype Info: Character `ﬆ' is missing
(microtype)             in font `TU/TeXGyrePagella(1)/b/n/17.28'.
(microtype)             Ignoring protrusion settings for this character.
Package microtype Info: Character `ﬅ' is missing
(microtype)             in font `TU/TeXGyrePagella(1)/b/n/17.28'.
(microtype)             Ignoring protrusion settings for this character.
Package microtype Info: Character `‥' is missing
(microtype)             in font `TU/TeXGyrePagella(1)/b/n/17.28'.
(microtype)             Ignoring protrusion settings for this character.
Package microtype Info: Character `‼' is missing
(microtype)             in font `TU/TeXGyrePagella(1)/b/n/17.28'.
(microtype)             Ignoring protrusion settings for this character.
Package microtype Info: Character `⁰' is missing
(microtype)             in font `TU/TeXGyrePagella(1)/b/n/17.28'.
(microtype)             Ignoring protrusion settings for this character.
Package microtype Info: Character `⁴' is missing
(microtype)             in font `TU/TeXGyrePagella(1)/b/n/17.28'.
(microtype)             Ignoring protrusion settings for this character.
Package microtype Info: Character `⁵' is missing
(microtype)             in font `TU/TeXGyrePagella(1)/b/n/17.28'.
(microtype)             Ignoring protrusion settings for this character.
Package microtype Info: Character `⁶' is missing
(microtype)             in font `TU/TeXGyrePagella(1)/b/n/17.28'.
(microtype)             Ignoring protrusion settings for this character.
Package microtype Info: Character `⁷' is missing
(microtype)             in font `TU/TeXGyrePagella(1)/b/n/17.28'.
(microtype)             Ignoring protrusion settings for this character.
Package microtype Info: Character `⁸' is missing
(microtype)             in font `TU/TeXGyrePagella(1)/b/n/17.28'.
(microtype)             Ignoring protrusion settings for this character.
Package microtype Info: Character `⁹' is missing
(microtype)             in font `TU/TeXGyrePagella(1)/b/n/17.28'.
(microtype)             Ignoring protrusion settings for this character.
Package microtype Info: Character `₀' is missing
(microtype)             in font `TU/TeXGyrePagella(1)/b/n/17.28'.
(microtype)             Ignoring protrusion settings for this character.
Package microtype Info: Character `₁' is missing
(microtype)             in font `TU/TeXGyrePagella(1)/b/n/17.28'.
(microtype)             Ignoring protrusion settings for this character.
Package microtype Info: Character `₂' is missing
(microtype)             in font `TU/TeXGyrePagella(1)/b/n/17.28'.
(microtype)             Ignoring protrusion settings for this character.
Package microtype Info: Character `₃' is missing
(microtype)             in font `TU/TeXGyrePagella(1)/b/n/17.28'.
(microtype)             Ignoring protrusion settings for this character.
Package microtype Info: Character `₄' is missing
(microtype)             in font `TU/TeXGyrePagella(1)/b/n/17.28'.
(microtype)             Ignoring protrusion settings for this character.
Package microtype Info: Character `₅' is missing
(microtype)             in font `TU/TeXGyrePagella(1)/b/n/17.28'.
(microtype)             Ignoring protrusion settings for this character.
Package microtype Info: Character `₆' is missing
(microtype)             in font `TU/TeXGyrePagella(1)/b/n/17.28'.
(microtype)             Ignoring protrusion settings for this character.
Package microtype Info: Character `₇' is missing
(microtype)             in font `TU/TeXGyrePagella(1)/b/n/17.28'.
(microtype)             Ignoring protrusion settings for this character.
Package microtype Info: Character `₈' is missing
(microtype)             in font `TU/TeXGyrePagella(1)/b/n/17.28'.
(microtype)             Ignoring protrusion settings for this character.
Package microtype Info: Character `₉' is missing
(microtype)             in font `TU/TeXGyrePagella(1)/b/n/17.28'.
(microtype)             Ignoring protrusion settings for this character.
Package microtype Info: Character `₊' is missing
(microtype)             in font `TU/TeXGyrePagella(1)/b/n/17.28'.
(microtype)             Ignoring protrusion settings for this character.
Package microtype Info: Character `₋' is missing
(microtype)             in font `TU/TeXGyrePagella(1)/b/n/17.28'.
(microtype)             Ignoring protrusion settings for this character.
Package microtype Info: Character `⁺' is missing
(microtype)             in font `TU/TeXGyrePagella(1)/b/n/17.28'.
(microtype)             Ignoring protrusion settings for this character.
Package microtype Info: Character `⁻' is missing
(microtype)             in font `TU/TeXGyrePagella(1)/b/n/17.28'.
(microtype)             Ignoring protrusion settings for this character.
Package microtype Info: Character `ﬆ' is missing
(microtype)             in font `TU/TeXGyrePagella(1)/b/n/12'.
(microtype)             Ignoring protrusion settings for this character.
Package microtype Info: Character `ﬅ' is missing
(microtype)             in font `TU/TeXGyrePagella(1)/b/n/12'.
(microtype)             Ignoring protrusion settings for this character.
Package microtype Info: Character `‥' is missing
(microtype)             in font `TU/TeXGyrePagella(1)/b/n/12'.
(microtype)             Ignoring protrusion settings for this character.
Package microtype Info: Character `‼' is missing
(microtype)             in font `TU/TeXGyrePagella(1)/b/n/12'.
(microtype)             Ignoring protrusion settings for this character.
Package microtype Info: Character `⁰' is missing
(microtype)             in font `TU/TeXGyrePagella(1)/b/n/12'.
(microtype)             Ignoring protrusion settings for this character.
Package microtype Info: Character `⁴' is missing
(microtype)             in font `TU/TeXGyrePagella(1)/b/n/12'.
(microtype)             Ignoring protrusion settings for this character.
Package microtype Info: Character `⁵' is missing
(microtype)             in font `TU/TeXGyrePagella(1)/b/n/12'.
(microtype)             Ignoring protrusion settings for this character.
Package microtype Info: Character `⁶' is missing
(microtype)             in font `TU/TeXGyrePagella(1)/b/n/12'.
(microtype)             Ignoring protrusion settings for this character.
Package microtype Info: Character `⁷' is missing
(microtype)             in font `TU/TeXGyrePagella(1)/b/n/12'.
(microtype)             Ignoring protrusion settings for this character.
Package microtype Info: Character `⁸' is missing
(microtype)             in font `TU/TeXGyrePagella(1)/b/n/12'.
(microtype)             Ignoring protrusion settings for this character.
Package microtype Info: Character `⁹' is missing
(microtype)             in font `TU/TeXGyrePagella(1)/b/n/12'.
(microtype)             Ignoring protrusion settings for this character.
Package microtype Info: Character `₀' is missing
(microtype)             in font `TU/TeXGyrePagella(1)/b/n/12'.
(microtype)             Ignoring protrusion settings for this character.
Package microtype Info: Character `₁' is missing
(microtype)             in font `TU/TeXGyrePagella(1)/b/n/12'.
(microtype)             Ignoring protrusion settings for this character.
Package microtype Info: Character `₂' is missing
(microtype)             in font `TU/TeXGyrePagella(1)/b/n/12'.
(microtype)             Ignoring protrusion settings for this character.
Package microtype Info: Character `₃' is missing
(microtype)             in font `TU/TeXGyrePagella(1)/b/n/12'.
(microtype)             Ignoring protrusion settings for this character.
Package microtype Info: Character `₄' is missing
(microtype)             in font `TU/TeXGyrePagella(1)/b/n/12'.
(microtype)             Ignoring protrusion settings for this character.
Package microtype Info: Character `₅' is missing
(microtype)             in font `TU/TeXGyrePagella(1)/b/n/12'.
(microtype)             Ignoring protrusion settings for this character.
Package microtype Info: Character `₆' is missing
(microtype)             in font `TU/TeXGyrePagella(1)/b/n/12'.
(microtype)             Ignoring protrusion settings for this character.
Package microtype Info: Character `₇' is missing
(microtype)             in font `TU/TeXGyrePagella(1)/b/n/12'.
(microtype)             Ignoring protrusion settings for this character.
Package microtype Info: Character `₈' is missing
(microtype)             in font `TU/TeXGyrePagella(1)/b/n/12'.
(microtype)             Ignoring protrusion settings for this character.
Package microtype Info: Character `₉' is missing
(microtype)             in font `TU/TeXGyrePagella(1)/b/n/12'.
(microtype)             Ignoring protrusion settings for this character.
Package microtype Info: Character `₊' is missing
(microtype)             in font `TU/TeXGyrePagella(1)/b/n/12'.
(microtype)             Ignoring protrusion settings for this character.
Package microtype Info: Character `₋' is missing
(microtype)             in font `TU/TeXGyrePagella(1)/b/n/12'.
(microtype)             Ignoring protrusion settings for this character.
Package microtype Info: Character `⁺' is missing
(microtype)             in font `TU/TeXGyrePagella(1)/b/n/12'.
(microtype)             Ignoring protrusion settings for this character.
Package microtype Info: Character `⁻' is missing
(microtype)             in font `TU/TeXGyrePagella(1)/b/n/12'.
(microtype)             Ignoring protrusion settings for this character.
Package microtype Info: Character `ﬆ' is missing
(microtype)             in font `TU/TeXGyrePagella(1)/b/n/10'.
(microtype)             Ignoring protrusion settings for this character.
Package microtype Info: Character `ﬅ' is missing
(microtype)             in font `TU/TeXGyrePagella(1)/b/n/10'.
(microtype)             Ignoring protrusion settings for this character.
Package microtype Info: Character `‥' is missing
(microtype)             in font `TU/TeXGyrePagella(1)/b/n/10'.
(microtype)             Ignoring protrusion settings for this character.
Package microtype Info: Character `‼' is missing
(microtype)             in font `TU/TeXGyrePagella(1)/b/n/10'.
(microtype)             Ignoring protrusion settings for this character.
Package microtype Info: Character `⁰' is missing
(microtype)             in font `TU/TeXGyrePagella(1)/b/n/10'.
(microtype)             Ignoring protrusion settings for this character.
Package microtype Info: Character `⁴' is missing
(microtype)             in font `TU/TeXGyrePagella(1)/b/n/10'.
(microtype)             Ignoring protrusion settings for this character.
Package microtype Info: Character `⁵' is missing
(microtype)             in font `TU/TeXGyrePagella(1)/b/n/10'.
(microtype)             Ignoring protrusion settings for this character.
Package microtype Info: Character `⁶' is missing
(microtype)             in font `TU/TeXGyrePagella(1)/b/n/10'.
(microtype)             Ignoring protrusion settings for this character.
Package microtype Info: Character `⁷' is missing
(microtype)             in font `TU/TeXGyrePagella(1)/b/n/10'.
(microtype)             Ignoring protrusion settings for this character.
Package microtype Info: Character `⁸' is missing
(microtype)             in font `TU/TeXGyrePagella(1)/b/n/10'.
(microtype)             Ignoring protrusion settings for this character.
Package microtype Info: Character `⁹' is missing
(microtype)             in font `TU/TeXGyrePagella(1)/b/n/10'.
(microtype)             Ignoring protrusion settings for this character.
Package microtype Info: Character `₀' is missing
(microtype)             in font `TU/TeXGyrePagella(1)/b/n/10'.
(microtype)             Ignoring protrusion settings for this character.
Package microtype Info: Character `₁' is missing
(microtype)             in font `TU/TeXGyrePagella(1)/b/n/10'.
(microtype)             Ignoring protrusion settings for this character.
Package microtype Info: Character `₂' is missing
(microtype)             in font `TU/TeXGyrePagella(1)/b/n/10'.
(microtype)             Ignoring protrusion settings for this character.
Package microtype Info: Character `₃' is missing
(microtype)             in font `TU/TeXGyrePagella(1)/b/n/10'.
(microtype)             Ignoring protrusion settings for this character.
Package microtype Info: Character `₄' is missing
(microtype)             in font `TU/TeXGyrePagella(1)/b/n/10'.
(microtype)             Ignoring protrusion settings for this character.
Package microtype Info: Character `₅' is missing
(microtype)             in font `TU/TeXGyrePagella(1)/b/n/10'.
(microtype)             Ignoring protrusion settings for this character.
Package microtype Info: Character `₆' is missing
(microtype)             in font `TU/TeXGyrePagella(1)/b/n/10'.
(microtype)             Ignoring protrusion settings for this character.
Package microtype Info: Character `₇' is missing
(microtype)             in font `TU/TeXGyrePagella(1)/b/n/10'.
(microtype)             Ignoring protrusion settings for this character.
Package microtype Info: Character `₈' is missing
(microtype)             in font `TU/TeXGyrePagella(1)/b/n/10'.
(microtype)             Ignoring protrusion settings for this character.
Package microtype Info: Character `₉' is missing
(microtype)             in font `TU/TeXGyrePagella(1)/b/n/10'.
(microtype)             Ignoring protrusion settings for this character.
Package microtype Info: Character `₊' is missing
(microtype)             in font `TU/TeXGyrePagella(1)/b/n/10'.
(microtype)             Ignoring protrusion settings for this character.
Package microtype Info: Character `₋' is missing
(microtype)             in font `TU/TeXGyrePagella(1)/b/n/10'.
(microtype)             Ignoring protrusion settings for this character.
Package microtype Info: Character `⁺' is missing
(microtype)             in font `TU/TeXGyrePagella(1)/b/n/10'.
(microtype)             Ignoring protrusion settings for this character.
Package microtype Info: Character `⁻' is missing
(microtype)             in font `TU/TeXGyrePagella(1)/b/n/10'.
(microtype)             Ignoring protrusion settings for this character.
 [1


{/var/lib/texmf/fonts/map/pdftex/updmap/pdftex.map}]
Package microtype Info: Character `ﬆ' is missing
(microtype)             in font `TU/TeXGyrePagella(0)/m/sc/10.95'.
(microtype)             Ignoring protrusion settings for this character.
Package microtype Info: Character `ﬅ' is missing
(microtype)             in font `TU/TeXGyrePagella(0)/m/sc/10.95'.
(microtype)             Ignoring protrusion settings for this character.
Package microtype Info: Character `‥' is missing
(microtype)             in font `TU/TeXGyrePagella(0)/m/sc/10.95'.
(microtype)             Ignoring protrusion settings for this character.
Package microtype Info: Character `‼' is missing
(microtype)             in font `TU/TeXGyrePagella(0)/m/sc/10.95'.
(microtype)             Ignoring protrusion settings for this character.
Package microtype Info: Character `⁰' is missing
(microtype)             in font `TU/TeXGyrePagella(0)/m/sc/10.95'.
(microtype)             Ignoring protrusion settings for this character.
Package microtype Info: Character `⁴' is missing
(microtype)             in font `TU/TeXGyrePagella(0)/m/sc/10.95'.
(microtype)             Ignoring protrusion settings for this character.
Package microtype Info: Character `⁵' is missing
(microtype)             in font `TU/TeXGyrePagella(0)/m/sc/10.95'.
(microtype)             Ignoring protrusion settings for this character.
Package microtype Info: Character `⁶' is missing
(microtype)             in font `TU/TeXGyrePagella(0)/m/sc/10.95'.
(microtype)             Ignoring protrusion settings for this character.
Package microtype Info: Character `⁷' is missing
(microtype)             in font `TU/TeXGyrePagella(0)/m/sc/10.95'.
(microtype)             Ignoring protrusion settings for this character.
Package microtype Info: Character `⁸' is missing
(microtype)             in font `TU/TeXGyrePagella(0)/m/sc/10.95'.
(microtype)             Ignoring protrusion settings for this character.
Package microtype Info: Character `⁹' is missing
(microtype)             in font `TU/TeXGyrePagella(0)/m/sc/10.95'.
(microtype)             Ignoring protrusion settings for this character.
Package microtype Info: Character `₀' is missing
(microtype)             in font `TU/TeXGyrePagella(0)/m/sc/10.95'.
(microtype)             Ignoring protrusion settings for this character.
Package microtype Info: Character `₁' is missing
(microtype)             in font `TU/TeXGyrePagella(0)/m/sc/10.95'.
(microtype)             Ignoring protrusion settings for this character.
Package microtype Info: Character `₂' is missing
(microtype)             in font `TU/TeXGyrePagella(0)/m/sc/10.95'.
(microtype)             Ignoring protrusion settings for this character.
Package microtype Info: Character `₃' is missing
(microtype)             in font `TU/TeXGyrePagella(0)/m/sc/10.95'.
(microtype)             Ignoring protrusion settings for this character.
Package microtype Info: Character `₄' is missing
(microtype)             in font `TU/TeXGyrePagella(0)/m/sc/10.95'.
(microtype)             Ignoring protrusion settings for this character.
Package microtype Info: Character `₅' is missing
(microtype)             in font `TU/TeXGyrePagella(0)/m/sc/10.95'.
(microtype)             Ignoring protrusion settings for this character.
Package microtype Info: Character `₆' is missing
(microtype)             in font `TU/TeXGyrePagella(0)/m/sc/10.95'.
(microtype)             Ignoring protrusion settings for this character.
Package microtype Info: Character `₇' is missing
(microtype)             in font `TU/TeXGyrePagella(0)/m/sc/10.95'.
(microtype)             Ignoring protrusion settings for this character.
Package microtype Info: Character `₈' is missing
(microtype)             in font `TU/TeXGyrePagella(0)/m/sc/10.95'.
(microtype)             Ignoring protrusion settings for this character.
Package microtype Info: Character `₉' is missing
(microtype)             in font `TU/TeXGyrePagella(0)/m/sc/10.95'.
(microtype)             Ignoring protrusion settings for this character.
Package microtype Info: Character `₊' is missing
(microtype)             in font `TU/TeXGyrePagella(0)/m/sc/10.95'.
(microtype)             Ignoring protrusion settings for this character.
Package microtype Info: Character `₋' is missing
(microtype)             in font `TU/TeXGyrePagella(0)/m/sc/10.95'.
(microtype)             Ignoring protrusion settings for this character.
Package microtype Info: Character `⁺' is missing
(microtype)             in font `TU/TeXGyrePagella(0)/m/sc/10.95'.
(microtype)             Ignoring protrusion settings for this character.
Package microtype Info: Character `⁻' is missing
(microtype)             in font `TU/TeXGyrePagella(0)/m/sc/10.95'.
(microtype)             Ignoring protrusion settings for this character.
Package microtype Info: Character `ﬅ' is missing
(microtype)             in font `TU/TeXGyrePagella(0)/m/sc/10.95'.
(microtype)             Ignoring protrusion settings for this character.
Package microtype Info: Character `ﬆ' is missing
(microtype)             in font `TU/TeXGyrePagella(0)/m/sc/10.95'.
(microtype)             Ignoring protrusion settings for this character.


Package fancyhdr Warning: \headheight is too small (24.0pt): 
(fancyhdr)                Make it at least 24.01996pt, for example:
(fancyhdr)                \setlength{\headheight}{24.01996pt}.
(fancyhdr)                You might also make \topmargin smaller to compensate:

(fancyhdr)                \addtolength{\topmargin}{-0.01996pt}.

Package microtype Info: Character `ﬆ' is missing
(microtype)             in font `TU/TeXGyrePagella(0)/b/n/12'.
(microtype)             Ignoring protrusion settings for this character.
Package microtype Info: Character `ﬅ' is missing
(microtype)             in font `TU/TeXGyrePagella(0)/b/n/12'.
(microtype)             Ignoring protrusion settings for this character.
Package microtype Info: Character `‥' is missing
(microtype)             in font `TU/TeXGyrePagella(0)/b/n/12'.
(microtype)             Ignoring protrusion settings for this character.
Package microtype Info: Character `‼' is missing
(microtype)             in font `TU/TeXGyrePagella(0)/b/n/12'.
(microtype)             Ignoring protrusion settings for this character.
Package microtype Info: Character `⁰' is missing
(microtype)             in font `TU/TeXGyrePagella(0)/b/n/12'.
(microtype)             Ignoring protrusion settings for this character.
Package microtype Info: Character `⁴' is missing
(microtype)             in font `TU/TeXGyrePagella(0)/b/n/12'.
(microtype)             Ignoring protrusion settings for this character.
Package microtype Info: Character `⁵' is missing
(microtype)             in font `TU/TeXGyrePagella(0)/b/n/12'.
(microtype)             Ignoring protrusion settings for this character.
Package microtype Info: Character `⁶' is missing
(microtype)             in font `TU/TeXGyrePagella(0)/b/n/12'.
(microtype)             Ignoring protrusion settings for this character.
Package microtype Info: Character `⁷' is missing
(microtype)             in font `TU/TeXGyrePagella(0)/b/n/12'.
(microtype)             Ignoring protrusion settings for this character.
Package microtype Info: Character `⁸' is missing
(microtype)             in font `TU/TeXGyrePagella(0)/b/n/12'.
(microtype)             Ignoring protrusion settings for this character.
Package microtype Info: Character `⁹' is missing
(microtype)             in font `TU/TeXGyrePagella(0)/b/n/12'.
(microtype)             Ignoring protrusion settings for this character.
Package microtype Info: Character `₀' is missing
(microtype)             in font `TU/TeXGyrePagella(0)/b/n/12'.
(microtype)             Ignoring protrusion settings for this character.
Package microtype Info: Character `₁' is missing
(microtype)             in font `TU/TeXGyrePagella(0)/b/n/12'.
(microtype)             Ignoring protrusion settings for this character.
Package microtype Info: Character `₂' is missing
(microtype)             in font `TU/TeXGyrePagella(0)/b/n/12'.
(microtype)             Ignoring protrusion settings for this character.
Package microtype Info: Character `₃' is missing
(microtype)             in font `TU/TeXGyrePagella(0)/b/n/12'.
(microtype)             Ignoring protrusion settings for this character.
Package microtype Info: Character `₄' is missing
(microtype)             in font `TU/TeXGyrePagella(0)/b/n/12'.
(microtype)             Ignoring protrusion settings for this character.
Package microtype Info: Character `₅' is missing
(microtype)             in font `TU/TeXGyrePagella(0)/b/n/12'.
(microtype)             Ignoring protrusion settings for this character.
Package microtype Info: Character `₆' is missing
(microtype)             in font `TU/TeXGyrePagella(0)/b/n/12'.
(microtype)             Ignoring protrusion settings for this character.
Package microtype Info: Character `₇' is missing
(microtype)             in font `TU/TeXGyrePagella(0)/b/n/12'.
(microtype)             Ignoring protrusion settings for this character.
Package microtype Info: Character `₈' is missing
(microtype)             in font `TU/TeXGyrePagella(0)/b/n/12'.
(microtype)             Ignoring protrusion settings for this character.
Package microtype Info: Character `₉' is missing
(microtype)             in font `TU/TeXGyrePagella(0)/b/n/12'.
(microtype)             Ignoring protrusion settings for this character.
Package microtype Info: Character `₊' is missing
(microtype)             in font `TU/TeXGyrePagella(0)/b/n/12'.
(microtype)             Ignoring protrusion settings for this character.
Package microtype Info: Character `₋' is missing
(microtype)             in font `TU/TeXGyrePagella(0)/b/n/12'.
(microtype)             Ignoring protrusion settings for this character.
Package microtype Info: Character `⁺' is missing
(microtype)             in font `TU/TeXGyrePagella(0)/b/n/12'.
(microtype)             Ignoring protrusion settings for this character.
Package microtype Info: Character `⁻' is missing
(microtype)             in font `TU/TeXGyrePagella(0)/b/n/12'.
(microtype)             Ignoring protrusion settings for this character.
[2

]
Package microtype Info: Character `ﬆ' is missing
(microtype)             in font `TU/TeXGyrePagella(0)/m/n/24.88'.
(microtype)             Ignoring protrusion settings for this character.
Package microtype Info: Character `ﬅ' is missing
(microtype)             in font `TU/TeXGyrePagella(0)/m/n/24.88'.
(microtype)             Ignoring protrusion settings for this character.
Package microtype Info: Character `‥' is missing
(microtype)             in font `TU/TeXGyrePagella(0)/m/n/24.88'.
(microtype)             Ignoring protrusion settings for this character.
Package microtype Info: Character `‼' is missing
(microtype)             in font `TU/TeXGyrePagella(0)/m/n/24.88'.
(microtype)             Ignoring protrusion settings for this character.
Package microtype Info: Character `⁰' is missing
(microtype)             in font `TU/TeXGyrePagella(0)/m/n/24.88'.
(microtype)             Ignoring protrusion settings for this character.
Package microtype Info: Character `⁴' is missing
(microtype)             in font `TU/TeXGyrePagella(0)/m/n/24.88'.
(microtype)             Ignoring protrusion settings for this character.
Package microtype Info: Character `⁵' is missing
(microtype)             in font `TU/TeXGyrePagella(0)/m/n/24.88'.
(microtype)             Ignoring protrusion settings for this character.
Package microtype Info: Character `⁶' is missing
(microtype)             in font `TU/TeXGyrePagella(0)/m/n/24.88'.
(microtype)             Ignoring protrusion settings for this character.
Package microtype Info: Character `⁷' is missing
(microtype)             in font `TU/TeXGyrePagella(0)/m/n/24.88'.
(microtype)             Ignoring protrusion settings for this character.
Package microtype Info: Character `⁸' is missing
(microtype)             in font `TU/TeXGyrePagella(0)/m/n/24.88'.
(microtype)             Ignoring protrusion settings for this character.
Package microtype Info: Character `⁹' is missing
(microtype)             in font `TU/TeXGyrePagella(0)/m/n/24.88'.
(microtype)             Ignoring protrusion settings for this character.
Package microtype Info: Character `₀' is missing
(microtype)             in font `TU/TeXGyrePagella(0)/m/n/24.88'.
(microtype)             Ignoring protrusion settings for this character.
Package microtype Info: Character `₁' is missing
(microtype)             in font `TU/TeXGyrePagella(0)/m/n/24.88'.
(microtype)             Ignoring protrusion settings for this character.
Package microtype Info: Character `₂' is missing
(microtype)             in font `TU/TeXGyrePagella(0)/m/n/24.88'.
(microtype)             Ignoring protrusion settings for this character.
Package microtype Info: Character `₃' is missing
(microtype)             in font `TU/TeXGyrePagella(0)/m/n/24.88'.
(microtype)             Ignoring protrusion settings for this character.
Package microtype Info: Character `₄' is missing
(microtype)             in font `TU/TeXGyrePagella(0)/m/n/24.88'.
(microtype)             Ignoring protrusion settings for this character.
Package microtype Info: Character `₅' is missing
(microtype)             in font `TU/TeXGyrePagella(0)/m/n/24.88'.
(microtype)             Ignoring protrusion settings for this character.
Package microtype Info: Character `₆' is missing
(microtype)             in font `TU/TeXGyrePagella(0)/m/n/24.88'.
(microtype)             Ignoring protrusion settings for this character.
Package microtype Info: Character `₇' is missing
(microtype)             in font `TU/TeXGyrePagella(0)/m/n/24.88'.
(microtype)             Ignoring protrusion settings for this character.
Package microtype Info: Character `₈' is missing
(microtype)             in font `TU/TeXGyrePagella(0)/m/n/24.88'.
(microtype)             Ignoring protrusion settings for this character.
Package microtype Info: Character `₉' is missing
(microtype)             in font `TU/TeXGyrePagella(0)/m/n/24.88'.
(microtype)             Ignoring protrusion settings for this character.
Package microtype Info: Character `₊' is missing
(microtype)             in font `TU/TeXGyrePagella(0)/m/n/24.88'.
(microtype)             Ignoring protrusion settings for this character.
Package microtype Info: Character `₋' is missing
(microtype)             in font `TU/TeXGyrePagella(0)/m/n/24.88'.
(microtype)             Ignoring protrusion settings for this character.
Package microtype Info: Character `⁺' is missing
(microtype)             in font `TU/TeXGyrePagella(0)/m/n/24.88'.
(microtype)             Ignoring protrusion settings for this character.
Package microtype Info: Character `⁻' is missing
(microtype)             in font `TU/TeXGyrePagella(0)/m/n/24.88'.
(microtype)             Ignoring protrusion settings for this character.
Package microtype Info: Character `ﬆ' is missing
(microtype)             in font `TU/TeXGyrePagella(0)/b/n/24.88'.
(microtype)             Ignoring protrusion settings for this character.
Package microtype Info: Character `ﬅ' is missing
(microtype)             in font `TU/TeXGyrePagella(0)/b/n/24.88'.
(microtype)             Ignoring protrusion settings for this character.
Package microtype Info: Character `‥' is missing
(microtype)             in font `TU/TeXGyrePagella(0)/b/n/24.88'.
(microtype)             Ignoring protrusion settings for this character.
Package microtype Info: Character `‼' is missing
(microtype)             in font `TU/TeXGyrePagella(0)/b/n/24.88'.
(microtype)             Ignoring protrusion settings for this character.
Package microtype Info: Character `⁰' is missing
(microtype)             in font `TU/TeXGyrePagella(0)/b/n/24.88'.
(microtype)             Ignoring protrusion settings for this character.
Package microtype Info: Character `⁴' is missing
(microtype)             in font `TU/TeXGyrePagella(0)/b/n/24.88'.
(microtype)             Ignoring protrusion settings for this character.
Package microtype Info: Character `⁵' is missing
(microtype)             in font `TU/TeXGyrePagella(0)/b/n/24.88'.
(microtype)             Ignoring protrusion settings for this character.
Package microtype Info: Character `⁶' is missing
(microtype)             in font `TU/TeXGyrePagella(0)/b/n/24.88'.
(microtype)             Ignoring protrusion settings for this character.
Package microtype Info: Character `⁷' is missing
(microtype)             in font `TU/TeXGyrePagella(0)/b/n/24.88'.
(microtype)             Ignoring protrusion settings for this character.
Package microtype Info: Character `⁸' is missing
(microtype)             in font `TU/TeXGyrePagella(0)/b/n/24.88'.
(microtype)             Ignoring protrusion settings for this character.
Package microtype Info: Character `⁹' is missing
(microtype)             in font `TU/TeXGyrePagella(0)/b/n/24.88'.
(microtype)             Ignoring protrusion settings for this character.
Package microtype Info: Character `₀' is missing
(microtype)             in font `TU/TeXGyrePagella(0)/b/n/24.88'.
(microtype)             Ignoring protrusion settings for this character.
Package microtype Info: Character `₁' is missing
(microtype)             in font `TU/TeXGyrePagella(0)/b/n/24.88'.
(microtype)             Ignoring protrusion settings for this character.
Package microtype Info: Character `₂' is missing
(microtype)             in font `TU/TeXGyrePagella(0)/b/n/24.88'.
(microtype)             Ignoring protrusion settings for this character.
Package microtype Info: Character `₃' is missing
(microtype)             in font `TU/TeXGyrePagella(0)/b/n/24.88'.
(microtype)             Ignoring protrusion settings for this character.
Package microtype Info: Character `₄' is missing
(microtype)             in font `TU/TeXGyrePagella(0)/b/n/24.88'.
(microtype)             Ignoring protrusion settings for this character.
Package microtype Info: Character `₅' is missing
(microtype)             in font `TU/TeXGyrePagella(0)/b/n/24.88'.
(microtype)             Ignoring protrusion settings for this character.
Package microtype Info: Character `₆' is missing
(microtype)             in font `TU/TeXGyrePagella(0)/b/n/24.88'.
(microtype)             Ignoring protrusion settings for this character.
Package microtype Info: Character `₇' is missing
(microtype)             in font `TU/TeXGyrePagella(0)/b/n/24.88'.
(microtype)             Ignoring protrusion settings for this character.
Package microtype Info: Character `₈' is missing
(microtype)             in font `TU/TeXGyrePagella(0)/b/n/24.88'.
(microtype)             Ignoring protrusion settings for this character.
Package microtype Info: Character `₉' is missing
(microtype)             in font `TU/TeXGyrePagella(0)/b/n/24.88'.
(microtype)             Ignoring protrusion settings for this character.
Package microtype Info: Character `₊' is missing
(microtype)             in font `TU/TeXGyrePagella(0)/b/n/24.88'.
(microtype)             Ignoring protrusion settings for this character.
Package microtype Info: Character `₋' is missing
(microtype)             in font `TU/TeXGyrePagella(0)/b/n/24.88'.
(microtype)             Ignoring protrusion settings for this character.
Package microtype Info: Character `⁺' is missing
(microtype)             in font `TU/TeXGyrePagella(0)/b/n/24.88'.
(microtype)             Ignoring protrusion settings for this character.
Package microtype Info: Character `⁻' is missing
(microtype)             in font `TU/TeXGyrePagella(0)/b/n/24.88'.
(microtype)             Ignoring protrusion settings for this character.
 (./build/main.toc
Package microtype Info: Character `ﬆ' is missing
(microtype)             in font `TU/TeXGyrePagella(0)/m/n/14.4'.
(microtype)             Ignoring protrusion settings for this character.
Package microtype Info: Character `ﬅ' is missing
(microtype)             in font `TU/TeXGyrePagella(0)/m/n/14.4'.
(microtype)             Ignoring protrusion settings for this character.
Package microtype Info: Character `‥' is missing
(microtype)             in font `TU/TeXGyrePagella(0)/m/n/14.4'.
(microtype)             Ignoring protrusion settings for this character.
Package microtype Info: Character `‼' is missing
(microtype)             in font `TU/TeXGyrePagella(0)/m/n/14.4'.
(microtype)             Ignoring protrusion settings for this character.
Package microtype Info: Character `⁰' is missing
(microtype)             in font `TU/TeXGyrePagella(0)/m/n/14.4'.
(microtype)             Ignoring protrusion settings for this character.
Package microtype Info: Character `⁴' is missing
(microtype)             in font `TU/TeXGyrePagella(0)/m/n/14.4'.
(microtype)             Ignoring protrusion settings for this character.
Package microtype Info: Character `⁵' is missing
(microtype)             in font `TU/TeXGyrePagella(0)/m/n/14.4'.
(microtype)             Ignoring protrusion settings for this character.
Package microtype Info: Character `⁶' is missing
(microtype)             in font `TU/TeXGyrePagella(0)/m/n/14.4'.
(microtype)             Ignoring protrusion settings for this character.
Package microtype Info: Character `⁷' is missing
(microtype)             in font `TU/TeXGyrePagella(0)/m/n/14.4'.
(microtype)             Ignoring protrusion settings for this character.
Package microtype Info: Character `⁸' is missing
(microtype)             in font `TU/TeXGyrePagella(0)/m/n/14.4'.
(microtype)             Ignoring protrusion settings for this character.
Package microtype Info: Character `⁹' is missing
(microtype)             in font `TU/TeXGyrePagella(0)/m/n/14.4'.
(microtype)             Ignoring protrusion settings for this character.
Package microtype Info: Character `₀' is missing
(microtype)             in font `TU/TeXGyrePagella(0)/m/n/14.4'.
(microtype)             Ignoring protrusion settings for this character.
Package microtype Info: Character `₁' is missing
(microtype)             in font `TU/TeXGyrePagella(0)/m/n/14.4'.
(microtype)             Ignoring protrusion settings for this character.
Package microtype Info: Character `₂' is missing
(microtype)             in font `TU/TeXGyrePagella(0)/m/n/14.4'.
(microtype)             Ignoring protrusion settings for this character.
Package microtype Info: Character `₃' is missing
(microtype)             in font `TU/TeXGyrePagella(0)/m/n/14.4'.
(microtype)             Ignoring protrusion settings for this character.
Package microtype Info: Character `₄' is missing
(microtype)             in font `TU/TeXGyrePagella(0)/m/n/14.4'.
(microtype)             Ignoring protrusion settings for this character.
Package microtype Info: Character `₅' is missing
(microtype)             in font `TU/TeXGyrePagella(0)/m/n/14.4'.
(microtype)             Ignoring protrusion settings for this character.
Package microtype Info: Character `₆' is missing
(microtype)             in font `TU/TeXGyrePagella(0)/m/n/14.4'.
(microtype)             Ignoring protrusion settings for this character.
Package microtype Info: Character `₇' is missing
(microtype)             in font `TU/TeXGyrePagella(0)/m/n/14.4'.
(microtype)             Ignoring protrusion settings for this character.
Package microtype Info: Character `₈' is missing
(microtype)             in font `TU/TeXGyrePagella(0)/m/n/14.4'.
(microtype)             Ignoring protrusion settings for this character.
Package microtype Info: Character `₉' is missing
(microtype)             in font `TU/TeXGyrePagella(0)/m/n/14.4'.
(microtype)             Ignoring protrusion settings for this character.
Package microtype Info: Character `₊' is missing
(microtype)             in font `TU/TeXGyrePagella(0)/m/n/14.4'.
(microtype)             Ignoring protrusion settings for this character.
Package microtype Info: Character `₋' is missing
(microtype)             in font `TU/TeXGyrePagella(0)/m/n/14.4'.
(microtype)             Ignoring protrusion settings for this character.
Package microtype Info: Character `⁺' is missing
(microtype)             in font `TU/TeXGyrePagella(0)/m/n/14.4'.
(microtype)             Ignoring protrusion settings for this character.
Package microtype Info: Character `⁻' is missing
(microtype)             in font `TU/TeXGyrePagella(0)/m/n/14.4'.
(microtype)             Ignoring protrusion settings for this character.
Package microtype Info: Character `ﬆ' is missing
(microtype)             in font `TU/TeXGyrePagella(0)/b/n/14.4'.
(microtype)             Ignoring protrusion settings for this character.
Package microtype Info: Character `ﬅ' is missing
(microtype)             in font `TU/TeXGyrePagella(0)/b/n/14.4'.
(microtype)             Ignoring protrusion settings for this character.
Package microtype Info: Character `‥' is missing
(microtype)             in font `TU/TeXGyrePagella(0)/b/n/14.4'.
(microtype)             Ignoring protrusion settings for this character.
Package microtype Info: Character `‼' is missing
(microtype)             in font `TU/TeXGyrePagella(0)/b/n/14.4'.
(microtype)             Ignoring protrusion settings for this character.
Package microtype Info: Character `⁰' is missing
(microtype)             in font `TU/TeXGyrePagella(0)/b/n/14.4'.
(microtype)             Ignoring protrusion settings for this character.
Package microtype Info: Character `⁴' is missing
(microtype)             in font `TU/TeXGyrePagella(0)/b/n/14.4'.
(microtype)             Ignoring protrusion settings for this character.
Package microtype Info: Character `⁵' is missing
(microtype)             in font `TU/TeXGyrePagella(0)/b/n/14.4'.
(microtype)             Ignoring protrusion settings for this character.
Package microtype Info: Character `⁶' is missing
(microtype)             in font `TU/TeXGyrePagella(0)/b/n/14.4'.
(microtype)             Ignoring protrusion settings for this character.
Package microtype Info: Character `⁷' is missing
(microtype)             in font `TU/TeXGyrePagella(0)/b/n/14.4'.
(microtype)             Ignoring protrusion settings for this character.
Package microtype Info: Character `⁸' is missing
(microtype)             in font `TU/TeXGyrePagella(0)/b/n/14.4'.
(microtype)             Ignoring protrusion settings for this character.
Package microtype Info: Character `⁹' is missing
(microtype)             in font `TU/TeXGyrePagella(0)/b/n/14.4'.
(microtype)             Ignoring protrusion settings for this character.
Package microtype Info: Character `₀' is missing
(microtype)             in font `TU/TeXGyrePagella(0)/b/n/14.4'.
(microtype)             Ignoring protrusion settings for this character.
Package microtype Info: Character `₁' is missing
(microtype)             in font `TU/TeXGyrePagella(0)/b/n/14.4'.
(microtype)             Ignoring protrusion settings for this character.
Package microtype Info: Character `₂' is missing
(microtype)             in font `TU/TeXGyrePagella(0)/b/n/14.4'.
(microtype)             Ignoring protrusion settings for this character.
Package microtype Info: Character `₃' is missing
(microtype)             in font `TU/TeXGyrePagella(0)/b/n/14.4'.
(microtype)             Ignoring protrusion settings for this character.
Package microtype Info: Character `₄' is missing
(microtype)             in font `TU/TeXGyrePagella(0)/b/n/14.4'.
(microtype)             Ignoring protrusion settings for this character.
Package microtype Info: Character `₅' is missing
(microtype)             in font `TU/TeXGyrePagella(0)/b/n/14.4'.
(microtype)             Ignoring protrusion settings for this character.
Package microtype Info: Character `₆' is missing
(microtype)             in font `TU/TeXGyrePagella(0)/b/n/14.4'.
(microtype)             Ignoring protrusion settings for this character.
Package microtype Info: Character `₇' is missing
(microtype)             in font `TU/TeXGyrePagella(0)/b/n/14.4'.
(microtype)             Ignoring protrusion settings for this character.
Package microtype Info: Character `₈' is missing
(microtype)             in font `TU/TeXGyrePagella(0)/b/n/14.4'.
(microtype)             Ignoring protrusion settings for this character.
Package microtype Info: Character `₉' is missing
(microtype)             in font `TU/TeXGyrePagella(0)/b/n/14.4'.
(microtype)             Ignoring protrusion settings for this character.
Package microtype Info: Character `₊' is missing
(microtype)             in font `TU/TeXGyrePagella(0)/b/n/14.4'.
(microtype)             Ignoring protrusion settings for this character.
Package microtype Info: Character `₋' is missing
(microtype)             in font `TU/TeXGyrePagella(0)/b/n/14.4'.
(microtype)             Ignoring protrusion settings for this character.
Package microtype Info: Character `⁺' is missing
(microtype)             in font `TU/TeXGyrePagella(0)/b/n/14.4'.
(microtype)             Ignoring protrusion settings for this character.
Package microtype Info: Character `⁻' is missing
(microtype)             in font `TU/TeXGyrePagella(0)/b/n/14.4'.
(microtype)             Ignoring protrusion settings for this character.
Package microtype Info: Character `ﬆ' is missing
(microtype)             in font `TU/TeXGyrePagella(1)/b/n/8.4'.
(microtype)             Ignoring protrusion settings for this character.
Package microtype Info: Character `ﬅ' is missing
(microtype)             in font `TU/TeXGyrePagella(1)/b/n/8.4'.
(microtype)             Ignoring protrusion settings for this character.
Package microtype Info: Character `‥' is missing
(microtype)             in font `TU/TeXGyrePagella(1)/b/n/8.4'.
(microtype)             Ignoring protrusion settings for this character.
Package microtype Info: Character `‼' is missing
(microtype)             in font `TU/TeXGyrePagella(1)/b/n/8.4'.
(microtype)             Ignoring protrusion settings for this character.
Package microtype Info: Character `⁰' is missing
(microtype)             in font `TU/TeXGyrePagella(1)/b/n/8.4'.
(microtype)             Ignoring protrusion settings for this character.
Package microtype Info: Character `⁴' is missing
(microtype)             in font `TU/TeXGyrePagella(1)/b/n/8.4'.
(microtype)             Ignoring protrusion settings for this character.
Package microtype Info: Character `⁵' is missing
(microtype)             in font `TU/TeXGyrePagella(1)/b/n/8.4'.
(microtype)             Ignoring protrusion settings for this character.
Package microtype Info: Character `⁶' is missing
(microtype)             in font `TU/TeXGyrePagella(1)/b/n/8.4'.
(microtype)             Ignoring protrusion settings for this character.
Package microtype Info: Character `⁷' is missing
(microtype)             in font `TU/TeXGyrePagella(1)/b/n/8.4'.
(microtype)             Ignoring protrusion settings for this character.
Package microtype Info: Character `⁸' is missing
(microtype)             in font `TU/TeXGyrePagella(1)/b/n/8.4'.
(microtype)             Ignoring protrusion settings for this character.
Package microtype Info: Character `⁹' is missing
(microtype)             in font `TU/TeXGyrePagella(1)/b/n/8.4'.
(microtype)             Ignoring protrusion settings for this character.
Package microtype Info: Character `₀' is missing
(microtype)             in font `TU/TeXGyrePagella(1)/b/n/8.4'.
(microtype)             Ignoring protrusion settings for this character.
Package microtype Info: Character `₁' is missing
(microtype)             in font `TU/TeXGyrePagella(1)/b/n/8.4'.
(microtype)             Ignoring protrusion settings for this character.
Package microtype Info: Character `₂' is missing
(microtype)             in font `TU/TeXGyrePagella(1)/b/n/8.4'.
(microtype)             Ignoring protrusion settings for this character.
Package microtype Info: Character `₃' is missing
(microtype)             in font `TU/TeXGyrePagella(1)/b/n/8.4'.
(microtype)             Ignoring protrusion settings for this character.
Package microtype Info: Character `₄' is missing
(microtype)             in font `TU/TeXGyrePagella(1)/b/n/8.4'.
(microtype)             Ignoring protrusion settings for this character.
Package microtype Info: Character `₅' is missing
(microtype)             in font `TU/TeXGyrePagella(1)/b/n/8.4'.
(microtype)             Ignoring protrusion settings for this character.
Package microtype Info: Character `₆' is missing
(microtype)             in font `TU/TeXGyrePagella(1)/b/n/8.4'.
(microtype)             Ignoring protrusion settings for this character.
Package microtype Info: Character `₇' is missing
(microtype)             in font `TU/TeXGyrePagella(1)/b/n/8.4'.
(microtype)             Ignoring protrusion settings for this character.
Package microtype Info: Character `₈' is missing
(microtype)             in font `TU/TeXGyrePagella(1)/b/n/8.4'.
(microtype)             Ignoring protrusion settings for this character.
Package microtype Info: Character `₉' is missing
(microtype)             in font `TU/TeXGyrePagella(1)/b/n/8.4'.
(microtype)             Ignoring protrusion settings for this character.
Package microtype Info: Character `₊' is missing
(microtype)             in font `TU/TeXGyrePagella(1)/b/n/8.4'.
(microtype)             Ignoring protrusion settings for this character.
Package microtype Info: Character `₋' is missing
(microtype)             in font `TU/TeXGyrePagella(1)/b/n/8.4'.
(microtype)             Ignoring protrusion settings for this character.
Package microtype Info: Character `⁺' is missing
(microtype)             in font `TU/TeXGyrePagella(1)/b/n/8.4'.
(microtype)             Ignoring protrusion settings for this character.
Package microtype Info: Character `⁻' is missing
(microtype)             in font `TU/TeXGyrePagella(1)/b/n/8.4'.
(microtype)             Ignoring protrusion settings for this character.
Package microtype Info: Character `ﬆ' is missing
(microtype)             in font `TU/TeXGyrePagella(1)/b/n/6'.
(microtype)             Ignoring protrusion settings for this character.
Package microtype Info: Character `ﬅ' is missing
(microtype)             in font `TU/TeXGyrePagella(1)/b/n/6'.
(microtype)             Ignoring protrusion settings for this character.
Package microtype Info: Character `‥' is missing
(microtype)             in font `TU/TeXGyrePagella(1)/b/n/6'.
(microtype)             Ignoring protrusion settings for this character.
Package microtype Info: Character `‼' is missing
(microtype)             in font `TU/TeXGyrePagella(1)/b/n/6'.
(microtype)             Ignoring protrusion settings for this character.
Package microtype Info: Character `⁰' is missing
(microtype)             in font `TU/TeXGyrePagella(1)/b/n/6'.
(microtype)             Ignoring protrusion settings for this character.
Package microtype Info: Character `⁴' is missing
(microtype)             in font `TU/TeXGyrePagella(1)/b/n/6'.
(microtype)             Ignoring protrusion settings for this character.
Package microtype Info: Character `⁵' is missing
(microtype)             in font `TU/TeXGyrePagella(1)/b/n/6'.
(microtype)             Ignoring protrusion settings for this character.
Package microtype Info: Character `⁶' is missing
(microtype)             in font `TU/TeXGyrePagella(1)/b/n/6'.
(microtype)             Ignoring protrusion settings for this character.
Package microtype Info: Character `⁷' is missing
(microtype)             in font `TU/TeXGyrePagella(1)/b/n/6'.
(microtype)             Ignoring protrusion settings for this character.
Package microtype Info: Character `⁸' is missing
(microtype)             in font `TU/TeXGyrePagella(1)/b/n/6'.
(microtype)             Ignoring protrusion settings for this character.
Package microtype Info: Character `⁹' is missing
(microtype)             in font `TU/TeXGyrePagella(1)/b/n/6'.
(microtype)             Ignoring protrusion settings for this character.
Package microtype Info: Character `₀' is missing
(microtype)             in font `TU/TeXGyrePagella(1)/b/n/6'.
(microtype)             Ignoring protrusion settings for this character.
Package microtype Info: Character `₁' is missing
(microtype)             in font `TU/TeXGyrePagella(1)/b/n/6'.
(microtype)             Ignoring protrusion settings for this character.
Package microtype Info: Character `₂' is missing
(microtype)             in font `TU/TeXGyrePagella(1)/b/n/6'.
(microtype)             Ignoring protrusion settings for this character.
Package microtype Info: Character `₃' is missing
(microtype)             in font `TU/TeXGyrePagella(1)/b/n/6'.
(microtype)             Ignoring protrusion settings for this character.
Package microtype Info: Character `₄' is missing
(microtype)             in font `TU/TeXGyrePagella(1)/b/n/6'.
(microtype)             Ignoring protrusion settings for this character.
Package microtype Info: Character `₅' is missing
(microtype)             in font `TU/TeXGyrePagella(1)/b/n/6'.
(microtype)             Ignoring protrusion settings for this character.
Package microtype Info: Character `₆' is missing
(microtype)             in font `TU/TeXGyrePagella(1)/b/n/6'.
(microtype)             Ignoring protrusion settings for this character.
Package microtype Info: Character `₇' is missing
(microtype)             in font `TU/TeXGyrePagella(1)/b/n/6'.
(microtype)             Ignoring protrusion settings for this character.
Package microtype Info: Character `₈' is missing
(microtype)             in font `TU/TeXGyrePagella(1)/b/n/6'.
(microtype)             Ignoring protrusion settings for this character.
Package microtype Info: Character `₉' is missing
(microtype)             in font `TU/TeXGyrePagella(1)/b/n/6'.
(microtype)             Ignoring protrusion settings for this character.
Package microtype Info: Character `₊' is missing
(microtype)             in font `TU/TeXGyrePagella(1)/b/n/6'.
(microtype)             Ignoring protrusion settings for this character.
Package microtype Info: Character `₋' is missing
(microtype)             in font `TU/TeXGyrePagella(1)/b/n/6'.
(microtype)             Ignoring protrusion settings for this character.
Package microtype Info: Character `⁺' is missing
(microtype)             in font `TU/TeXGyrePagella(1)/b/n/6'.
(microtype)             Ignoring protrusion settings for this character.
Package microtype Info: Character `⁻' is missing
(microtype)             in font `TU/TeXGyrePagella(1)/b/n/6'.
(microtype)             Ignoring protrusion settings for this character.
 [1

]

Package fancyhdr Warning: \headheight is too small (24.0pt): 
(fancyhdr)                Make it at least 24.01996pt, for example:
(fancyhdr)                \setlength{\headheight}{24.01996pt}.
(fancyhdr)                You might also make \topmargin smaller to compensate:

(fancyhdr)                \addtolength{\topmargin}{-0.01996pt}.

[2]
Underfull \vbox (badness 10000) has occurred while \output is active []



Package fancyhdr Warning: \headheight is too small (24.0pt): 
(fancyhdr)                Make it at least 24.01996pt, for example:
(fancyhdr)                \setlength{\headheight}{24.01996pt}.
(fancyhdr)                You might also make \topmargin smaller to compensate:

(fancyhdr)                \addtolength{\topmargin}{-0.01996pt}.

[3]

Package fancyhdr Warning: \headheight is too small (24.0pt): 
(fancyhdr)                Make it at least 24.01996pt, for example:
(fancyhdr)                \setlength{\headheight}{24.01996pt}.
(fancyhdr)                You might also make \topmargin smaller to compensate:

(fancyhdr)                \addtolength{\topmargin}{-0.01996pt}.

[4]

Package fancyhdr Warning: \headheight is too small (24.0pt): 
(fancyhdr)                Make it at least 24.01996pt, for example:
(fancyhdr)                \setlength{\headheight}{24.01996pt}.
(fancyhdr)                You might also make \topmargin smaller to compensate:

(fancyhdr)                \addtolength{\topmargin}{-0.01996pt}.

[5]

Package fancyhdr Warning: \headheight is too small (24.0pt): 
(fancyhdr)                Make it at least 24.01996pt, for example:
(fancyhdr)                \setlength{\headheight}{24.01996pt}.
(fancyhdr)                You might also make \topmargin smaller to compensate:

(fancyhdr)                \addtolength{\topmargin}{-0.01996pt}.

[6]

Package fancyhdr Warning: \headheight is too small (24.0pt): 
(fancyhdr)                Make it at least 24.01996pt, for example:
(fancyhdr)                \setlength{\headheight}{24.01996pt}.
(fancyhdr)                You might also make \topmargin smaller to compensate:

(fancyhdr)                \addtolength{\topmargin}{-0.01996pt}.

[7]
Underfull \vbox (badness 7468) has occurred while \output is active []



Package fancyhdr Warning: \headheight is too small (24.0pt): 
(fancyhdr)                Make it at least 24.01996pt, for example:
(fancyhdr)                \setlength{\headheight}{24.01996pt}.
(fancyhdr)                You might also make \topmargin smaller to compensate:

(fancyhdr)                \addtolength{\topmargin}{-0.01996pt}.

[8]

Package fancyhdr Warning: \headheight is too small (24.0pt): 
(fancyhdr)                Make it at least 24.01996pt, for example:
(fancyhdr)                \setlength{\headheight}{24.01996pt}.
(fancyhdr)                You might also make \topmargin smaller to compensate:

(fancyhdr)                \addtolength{\topmargin}{-0.01996pt}.

[9])
\tf@toc=\write7

\openout7 = main.toc


Package fancyhdr Warning: \headheight is too small (24.0pt): 
(fancyhdr)                Make it at least 24.01996pt, for example:
(fancyhdr)                \setlength{\headheight}{24.01996pt}.
(fancyhdr)                You might also make \topmargin smaller to compensate:

(fancyhdr)                \addtolength{\topmargin}{-0.01996pt}.

[10] (./build/main.lof
Underfull \vbox (badness 10000) has occurred while \output is active []

 [11

]
Package microtype Info: Character `ﬆ' is missing
(microtype)             in font `TU/TeXGyrePagella(1)/m/n/12'.
(microtype)             Ignoring protrusion settings for this character.
Package microtype Info: Character `ﬅ' is missing
(microtype)             in font `TU/TeXGyrePagella(1)/m/n/12'.
(microtype)             Ignoring protrusion settings for this character.
Package microtype Info: Character `‥' is missing
(microtype)             in font `TU/TeXGyrePagella(1)/m/n/12'.
(microtype)             Ignoring protrusion settings for this character.
Package microtype Info: Character `‼' is missing
(microtype)             in font `TU/TeXGyrePagella(1)/m/n/12'.
(microtype)             Ignoring protrusion settings for this character.
Package microtype Info: Character `⁰' is missing
(microtype)             in font `TU/TeXGyrePagella(1)/m/n/12'.
(microtype)             Ignoring protrusion settings for this character.
Package microtype Info: Character `⁴' is missing
(microtype)             in font `TU/TeXGyrePagella(1)/m/n/12'.
(microtype)             Ignoring protrusion settings for this character.
Package microtype Info: Character `⁵' is missing
(microtype)             in font `TU/TeXGyrePagella(1)/m/n/12'.
(microtype)             Ignoring protrusion settings for this character.
Package microtype Info: Character `⁶' is missing
(microtype)             in font `TU/TeXGyrePagella(1)/m/n/12'.
(microtype)             Ignoring protrusion settings for this character.
Package microtype Info: Character `⁷' is missing
(microtype)             in font `TU/TeXGyrePagella(1)/m/n/12'.
(microtype)             Ignoring protrusion settings for this character.
Package microtype Info: Character `⁸' is missing
(microtype)             in font `TU/TeXGyrePagella(1)/m/n/12'.
(microtype)             Ignoring protrusion settings for this character.
Package microtype Info: Character `⁹' is missing
(microtype)             in font `TU/TeXGyrePagella(1)/m/n/12'.
(microtype)             Ignoring protrusion settings for this character.
Package microtype Info: Character `₀' is missing
(microtype)             in font `TU/TeXGyrePagella(1)/m/n/12'.
(microtype)             Ignoring protrusion settings for this character.
Package microtype Info: Character `₁' is missing
(microtype)             in font `TU/TeXGyrePagella(1)/m/n/12'.
(microtype)             Ignoring protrusion settings for this character.
Package microtype Info: Character `₂' is missing
(microtype)             in font `TU/TeXGyrePagella(1)/m/n/12'.
(microtype)             Ignoring protrusion settings for this character.
Package microtype Info: Character `₃' is missing
(microtype)             in font `TU/TeXGyrePagella(1)/m/n/12'.
(microtype)             Ignoring protrusion settings for this character.
Package microtype Info: Character `₄' is missing
(microtype)             in font `TU/TeXGyrePagella(1)/m/n/12'.
(microtype)             Ignoring protrusion settings for this character.
Package microtype Info: Character `₅' is missing
(microtype)             in font `TU/TeXGyrePagella(1)/m/n/12'.
(microtype)             Ignoring protrusion settings for this character.
Package microtype Info: Character `₆' is missing
(microtype)             in font `TU/TeXGyrePagella(1)/m/n/12'.
(microtype)             Ignoring protrusion settings for this character.
Package microtype Info: Character `₇' is missing
(microtype)             in font `TU/TeXGyrePagella(1)/m/n/12'.
(microtype)             Ignoring protrusion settings for this character.
Package microtype Info: Character `₈' is missing
(microtype)             in font `TU/TeXGyrePagella(1)/m/n/12'.
(microtype)             Ignoring protrusion settings for this character.
Package microtype Info: Character `₉' is missing
(microtype)             in font `TU/TeXGyrePagella(1)/m/n/12'.
(microtype)             Ignoring protrusion settings for this character.
Package microtype Info: Character `₊' is missing
(microtype)             in font `TU/TeXGyrePagella(1)/m/n/12'.
(microtype)             Ignoring protrusion settings for this character.
Package microtype Info: Character `₋' is missing
(microtype)             in font `TU/TeXGyrePagella(1)/m/n/12'.
(microtype)             Ignoring protrusion settings for this character.
Package microtype Info: Character `⁺' is missing
(microtype)             in font `TU/TeXGyrePagella(1)/m/n/12'.
(microtype)             Ignoring protrusion settings for this character.
Package microtype Info: Character `⁻' is missing
(microtype)             in font `TU/TeXGyrePagella(1)/m/n/12'.
(microtype)             Ignoring protrusion settings for this character.
Package microtype Info: Character `ﬆ' is missing
(microtype)             in font `TU/TeXGyrePagella(1)/m/n/8.4'.
(microtype)             Ignoring protrusion settings for this character.
Package microtype Info: Character `ﬅ' is missing
(microtype)             in font `TU/TeXGyrePagella(1)/m/n/8.4'.
(microtype)             Ignoring protrusion settings for this character.
Package microtype Info: Character `‥' is missing
(microtype)             in font `TU/TeXGyrePagella(1)/m/n/8.4'.
(microtype)             Ignoring protrusion settings for this character.
Package microtype Info: Character `‼' is missing
(microtype)             in font `TU/TeXGyrePagella(1)/m/n/8.4'.
(microtype)             Ignoring protrusion settings for this character.
Package microtype Info: Character `⁰' is missing
(microtype)             in font `TU/TeXGyrePagella(1)/m/n/8.4'.
(microtype)             Ignoring protrusion settings for this character.
Package microtype Info: Character `⁴' is missing
(microtype)             in font `TU/TeXGyrePagella(1)/m/n/8.4'.
(microtype)             Ignoring protrusion settings for this character.
Package microtype Info: Character `⁵' is missing
(microtype)             in font `TU/TeXGyrePagella(1)/m/n/8.4'.
(microtype)             Ignoring protrusion settings for this character.
Package microtype Info: Character `⁶' is missing
(microtype)             in font `TU/TeXGyrePagella(1)/m/n/8.4'.
(microtype)             Ignoring protrusion settings for this character.
Package microtype Info: Character `⁷' is missing
(microtype)             in font `TU/TeXGyrePagella(1)/m/n/8.4'.
(microtype)             Ignoring protrusion settings for this character.
Package microtype Info: Character `⁸' is missing
(microtype)             in font `TU/TeXGyrePagella(1)/m/n/8.4'.
(microtype)             Ignoring protrusion settings for this character.
Package microtype Info: Character `⁹' is missing
(microtype)             in font `TU/TeXGyrePagella(1)/m/n/8.4'.
(microtype)             Ignoring protrusion settings for this character.
Package microtype Info: Character `₀' is missing
(microtype)             in font `TU/TeXGyrePagella(1)/m/n/8.4'.
(microtype)             Ignoring protrusion settings for this character.
Package microtype Info: Character `₁' is missing
(microtype)             in font `TU/TeXGyrePagella(1)/m/n/8.4'.
(microtype)             Ignoring protrusion settings for this character.
Package microtype Info: Character `₂' is missing
(microtype)             in font `TU/TeXGyrePagella(1)/m/n/8.4'.
(microtype)             Ignoring protrusion settings for this character.
Package microtype Info: Character `₃' is missing
(microtype)             in font `TU/TeXGyrePagella(1)/m/n/8.4'.
(microtype)             Ignoring protrusion settings for this character.
Package microtype Info: Character `₄' is missing
(microtype)             in font `TU/TeXGyrePagella(1)/m/n/8.4'.
(microtype)             Ignoring protrusion settings for this character.
Package microtype Info: Character `₅' is missing
(microtype)             in font `TU/TeXGyrePagella(1)/m/n/8.4'.
(microtype)             Ignoring protrusion settings for this character.
Package microtype Info: Character `₆' is missing
(microtype)             in font `TU/TeXGyrePagella(1)/m/n/8.4'.
(microtype)             Ignoring protrusion settings for this character.
Package microtype Info: Character `₇' is missing
(microtype)             in font `TU/TeXGyrePagella(1)/m/n/8.4'.
(microtype)             Ignoring protrusion settings for this character.
Package microtype Info: Character `₈' is missing
(microtype)             in font `TU/TeXGyrePagella(1)/m/n/8.4'.
(microtype)             Ignoring protrusion settings for this character.
Package microtype Info: Character `₉' is missing
(microtype)             in font `TU/TeXGyrePagella(1)/m/n/8.4'.
(microtype)             Ignoring protrusion settings for this character.
Package microtype Info: Character `₊' is missing
(microtype)             in font `TU/TeXGyrePagella(1)/m/n/8.4'.
(microtype)             Ignoring protrusion settings for this character.
Package microtype Info: Character `₋' is missing
(microtype)             in font `TU/TeXGyrePagella(1)/m/n/8.4'.
(microtype)             Ignoring protrusion settings for this character.
Package microtype Info: Character `⁺' is missing
(microtype)             in font `TU/TeXGyrePagella(1)/m/n/8.4'.
(microtype)             Ignoring protrusion settings for this character.
Package microtype Info: Character `⁻' is missing
(microtype)             in font `TU/TeXGyrePagella(1)/m/n/8.4'.
(microtype)             Ignoring protrusion settings for this character.
Package microtype Info: Character `ﬆ' is missing
(microtype)             in font `TU/TeXGyrePagella(1)/m/n/6'.
(microtype)             Ignoring protrusion settings for this character.
Package microtype Info: Character `ﬅ' is missing
(microtype)             in font `TU/TeXGyrePagella(1)/m/n/6'.
(microtype)             Ignoring protrusion settings for this character.
Package microtype Info: Character `‥' is missing
(microtype)             in font `TU/TeXGyrePagella(1)/m/n/6'.
(microtype)             Ignoring protrusion settings for this character.
Package microtype Info: Character `‼' is missing
(microtype)             in font `TU/TeXGyrePagella(1)/m/n/6'.
(microtype)             Ignoring protrusion settings for this character.
Package microtype Info: Character `⁰' is missing
(microtype)             in font `TU/TeXGyrePagella(1)/m/n/6'.
(microtype)             Ignoring protrusion settings for this character.
Package microtype Info: Character `⁴' is missing
(microtype)             in font `TU/TeXGyrePagella(1)/m/n/6'.
(microtype)             Ignoring protrusion settings for this character.
Package microtype Info: Character `⁵' is missing
(microtype)             in font `TU/TeXGyrePagella(1)/m/n/6'.
(microtype)             Ignoring protrusion settings for this character.
Package microtype Info: Character `⁶' is missing
(microtype)             in font `TU/TeXGyrePagella(1)/m/n/6'.
(microtype)             Ignoring protrusion settings for this character.
Package microtype Info: Character `⁷' is missing
(microtype)             in font `TU/TeXGyrePagella(1)/m/n/6'.
(microtype)             Ignoring protrusion settings for this character.
Package microtype Info: Character `⁸' is missing
(microtype)             in font `TU/TeXGyrePagella(1)/m/n/6'.
(microtype)             Ignoring protrusion settings for this character.
Package microtype Info: Character `⁹' is missing
(microtype)             in font `TU/TeXGyrePagella(1)/m/n/6'.
(microtype)             Ignoring protrusion settings for this character.
Package microtype Info: Character `₀' is missing
(microtype)             in font `TU/TeXGyrePagella(1)/m/n/6'.
(microtype)             Ignoring protrusion settings for this character.
Package microtype Info: Character `₁' is missing
(microtype)             in font `TU/TeXGyrePagella(1)/m/n/6'.
(microtype)             Ignoring protrusion settings for this character.
Package microtype Info: Character `₂' is missing
(microtype)             in font `TU/TeXGyrePagella(1)/m/n/6'.
(microtype)             Ignoring protrusion settings for this character.
Package microtype Info: Character `₃' is missing
(microtype)             in font `TU/TeXGyrePagella(1)/m/n/6'.
(microtype)             Ignoring protrusion settings for this character.
Package microtype Info: Character `₄' is missing
(microtype)             in font `TU/TeXGyrePagella(1)/m/n/6'.
(microtype)             Ignoring protrusion settings for this character.
Package microtype Info: Character `₅' is missing
(microtype)             in font `TU/TeXGyrePagella(1)/m/n/6'.
(microtype)             Ignoring protrusion settings for this character.
Package microtype Info: Character `₆' is missing
(microtype)             in font `TU/TeXGyrePagella(1)/m/n/6'.
(microtype)             Ignoring protrusion settings for this character.
Package microtype Info: Character `₇' is missing
(microtype)             in font `TU/TeXGyrePagella(1)/m/n/6'.
(microtype)             Ignoring protrusion settings for this character.
Package microtype Info: Character `₈' is missing
(microtype)             in font `TU/TeXGyrePagella(1)/m/n/6'.
(microtype)             Ignoring protrusion settings for this character.
Package microtype Info: Character `₉' is missing
(microtype)             in font `TU/TeXGyrePagella(1)/m/n/6'.
(microtype)             Ignoring protrusion settings for this character.
Package microtype Info: Character `₊' is missing
(microtype)             in font `TU/TeXGyrePagella(1)/m/n/6'.
(microtype)             Ignoring protrusion settings for this character.
Package microtype Info: Character `₋' is missing
(microtype)             in font `TU/TeXGyrePagella(1)/m/n/6'.
(microtype)             Ignoring protrusion settings for this character.
Package microtype Info: Character `⁺' is missing
(microtype)             in font `TU/TeXGyrePagella(1)/m/n/6'.
(microtype)             Ignoring protrusion settings for this character.
Package microtype Info: Character `⁻' is missing
(microtype)             in font `TU/TeXGyrePagella(1)/m/n/6'.
(microtype)             Ignoring protrusion settings for this character.
)
\tf@lof=\write8

\openout8 = main.lof

(./chapters/preface.tex

Package fancyhdr Warning: \headheight is too small (24.0pt): 
(fancyhdr)                Make it at least 24.01996pt, for example:
(fancyhdr)                \setlength{\headheight}{24.01996pt}.
(fancyhdr)                You might also make \topmargin smaller to compensate:

(fancyhdr)                \addtolength{\topmargin}{-0.01996pt}.

[12]
Package microtype Info: Character `‥' is missing
(microtype)             in font `TU/TeXGyrePagella(0)/m/it/12'.
(microtype)             Ignoring protrusion settings for this character.
Package microtype Info: Character `⁰' is missing
(microtype)             in font `TU/TeXGyrePagella(0)/m/it/12'.
(microtype)             Ignoring protrusion settings for this character.
Package microtype Info: Character `⁴' is missing
(microtype)             in font `TU/TeXGyrePagella(0)/m/it/12'.
(microtype)             Ignoring protrusion settings for this character.
Package microtype Info: Character `⁵' is missing
(microtype)             in font `TU/TeXGyrePagella(0)/m/it/12'.
(microtype)             Ignoring protrusion settings for this character.
Package microtype Info: Character `⁶' is missing
(microtype)             in font `TU/TeXGyrePagella(0)/m/it/12'.
(microtype)             Ignoring protrusion settings for this character.
Package microtype Info: Character `⁷' is missing
(microtype)             in font `TU/TeXGyrePagella(0)/m/it/12'.
(microtype)             Ignoring protrusion settings for this character.
Package microtype Info: Character `⁸' is missing
(microtype)             in font `TU/TeXGyrePagella(0)/m/it/12'.
(microtype)             Ignoring protrusion settings for this character.
Package microtype Info: Character `⁹' is missing
(microtype)             in font `TU/TeXGyrePagella(0)/m/it/12'.
(microtype)             Ignoring protrusion settings for this character.
Package microtype Info: Character `₀' is missing
(microtype)             in font `TU/TeXGyrePagella(0)/m/it/12'.
(microtype)             Ignoring protrusion settings for this character.
Package microtype Info: Character `₁' is missing
(microtype)             in font `TU/TeXGyrePagella(0)/m/it/12'.
(microtype)             Ignoring protrusion settings for this character.
Package microtype Info: Character `₂' is missing
(microtype)             in font `TU/TeXGyrePagella(0)/m/it/12'.
(microtype)             Ignoring protrusion settings for this character.
Package microtype Info: Character `₃' is missing
(microtype)             in font `TU/TeXGyrePagella(0)/m/it/12'.
(microtype)             Ignoring protrusion settings for this character.
Package microtype Info: Character `₄' is missing
(microtype)             in font `TU/TeXGyrePagella(0)/m/it/12'.
(microtype)             Ignoring protrusion settings for this character.
Package microtype Info: Character `₅' is missing
(microtype)             in font `TU/TeXGyrePagella(0)/m/it/12'.
(microtype)             Ignoring protrusion settings for this character.
Package microtype Info: Character `₆' is missing
(microtype)             in font `TU/TeXGyrePagella(0)/m/it/12'.
(microtype)             Ignoring protrusion settings for this character.
Package microtype Info: Character `₇' is missing
(microtype)             in font `TU/TeXGyrePagella(0)/m/it/12'.
(microtype)             Ignoring protrusion settings for this character.
Package microtype Info: Character `₈' is missing
(microtype)             in font `TU/TeXGyrePagella(0)/m/it/12'.
(microtype)             Ignoring protrusion settings for this character.
Package microtype Info: Character `₉' is missing
(microtype)             in font `TU/TeXGyrePagella(0)/m/it/12'.
(microtype)             Ignoring protrusion settings for this character.
Package microtype Info: Character `₊' is missing
(microtype)             in font `TU/TeXGyrePagella(0)/m/it/12'.
(microtype)             Ignoring protrusion settings for this character.
Package microtype Info: Character `₋' is missing
(microtype)             in font `TU/TeXGyrePagella(0)/m/it/12'.
(microtype)             Ignoring protrusion settings for this character.
Package microtype Info: Character `⁺' is missing
(microtype)             in font `TU/TeXGyrePagella(0)/m/it/12'.
(microtype)             Ignoring protrusion settings for this character.
Package microtype Info: Character `⁻' is missing
(microtype)             in font `TU/TeXGyrePagella(0)/m/it/12'.
(microtype)             Ignoring protrusion settings for this character.
) [13

]

Package fancyhdr Warning: \headheight is too small (24.0pt): 
(fancyhdr)                Make it at least 24.01996pt, for example:
(fancyhdr)                \setlength{\headheight}{24.01996pt}.
(fancyhdr)                You might also make \topmargin smaller to compensate:

(fancyhdr)                \addtolength{\topmargin}{-0.01996pt}.

[14

]
Package microtype Info: Character `ﬆ' is missing
(microtype)             in font `TU/TeXGyrePagella(0)/b/sc/24.88'.
(microtype)             Ignoring protrusion settings for this character.
Package microtype Info: Character `ﬅ' is missing
(microtype)             in font `TU/TeXGyrePagella(0)/b/sc/24.88'.
(microtype)             Ignoring protrusion settings for this character.
Package microtype Info: Character `‥' is missing
(microtype)             in font `TU/TeXGyrePagella(0)/b/sc/24.88'.
(microtype)             Ignoring protrusion settings for this character.
Package microtype Info: Character `‼' is missing
(microtype)             in font `TU/TeXGyrePagella(0)/b/sc/24.88'.
(microtype)             Ignoring protrusion settings for this character.
Package microtype Info: Character `⁰' is missing
(microtype)             in font `TU/TeXGyrePagella(0)/b/sc/24.88'.
(microtype)             Ignoring protrusion settings for this character.
Package microtype Info: Character `⁴' is missing
(microtype)             in font `TU/TeXGyrePagella(0)/b/sc/24.88'.
(microtype)             Ignoring protrusion settings for this character.
Package microtype Info: Character `⁵' is missing
(microtype)             in font `TU/TeXGyrePagella(0)/b/sc/24.88'.
(microtype)             Ignoring protrusion settings for this character.
Package microtype Info: Character `⁶' is missing
(microtype)             in font `TU/TeXGyrePagella(0)/b/sc/24.88'.
(microtype)             Ignoring protrusion settings for this character.
Package microtype Info: Character `⁷' is missing
(microtype)             in font `TU/TeXGyrePagella(0)/b/sc/24.88'.
(microtype)             Ignoring protrusion settings for this character.
Package microtype Info: Character `⁸' is missing
(microtype)             in font `TU/TeXGyrePagella(0)/b/sc/24.88'.
(microtype)             Ignoring protrusion settings for this character.
Package microtype Info: Character `⁹' is missing
(microtype)             in font `TU/TeXGyrePagella(0)/b/sc/24.88'.
(microtype)             Ignoring protrusion settings for this character.
Package microtype Info: Character `₀' is missing
(microtype)             in font `TU/TeXGyrePagella(0)/b/sc/24.88'.
(microtype)             Ignoring protrusion settings for this character.
Package microtype Info: Character `₁' is missing
(microtype)             in font `TU/TeXGyrePagella(0)/b/sc/24.88'.
(microtype)             Ignoring protrusion settings for this character.
Package microtype Info: Character `₂' is missing
(microtype)             in font `TU/TeXGyrePagella(0)/b/sc/24.88'.
(microtype)             Ignoring protrusion settings for this character.
Package microtype Info: Character `₃' is missing
(microtype)             in font `TU/TeXGyrePagella(0)/b/sc/24.88'.
(microtype)             Ignoring protrusion settings for this character.
Package microtype Info: Character `₄' is missing
(microtype)             in font `TU/TeXGyrePagella(0)/b/sc/24.88'.
(microtype)             Ignoring protrusion settings for this character.
Package microtype Info: Character `₅' is missing
(microtype)             in font `TU/TeXGyrePagella(0)/b/sc/24.88'.
(microtype)             Ignoring protrusion settings for this character.
Package microtype Info: Character `₆' is missing
(microtype)             in font `TU/TeXGyrePagella(0)/b/sc/24.88'.
(microtype)             Ignoring protrusion settings for this character.
Package microtype Info: Character `₇' is missing
(microtype)             in font `TU/TeXGyrePagella(0)/b/sc/24.88'.
(microtype)             Ignoring protrusion settings for this character.
Package microtype Info: Character `₈' is missing
(microtype)             in font `TU/TeXGyrePagella(0)/b/sc/24.88'.
(microtype)             Ignoring protrusion settings for this character.
Package microtype Info: Character `₉' is missing
(microtype)             in font `TU/TeXGyrePagella(0)/b/sc/24.88'.
(microtype)             Ignoring protrusion settings for this character.
Package microtype Info: Character `₊' is missing
(microtype)             in font `TU/TeXGyrePagella(0)/b/sc/24.88'.
(microtype)             Ignoring protrusion settings for this character.
Package microtype Info: Character `₋' is missing
(microtype)             in font `TU/TeXGyrePagella(0)/b/sc/24.88'.
(microtype)             Ignoring protrusion settings for this character.
Package microtype Info: Character `⁺' is missing
(microtype)             in font `TU/TeXGyrePagella(0)/b/sc/24.88'.
(microtype)             Ignoring protrusion settings for this character.
Package microtype Info: Character `⁻' is missing
(microtype)             in font `TU/TeXGyrePagella(0)/b/sc/24.88'.
(microtype)             Ignoring protrusion settings for this character.
Package microtype Info: Character `ﬅ' is missing
(microtype)             in font `TU/TeXGyrePagella(0)/b/sc/24.88'.
(microtype)             Ignoring protrusion settings for this character.
Package microtype Info: Character `ﬆ' is missing
(microtype)             in font `TU/TeXGyrePagella(0)/b/sc/24.88'.
(microtype)             Ignoring protrusion settings for this character.
Package microtype Info: Character `ﬆ' is missing
(microtype)             in font `TU/TeXGyrePagella(0)/b/sc/14.4'.
(microtype)             Ignoring protrusion settings for this character.
Package microtype Info: Character `ﬅ' is missing
(microtype)             in font `TU/TeXGyrePagella(0)/b/sc/14.4'.
(microtype)             Ignoring protrusion settings for this character.
Package microtype Info: Character `‥' is missing
(microtype)             in font `TU/TeXGyrePagella(0)/b/sc/14.4'.
(microtype)             Ignoring protrusion settings for this character.
Package microtype Info: Character `‼' is missing
(microtype)             in font `TU/TeXGyrePagella(0)/b/sc/14.4'.
(microtype)             Ignoring protrusion settings for this character.
Package microtype Info: Character `⁰' is missing
(microtype)             in font `TU/TeXGyrePagella(0)/b/sc/14.4'.
(microtype)             Ignoring protrusion settings for this character.
Package microtype Info: Character `⁴' is missing
(microtype)             in font `TU/TeXGyrePagella(0)/b/sc/14.4'.
(microtype)             Ignoring protrusion settings for this character.
Package microtype Info: Character `⁵' is missing
(microtype)             in font `TU/TeXGyrePagella(0)/b/sc/14.4'.
(microtype)             Ignoring protrusion settings for this character.
Package microtype Info: Character `⁶' is missing
(microtype)             in font `TU/TeXGyrePagella(0)/b/sc/14.4'.
(microtype)             Ignoring protrusion settings for this character.
Package microtype Info: Character `⁷' is missing
(microtype)             in font `TU/TeXGyrePagella(0)/b/sc/14.4'.
(microtype)             Ignoring protrusion settings for this character.
Package microtype Info: Character `⁸' is missing
(microtype)             in font `TU/TeXGyrePagella(0)/b/sc/14.4'.
(microtype)             Ignoring protrusion settings for this character.
Package microtype Info: Character `⁹' is missing
(microtype)             in font `TU/TeXGyrePagella(0)/b/sc/14.4'.
(microtype)             Ignoring protrusion settings for this character.
Package microtype Info: Character `₀' is missing
(microtype)             in font `TU/TeXGyrePagella(0)/b/sc/14.4'.
(microtype)             Ignoring protrusion settings for this character.
Package microtype Info: Character `₁' is missing
(microtype)             in font `TU/TeXGyrePagella(0)/b/sc/14.4'.
(microtype)             Ignoring protrusion settings for this character.
Package microtype Info: Character `₂' is missing
(microtype)             in font `TU/TeXGyrePagella(0)/b/sc/14.4'.
(microtype)             Ignoring protrusion settings for this character.
Package microtype Info: Character `₃' is missing
(microtype)             in font `TU/TeXGyrePagella(0)/b/sc/14.4'.
(microtype)             Ignoring protrusion settings for this character.
Package microtype Info: Character `₄' is missing
(microtype)             in font `TU/TeXGyrePagella(0)/b/sc/14.4'.
(microtype)             Ignoring protrusion settings for this character.
Package microtype Info: Character `₅' is missing
(microtype)             in font `TU/TeXGyrePagella(0)/b/sc/14.4'.
(microtype)             Ignoring protrusion settings for this character.
Package microtype Info: Character `₆' is missing
(microtype)             in font `TU/TeXGyrePagella(0)/b/sc/14.4'.
(microtype)             Ignoring protrusion settings for this character.
Package microtype Info: Character `₇' is missing
(microtype)             in font `TU/TeXGyrePagella(0)/b/sc/14.4'.
(microtype)             Ignoring protrusion settings for this character.
Package microtype Info: Character `₈' is missing
(microtype)             in font `TU/TeXGyrePagella(0)/b/sc/14.4'.
(microtype)             Ignoring protrusion settings for this character.
Package microtype Info: Character `₉' is missing
(microtype)             in font `TU/TeXGyrePagella(0)/b/sc/14.4'.
(microtype)             Ignoring protrusion settings for this character.
Package microtype Info: Character `₊' is missing
(microtype)             in font `TU/TeXGyrePagella(0)/b/sc/14.4'.
(microtype)             Ignoring protrusion settings for this character.
Package microtype Info: Character `₋' is missing
(microtype)             in font `TU/TeXGyrePagella(0)/b/sc/14.4'.
(microtype)             Ignoring protrusion settings for this character.
Package microtype Info: Character `⁺' is missing
(microtype)             in font `TU/TeXGyrePagella(0)/b/sc/14.4'.
(microtype)             Ignoring protrusion settings for this character.
Package microtype Info: Character `⁻' is missing
(microtype)             in font `TU/TeXGyrePagella(0)/b/sc/14.4'.
(microtype)             Ignoring protrusion settings for this character.
Package microtype Info: Character `ﬅ' is missing
(microtype)             in font `TU/TeXGyrePagella(0)/b/sc/14.4'.
(microtype)             Ignoring protrusion settings for this character.
Package microtype Info: Character `ﬆ' is missing
(microtype)             in font `TU/TeXGyrePagella(0)/b/sc/14.4'.
(microtype)             Ignoring protrusion settings for this character.

warning  (pdf backend): ignoring duplicate destination with the name 'page.1'
[1

]
warning  (pdf backend): ignoring duplicate destination with the name 'page.2'
[2] (./chapters/ch01-world-before-objects.tex
Chapter 1.
Package microtype Info: Character `ﬆ' is missing
(microtype)             in font `TU/TeXGyrePagella(0)/m/n/10'.
(microtype)             Ignoring protrusion settings for this character.
Package microtype Info: Character `ﬅ' is missing
(microtype)             in font `TU/TeXGyrePagella(0)/m/n/10'.
(microtype)             Ignoring protrusion settings for this character.
Package microtype Info: Character `‥' is missing
(microtype)             in font `TU/TeXGyrePagella(0)/m/n/10'.
(microtype)             Ignoring protrusion settings for this character.
Package microtype Info: Character `‼' is missing
(microtype)             in font `TU/TeXGyrePagella(0)/m/n/10'.
(microtype)             Ignoring protrusion settings for this character.
Package microtype Info: Character `⁰' is missing
(microtype)             in font `TU/TeXGyrePagella(0)/m/n/10'.
(microtype)             Ignoring protrusion settings for this character.
Package microtype Info: Character `⁴' is missing
(microtype)             in font `TU/TeXGyrePagella(0)/m/n/10'.
(microtype)             Ignoring protrusion settings for this character.
Package microtype Info: Character `⁵' is missing
(microtype)             in font `TU/TeXGyrePagella(0)/m/n/10'.
(microtype)             Ignoring protrusion settings for this character.
Package microtype Info: Character `⁶' is missing
(microtype)             in font `TU/TeXGyrePagella(0)/m/n/10'.
(microtype)             Ignoring protrusion settings for this character.
Package microtype Info: Character `⁷' is missing
(microtype)             in font `TU/TeXGyrePagella(0)/m/n/10'.
(microtype)             Ignoring protrusion settings for this character.
Package microtype Info: Character `⁸' is missing
(microtype)             in font `TU/TeXGyrePagella(0)/m/n/10'.
(microtype)             Ignoring protrusion settings for this character.
Package microtype Info: Character `⁹' is missing
(microtype)             in font `TU/TeXGyrePagella(0)/m/n/10'.
(microtype)             Ignoring protrusion settings for this character.
Package microtype Info: Character `₀' is missing
(microtype)             in font `TU/TeXGyrePagella(0)/m/n/10'.
(microtype)             Ignoring protrusion settings for this character.
Package microtype Info: Character `₁' is missing
(microtype)             in font `TU/TeXGyrePagella(0)/m/n/10'.
(microtype)             Ignoring protrusion settings for this character.
Package microtype Info: Character `₂' is missing
(microtype)             in font `TU/TeXGyrePagella(0)/m/n/10'.
(microtype)             Ignoring protrusion settings for this character.
Package microtype Info: Character `₃' is missing
(microtype)             in font `TU/TeXGyrePagella(0)/m/n/10'.
(microtype)             Ignoring protrusion settings for this character.
Package microtype Info: Character `₄' is missing
(microtype)             in font `TU/TeXGyrePagella(0)/m/n/10'.
(microtype)             Ignoring protrusion settings for this character.
Package microtype Info: Character `₅' is missing
(microtype)             in font `TU/TeXGyrePagella(0)/m/n/10'.
(microtype)             Ignoring protrusion settings for this character.
Package microtype Info: Character `₆' is missing
(microtype)             in font `TU/TeXGyrePagella(0)/m/n/10'.
(microtype)             Ignoring protrusion settings for this character.
Package microtype Info: Character `₇' is missing
(microtype)             in font `TU/TeXGyrePagella(0)/m/n/10'.
(microtype)             Ignoring protrusion settings for this character.
Package microtype Info: Character `₈' is missing
(microtype)             in font `TU/TeXGyrePagella(0)/m/n/10'.
(microtype)             Ignoring protrusion settings for this character.
Package microtype Info: Character `₉' is missing
(microtype)             in font `TU/TeXGyrePagella(0)/m/n/10'.
(microtype)             Ignoring protrusion settings for this character.
Package microtype Info: Character `₊' is missing
(microtype)             in font `TU/TeXGyrePagella(0)/m/n/10'.
(microtype)             Ignoring protrusion settings for this character.
Package microtype Info: Character `₋' is missing
(microtype)             in font `TU/TeXGyrePagella(0)/m/n/10'.
(microtype)             Ignoring protrusion settings for this character.
Package microtype Info: Character `⁺' is missing
(microtype)             in font `TU/TeXGyrePagella(0)/m/n/10'.
(microtype)             Ignoring protrusion settings for this character.
Package microtype Info: Character `⁻' is missing
(microtype)             in font `TU/TeXGyrePagella(0)/m/n/10'.
(microtype)             Ignoring protrusion settings for this character.
Package microtype Info: Character `‥' is missing
(microtype)             in font `TU/TeXGyrePagella(0)/m/it/10'.
(microtype)             Ignoring protrusion settings for this character.
Package microtype Info: Character `⁰' is missing
(microtype)             in font `TU/TeXGyrePagella(0)/m/it/10'.
(microtype)             Ignoring protrusion settings for this character.
Package microtype Info: Character `⁴' is missing
(microtype)             in font `TU/TeXGyrePagella(0)/m/it/10'.
(microtype)             Ignoring protrusion settings for this character.
Package microtype Info: Character `⁵' is missing
(microtype)             in font `TU/TeXGyrePagella(0)/m/it/10'.
(microtype)             Ignoring protrusion settings for this character.
Package microtype Info: Character `⁶' is missing
(microtype)             in font `TU/TeXGyrePagella(0)/m/it/10'.
(microtype)             Ignoring protrusion settings for this character.
Package microtype Info: Character `⁷' is missing
(microtype)             in font `TU/TeXGyrePagella(0)/m/it/10'.
(microtype)             Ignoring protrusion settings for this character.
Package microtype Info: Character `⁸' is missing
(microtype)             in font `TU/TeXGyrePagella(0)/m/it/10'.
(microtype)             Ignoring protrusion settings for this character.
Package microtype Info: Character `⁹' is missing
(microtype)             in font `TU/TeXGyrePagella(0)/m/it/10'.
(microtype)             Ignoring protrusion settings for this character.
Package microtype Info: Character `₀' is missing
(microtype)             in font `TU/TeXGyrePagella(0)/m/it/10'.
(microtype)             Ignoring protrusion settings for this character.
Package microtype Info: Character `₁' is missing
(microtype)             in font `TU/TeXGyrePagella(0)/m/it/10'.
(microtype)             Ignoring protrusion settings for this character.
Package microtype Info: Character `₂' is missing
(microtype)             in font `TU/TeXGyrePagella(0)/m/it/10'.
(microtype)             Ignoring protrusion settings for this character.
Package microtype Info: Character `₃' is missing
(microtype)             in font `TU/TeXGyrePagella(0)/m/it/10'.
(microtype)             Ignoring protrusion settings for this character.
Package microtype Info: Character `₄' is missing
(microtype)             in font `TU/TeXGyrePagella(0)/m/it/10'.
(microtype)             Ignoring protrusion settings for this character.
Package microtype Info: Character `₅' is missing
(microtype)             in font `TU/TeXGyrePagella(0)/m/it/10'.
(microtype)             Ignoring protrusion settings for this character.
Package microtype Info: Character `₆' is missing
(microtype)             in font `TU/TeXGyrePagella(0)/m/it/10'.
(microtype)             Ignoring protrusion settings for this character.
Package microtype Info: Character `₇' is missing
(microtype)             in font `TU/TeXGyrePagella(0)/m/it/10'.
(microtype)             Ignoring protrusion settings for this character.
Package microtype Info: Character `₈' is missing
(microtype)             in font `TU/TeXGyrePagella(0)/m/it/10'.
(microtype)             Ignoring protrusion settings for this character.
Package microtype Info: Character `₉' is missing
(microtype)             in font `TU/TeXGyrePagella(0)/m/it/10'.
(microtype)             Ignoring protrusion settings for this character.
Package microtype Info: Character `₊' is missing
(microtype)             in font `TU/TeXGyrePagella(0)/m/it/10'.
(microtype)             Ignoring protrusion settings for this character.
Package microtype Info: Character `₋' is missing
(microtype)             in font `TU/TeXGyrePagella(0)/m/it/10'.
(microtype)             Ignoring protrusion settings for this character.
Package microtype Info: Character `⁺' is missing
(microtype)             in font `TU/TeXGyrePagella(0)/m/it/10'.
(microtype)             Ignoring protrusion settings for this character.
Package microtype Info: Character `⁻' is missing
(microtype)             in font `TU/TeXGyrePagella(0)/m/it/10'.
(microtype)             Ignoring protrusion settings for this character.
Package marginnote Info: Margin note 19.1 is on absolute page 19 on input line 
13.
Package marginnote Info: xpos seems to be 85.35826pt on input line 13.
Package microtype Info: Character `ﬆ' is missing
(microtype)             in font `TU/TeXGyrePagella(0)/b/n/17.28'.
(microtype)             Ignoring protrusion settings for this character.
Package microtype Info: Character `ﬅ' is missing
(microtype)             in font `TU/TeXGyrePagella(0)/b/n/17.28'.
(microtype)             Ignoring protrusion settings for this character.
Package microtype Info: Character `‥' is missing
(microtype)             in font `TU/TeXGyrePagella(0)/b/n/17.28'.
(microtype)             Ignoring protrusion settings for this character.
Package microtype Info: Character `‼' is missing
(microtype)             in font `TU/TeXGyrePagella(0)/b/n/17.28'.
(microtype)             Ignoring protrusion settings for this character.
Package microtype Info: Character `⁰' is missing
(microtype)             in font `TU/TeXGyrePagella(0)/b/n/17.28'.
(microtype)             Ignoring protrusion settings for this character.
Package microtype Info: Character `⁴' is missing
(microtype)             in font `TU/TeXGyrePagella(0)/b/n/17.28'.
(microtype)             Ignoring protrusion settings for this character.
Package microtype Info: Character `⁵' is missing
(microtype)             in font `TU/TeXGyrePagella(0)/b/n/17.28'.
(microtype)             Ignoring protrusion settings for this character.
Package microtype Info: Character `⁶' is missing
(microtype)             in font `TU/TeXGyrePagella(0)/b/n/17.28'.
(microtype)             Ignoring protrusion settings for this character.
Package microtype Info: Character `⁷' is missing
(microtype)             in font `TU/TeXGyrePagella(0)/b/n/17.28'.
(microtype)             Ignoring protrusion settings for this character.
Package microtype Info: Character `⁸' is missing
(microtype)             in font `TU/TeXGyrePagella(0)/b/n/17.28'.
(microtype)             Ignoring protrusion settings for this character.
Package microtype Info: Character `⁹' is missing
(microtype)             in font `TU/TeXGyrePagella(0)/b/n/17.28'.
(microtype)             Ignoring protrusion settings for this character.
Package microtype Info: Character `₀' is missing
(microtype)             in font `TU/TeXGyrePagella(0)/b/n/17.28'.
(microtype)             Ignoring protrusion settings for this character.
Package microtype Info: Character `₁' is missing
(microtype)             in font `TU/TeXGyrePagella(0)/b/n/17.28'.
(microtype)             Ignoring protrusion settings for this character.
Package microtype Info: Character `₂' is missing
(microtype)             in font `TU/TeXGyrePagella(0)/b/n/17.28'.
(microtype)             Ignoring protrusion settings for this character.
Package microtype Info: Character `₃' is missing
(microtype)             in font `TU/TeXGyrePagella(0)/b/n/17.28'.
(microtype)             Ignoring protrusion settings for this character.
Package microtype Info: Character `₄' is missing
(microtype)             in font `TU/TeXGyrePagella(0)/b/n/17.28'.
(microtype)             Ignoring protrusion settings for this character.
Package microtype Info: Character `₅' is missing
(microtype)             in font `TU/TeXGyrePagella(0)/b/n/17.28'.
(microtype)             Ignoring protrusion settings for this character.
Package microtype Info: Character `₆' is missing
(microtype)             in font `TU/TeXGyrePagella(0)/b/n/17.28'.
(microtype)             Ignoring protrusion settings for this character.
Package microtype Info: Character `₇' is missing
(microtype)             in font `TU/TeXGyrePagella(0)/b/n/17.28'.
(microtype)             Ignoring protrusion settings for this character.
Package microtype Info: Character `₈' is missing
(microtype)             in font `TU/TeXGyrePagella(0)/b/n/17.28'.
(microtype)             Ignoring protrusion settings for this character.
Package microtype Info: Character `₉' is missing
(microtype)             in font `TU/TeXGyrePagella(0)/b/n/17.28'.
(microtype)             Ignoring protrusion settings for this character.
Package microtype Info: Character `₊' is missing
(microtype)             in font `TU/TeXGyrePagella(0)/b/n/17.28'.
(microtype)             Ignoring protrusion settings for this character.
Package microtype Info: Character `₋' is missing
(microtype)             in font `TU/TeXGyrePagella(0)/b/n/17.28'.
(microtype)             Ignoring protrusion settings for this character.
Package microtype Info: Character `⁺' is missing
(microtype)             in font `TU/TeXGyrePagella(0)/b/n/17.28'.
(microtype)             Ignoring protrusion settings for this character.
Package microtype Info: Character `⁻' is missing
(microtype)             in font `TU/TeXGyrePagella(0)/b/n/17.28'.
(microtype)             Ignoring protrusion settings for this character.
LaTeX Font Info:    Font shape `TU/TeXGyreHeros(0)/b/n' will be
(Font)              scaled to size 10.42218pt on input line 26.
Package microtype Info: Loading generic protrusion settings for font family
(microtype)             `TeXGyreHeros' (encoding: TU).
(microtype)             For optimal results, create family-specific settings.
(microtype)             See the microtype manual for details.

Underfull \vbox (badness 10000) has occurred while \output is active []

 [3

]

Package fancyhdr Warning: \headheight is too small (24.0pt): 
(fancyhdr)                Make it at least 24.01996pt, for example:
(fancyhdr)                \setlength{\headheight}{24.01996pt}.
(fancyhdr)                You might also make \topmargin smaller to compensate:

(fancyhdr)                \addtolength{\topmargin}{-0.01996pt}.

[4]
Package marginnote Info: Margin note 21.1 is on absolute page 21 on input line 
110.
Package marginnote Info: xpos seems to be 85.35826pt on input line 110.
Package microtype Info: Character `‥' is missing
(microtype)             in font `TU/TeXGyrePagella(0)/b/it/10'.
(microtype)             Ignoring protrusion settings for this character.
Package microtype Info: Character `⁰' is missing
(microtype)             in font `TU/TeXGyrePagella(0)/b/it/10'.
(microtype)             Ignoring protrusion settings for this character.
Package microtype Info: Character `⁴' is missing
(microtype)             in font `TU/TeXGyrePagella(0)/b/it/10'.
(microtype)             Ignoring protrusion settings for this character.
Package microtype Info: Character `⁵' is missing
(microtype)             in font `TU/TeXGyrePagella(0)/b/it/10'.
(microtype)             Ignoring protrusion settings for this character.
Package microtype Info: Character `⁶' is missing
(microtype)             in font `TU/TeXGyrePagella(0)/b/it/10'.
(microtype)             Ignoring protrusion settings for this character.
Package microtype Info: Character `⁷' is missing
(microtype)             in font `TU/TeXGyrePagella(0)/b/it/10'.
(microtype)             Ignoring protrusion settings for this character.
Package microtype Info: Character `⁸' is missing
(microtype)             in font `TU/TeXGyrePagella(0)/b/it/10'.
(microtype)             Ignoring protrusion settings for this character.
Package microtype Info: Character `⁹' is missing
(microtype)             in font `TU/TeXGyrePagella(0)/b/it/10'.
(microtype)             Ignoring protrusion settings for this character.
Package microtype Info: Character `₀' is missing
(microtype)             in font `TU/TeXGyrePagella(0)/b/it/10'.
(microtype)             Ignoring protrusion settings for this character.
Package microtype Info: Character `₁' is missing
(microtype)             in font `TU/TeXGyrePagella(0)/b/it/10'.
(microtype)             Ignoring protrusion settings for this character.
Package microtype Info: Character `₂' is missing
(microtype)             in font `TU/TeXGyrePagella(0)/b/it/10'.
(microtype)             Ignoring protrusion settings for this character.
Package microtype Info: Character `₃' is missing
(microtype)             in font `TU/TeXGyrePagella(0)/b/it/10'.
(microtype)             Ignoring protrusion settings for this character.
Package microtype Info: Character `₄' is missing
(microtype)             in font `TU/TeXGyrePagella(0)/b/it/10'.
(microtype)             Ignoring protrusion settings for this character.
Package microtype Info: Character `₅' is missing
(microtype)             in font `TU/TeXGyrePagella(0)/b/it/10'.
(microtype)             Ignoring protrusion settings for this character.
Package microtype Info: Character `₆' is missing
(microtype)             in font `TU/TeXGyrePagella(0)/b/it/10'.
(microtype)             Ignoring protrusion settings for this character.
Package microtype Info: Character `₇' is missing
(microtype)             in font `TU/TeXGyrePagella(0)/b/it/10'.
(microtype)             Ignoring protrusion settings for this character.
Package microtype Info: Character `₈' is missing
(microtype)             in font `TU/TeXGyrePagella(0)/b/it/10'.
(microtype)             Ignoring protrusion settings for this character.
Package microtype Info: Character `₉' is missing
(microtype)             in font `TU/TeXGyrePagella(0)/b/it/10'.
(microtype)             Ignoring protrusion settings for this character.
Package microtype Info: Character `₊' is missing
(microtype)             in font `TU/TeXGyrePagella(0)/b/it/10'.
(microtype)             Ignoring protrusion settings for this character.
Package microtype Info: Character `₋' is missing
(microtype)             in font `TU/TeXGyrePagella(0)/b/it/10'.
(microtype)             Ignoring protrusion settings for this character.
Package microtype Info: Character `⁺' is missing
(microtype)             in font `TU/TeXGyrePagella(0)/b/it/10'.
(microtype)             Ignoring protrusion settings for this character.
Package microtype Info: Character `⁻' is missing
(microtype)             in font `TU/TeXGyrePagella(0)/b/it/10'.
(microtype)             Ignoring protrusion settings for this character.
Package microtype Info: Character `ﬆ' is missing
(microtype)             in font `TU/TeXGyrePagella(1)/m/n/10'.
(microtype)             Ignoring protrusion settings for this character.
Package microtype Info: Character `ﬅ' is missing
(microtype)             in font `TU/TeXGyrePagella(1)/m/n/10'.
(microtype)             Ignoring protrusion settings for this character.
Package microtype Info: Character `‥' is missing
(microtype)             in font `TU/TeXGyrePagella(1)/m/n/10'.
(microtype)             Ignoring protrusion settings for this character.
Package microtype Info: Character `‼' is missing
(microtype)             in font `TU/TeXGyrePagella(1)/m/n/10'.
(microtype)             Ignoring protrusion settings for this character.
Package microtype Info: Character `⁰' is missing
(microtype)             in font `TU/TeXGyrePagella(1)/m/n/10'.
(microtype)             Ignoring protrusion settings for this character.
Package microtype Info: Character `⁴' is missing
(microtype)             in font `TU/TeXGyrePagella(1)/m/n/10'.
(microtype)             Ignoring protrusion settings for this character.
Package microtype Info: Character `⁵' is missing
(microtype)             in font `TU/TeXGyrePagella(1)/m/n/10'.
(microtype)             Ignoring protrusion settings for this character.
Package microtype Info: Character `⁶' is missing
(microtype)             in font `TU/TeXGyrePagella(1)/m/n/10'.
(microtype)             Ignoring protrusion settings for this character.
Package microtype Info: Character `⁷' is missing
(microtype)             in font `TU/TeXGyrePagella(1)/m/n/10'.
(microtype)             Ignoring protrusion settings for this character.
Package microtype Info: Character `⁸' is missing
(microtype)             in font `TU/TeXGyrePagella(1)/m/n/10'.
(microtype)             Ignoring protrusion settings for this character.
Package microtype Info: Character `⁹' is missing
(microtype)             in font `TU/TeXGyrePagella(1)/m/n/10'.
(microtype)             Ignoring protrusion settings for this character.
Package microtype Info: Character `₀' is missing
(microtype)             in font `TU/TeXGyrePagella(1)/m/n/10'.
(microtype)             Ignoring protrusion settings for this character.
Package microtype Info: Character `₁' is missing
(microtype)             in font `TU/TeXGyrePagella(1)/m/n/10'.
(microtype)             Ignoring protrusion settings for this character.
Package microtype Info: Character `₂' is missing
(microtype)             in font `TU/TeXGyrePagella(1)/m/n/10'.
(microtype)             Ignoring protrusion settings for this character.
Package microtype Info: Character `₃' is missing
(microtype)             in font `TU/TeXGyrePagella(1)/m/n/10'.
(microtype)             Ignoring protrusion settings for this character.
Package microtype Info: Character `₄' is missing
(microtype)             in font `TU/TeXGyrePagella(1)/m/n/10'.
(microtype)             Ignoring protrusion settings for this character.
Package microtype Info: Character `₅' is missing
(microtype)             in font `TU/TeXGyrePagella(1)/m/n/10'.
(microtype)             Ignoring protrusion settings for this character.
Package microtype Info: Character `₆' is missing
(microtype)             in font `TU/TeXGyrePagella(1)/m/n/10'.
(microtype)             Ignoring protrusion settings for this character.
Package microtype Info: Character `₇' is missing
(microtype)             in font `TU/TeXGyrePagella(1)/m/n/10'.
(microtype)             Ignoring protrusion settings for this character.
Package microtype Info: Character `₈' is missing
(microtype)             in font `TU/TeXGyrePagella(1)/m/n/10'.
(microtype)             Ignoring protrusion settings for this character.
Package microtype Info: Character `₉' is missing
(microtype)             in font `TU/TeXGyrePagella(1)/m/n/10'.
(microtype)             Ignoring protrusion settings for this character.
Package microtype Info: Character `₊' is missing
(microtype)             in font `TU/TeXGyrePagella(1)/m/n/10'.
(microtype)             Ignoring protrusion settings for this character.
Package microtype Info: Character `₋' is missing
(microtype)             in font `TU/TeXGyrePagella(1)/m/n/10'.
(microtype)             Ignoring protrusion settings for this character.
Package microtype Info: Character `⁺' is missing
(microtype)             in font `TU/TeXGyrePagella(1)/m/n/10'.
(microtype)             Ignoring protrusion settings for this character.
Package microtype Info: Character `⁻' is missing
(microtype)             in font `TU/TeXGyrePagella(1)/m/n/10'.
(microtype)             Ignoring protrusion settings for this character.
Package microtype Info: Character `ﬆ' is missing
(microtype)             in font `TU/TeXGyrePagella(1)/m/n/7'.
(microtype)             Ignoring protrusion settings for this character.
Package microtype Info: Character `ﬅ' is missing
(microtype)             in font `TU/TeXGyrePagella(1)/m/n/7'.
(microtype)             Ignoring protrusion settings for this character.
Package microtype Info: Character `‥' is missing
(microtype)             in font `TU/TeXGyrePagella(1)/m/n/7'.
(microtype)             Ignoring protrusion settings for this character.
Package microtype Info: Character `‼' is missing
(microtype)             in font `TU/TeXGyrePagella(1)/m/n/7'.
(microtype)             Ignoring protrusion settings for this character.
Package microtype Info: Character `⁰' is missing
(microtype)             in font `TU/TeXGyrePagella(1)/m/n/7'.
(microtype)             Ignoring protrusion settings for this character.
Package microtype Info: Character `⁴' is missing
(microtype)             in font `TU/TeXGyrePagella(1)/m/n/7'.
(microtype)             Ignoring protrusion settings for this character.
Package microtype Info: Character `⁵' is missing
(microtype)             in font `TU/TeXGyrePagella(1)/m/n/7'.
(microtype)             Ignoring protrusion settings for this character.
Package microtype Info: Character `⁶' is missing
(microtype)             in font `TU/TeXGyrePagella(1)/m/n/7'.
(microtype)             Ignoring protrusion settings for this character.
Package microtype Info: Character `⁷' is missing
(microtype)             in font `TU/TeXGyrePagella(1)/m/n/7'.
(microtype)             Ignoring protrusion settings for this character.
Package microtype Info: Character `⁸' is missing
(microtype)             in font `TU/TeXGyrePagella(1)/m/n/7'.
(microtype)             Ignoring protrusion settings for this character.
Package microtype Info: Character `⁹' is missing
(microtype)             in font `TU/TeXGyrePagella(1)/m/n/7'.
(microtype)             Ignoring protrusion settings for this character.
Package microtype Info: Character `₀' is missing
(microtype)             in font `TU/TeXGyrePagella(1)/m/n/7'.
(microtype)             Ignoring protrusion settings for this character.
Package microtype Info: Character `₁' is missing
(microtype)             in font `TU/TeXGyrePagella(1)/m/n/7'.
(microtype)             Ignoring protrusion settings for this character.
Package microtype Info: Character `₂' is missing
(microtype)             in font `TU/TeXGyrePagella(1)/m/n/7'.
(microtype)             Ignoring protrusion settings for this character.
Package microtype Info: Character `₃' is missing
(microtype)             in font `TU/TeXGyrePagella(1)/m/n/7'.
(microtype)             Ignoring protrusion settings for this character.
Package microtype Info: Character `₄' is missing
(microtype)             in font `TU/TeXGyrePagella(1)/m/n/7'.
(microtype)             Ignoring protrusion settings for this character.
Package microtype Info: Character `₅' is missing
(microtype)             in font `TU/TeXGyrePagella(1)/m/n/7'.
(microtype)             Ignoring protrusion settings for this character.
Package microtype Info: Character `₆' is missing
(microtype)             in font `TU/TeXGyrePagella(1)/m/n/7'.
(microtype)             Ignoring protrusion settings for this character.
Package microtype Info: Character `₇' is missing
(microtype)             in font `TU/TeXGyrePagella(1)/m/n/7'.
(microtype)             Ignoring protrusion settings for this character.
Package microtype Info: Character `₈' is missing
(microtype)             in font `TU/TeXGyrePagella(1)/m/n/7'.
(microtype)             Ignoring protrusion settings for this character.
Package microtype Info: Character `₉' is missing
(microtype)             in font `TU/TeXGyrePagella(1)/m/n/7'.
(microtype)             Ignoring protrusion settings for this character.
Package microtype Info: Character `₊' is missing
(microtype)             in font `TU/TeXGyrePagella(1)/m/n/7'.
(microtype)             Ignoring protrusion settings for this character.
Package microtype Info: Character `₋' is missing
(microtype)             in font `TU/TeXGyrePagella(1)/m/n/7'.
(microtype)             Ignoring protrusion settings for this character.
Package microtype Info: Character `⁺' is missing
(microtype)             in font `TU/TeXGyrePagella(1)/m/n/7'.
(microtype)             Ignoring protrusion settings for this character.
Package microtype Info: Character `⁻' is missing
(microtype)             in font `TU/TeXGyrePagella(1)/m/n/7'.
(microtype)             Ignoring protrusion settings for this character.
Package microtype Info: Character `ﬆ' is missing
(microtype)             in font `TU/TeXGyrePagella(1)/m/n/5'.
(microtype)             Ignoring protrusion settings for this character.
Package microtype Info: Character `ﬅ' is missing
(microtype)             in font `TU/TeXGyrePagella(1)/m/n/5'.
(microtype)             Ignoring protrusion settings for this character.
Package microtype Info: Character `‥' is missing
(microtype)             in font `TU/TeXGyrePagella(1)/m/n/5'.
(microtype)             Ignoring protrusion settings for this character.
Package microtype Info: Character `‼' is missing
(microtype)             in font `TU/TeXGyrePagella(1)/m/n/5'.
(microtype)             Ignoring protrusion settings for this character.
Package microtype Info: Character `⁰' is missing
(microtype)             in font `TU/TeXGyrePagella(1)/m/n/5'.
(microtype)             Ignoring protrusion settings for this character.
Package microtype Info: Character `⁴' is missing
(microtype)             in font `TU/TeXGyrePagella(1)/m/n/5'.
(microtype)             Ignoring protrusion settings for this character.
Package microtype Info: Character `⁵' is missing
(microtype)             in font `TU/TeXGyrePagella(1)/m/n/5'.
(microtype)             Ignoring protrusion settings for this character.
Package microtype Info: Character `⁶' is missing
(microtype)             in font `TU/TeXGyrePagella(1)/m/n/5'.
(microtype)             Ignoring protrusion settings for this character.
Package microtype Info: Character `⁷' is missing
(microtype)             in font `TU/TeXGyrePagella(1)/m/n/5'.
(microtype)             Ignoring protrusion settings for this character.
Package microtype Info: Character `⁸' is missing
(microtype)             in font `TU/TeXGyrePagella(1)/m/n/5'.
(microtype)             Ignoring protrusion settings for this character.
Package microtype Info: Character `⁹' is missing
(microtype)             in font `TU/TeXGyrePagella(1)/m/n/5'.
(microtype)             Ignoring protrusion settings for this character.
Package microtype Info: Character `₀' is missing
(microtype)             in font `TU/TeXGyrePagella(1)/m/n/5'.
(microtype)             Ignoring protrusion settings for this character.
Package microtype Info: Character `₁' is missing
(microtype)             in font `TU/TeXGyrePagella(1)/m/n/5'.
(microtype)             Ignoring protrusion settings for this character.
Package microtype Info: Character `₂' is missing
(microtype)             in font `TU/TeXGyrePagella(1)/m/n/5'.
(microtype)             Ignoring protrusion settings for this character.
Package microtype Info: Character `₃' is missing
(microtype)             in font `TU/TeXGyrePagella(1)/m/n/5'.
(microtype)             Ignoring protrusion settings for this character.
Package microtype Info: Character `₄' is missing
(microtype)             in font `TU/TeXGyrePagella(1)/m/n/5'.
(microtype)             Ignoring protrusion settings for this character.
Package microtype Info: Character `₅' is missing
(microtype)             in font `TU/TeXGyrePagella(1)/m/n/5'.
(microtype)             Ignoring protrusion settings for this character.
Package microtype Info: Character `₆' is missing
(microtype)             in font `TU/TeXGyrePagella(1)/m/n/5'.
(microtype)             Ignoring protrusion settings for this character.
Package microtype Info: Character `₇' is missing
(microtype)             in font `TU/TeXGyrePagella(1)/m/n/5'.
(microtype)             Ignoring protrusion settings for this character.
Package microtype Info: Character `₈' is missing
(microtype)             in font `TU/TeXGyrePagella(1)/m/n/5'.
(microtype)             Ignoring protrusion settings for this character.
Package microtype Info: Character `₉' is missing
(microtype)             in font `TU/TeXGyrePagella(1)/m/n/5'.
(microtype)             Ignoring protrusion settings for this character.
Package microtype Info: Character `₊' is missing
(microtype)             in font `TU/TeXGyrePagella(1)/m/n/5'.
(microtype)             Ignoring protrusion settings for this character.
Package microtype Info: Character `₋' is missing
(microtype)             in font `TU/TeXGyrePagella(1)/m/n/5'.
(microtype)             Ignoring protrusion settings for this character.
Package microtype Info: Character `⁺' is missing
(microtype)             in font `TU/TeXGyrePagella(1)/m/n/5'.
(microtype)             Ignoring protrusion settings for this character.
Package microtype Info: Character `⁻' is missing
(microtype)             in font `TU/TeXGyrePagella(1)/m/n/5'.
(microtype)             Ignoring protrusion settings for this character.
Package microtype Info: Character `ﬆ' is missing
(microtype)             in font `TU/TeXGyrePagella(1)/b/n/7'.
(microtype)             Ignoring protrusion settings for this character.
Package microtype Info: Character `ﬅ' is missing
(microtype)             in font `TU/TeXGyrePagella(1)/b/n/7'.
(microtype)             Ignoring protrusion settings for this character.
Package microtype Info: Character `‥' is missing
(microtype)             in font `TU/TeXGyrePagella(1)/b/n/7'.
(microtype)             Ignoring protrusion settings for this character.
Package microtype Info: Character `‼' is missing
(microtype)             in font `TU/TeXGyrePagella(1)/b/n/7'.
(microtype)             Ignoring protrusion settings for this character.
Package microtype Info: Character `⁰' is missing
(microtype)             in font `TU/TeXGyrePagella(1)/b/n/7'.
(microtype)             Ignoring protrusion settings for this character.
Package microtype Info: Character `⁴' is missing
(microtype)             in font `TU/TeXGyrePagella(1)/b/n/7'.
(microtype)             Ignoring protrusion settings for this character.
Package microtype Info: Character `⁵' is missing
(microtype)             in font `TU/TeXGyrePagella(1)/b/n/7'.
(microtype)             Ignoring protrusion settings for this character.
Package microtype Info: Character `⁶' is missing
(microtype)             in font `TU/TeXGyrePagella(1)/b/n/7'.
(microtype)             Ignoring protrusion settings for this character.
Package microtype Info: Character `⁷' is missing
(microtype)             in font `TU/TeXGyrePagella(1)/b/n/7'.
(microtype)             Ignoring protrusion settings for this character.
Package microtype Info: Character `⁸' is missing
(microtype)             in font `TU/TeXGyrePagella(1)/b/n/7'.
(microtype)             Ignoring protrusion settings for this character.
Package microtype Info: Character `⁹' is missing
(microtype)             in font `TU/TeXGyrePagella(1)/b/n/7'.
(microtype)             Ignoring protrusion settings for this character.
Package microtype Info: Character `₀' is missing
(microtype)             in font `TU/TeXGyrePagella(1)/b/n/7'.
(microtype)             Ignoring protrusion settings for this character.
Package microtype Info: Character `₁' is missing
(microtype)             in font `TU/TeXGyrePagella(1)/b/n/7'.
(microtype)             Ignoring protrusion settings for this character.
Package microtype Info: Character `₂' is missing
(microtype)             in font `TU/TeXGyrePagella(1)/b/n/7'.
(microtype)             Ignoring protrusion settings for this character.
Package microtype Info: Character `₃' is missing
(microtype)             in font `TU/TeXGyrePagella(1)/b/n/7'.
(microtype)             Ignoring protrusion settings for this character.
Package microtype Info: Character `₄' is missing
(microtype)             in font `TU/TeXGyrePagella(1)/b/n/7'.
(microtype)             Ignoring protrusion settings for this character.
Package microtype Info: Character `₅' is missing
(microtype)             in font `TU/TeXGyrePagella(1)/b/n/7'.
(microtype)             Ignoring protrusion settings for this character.
Package microtype Info: Character `₆' is missing
(microtype)             in font `TU/TeXGyrePagella(1)/b/n/7'.
(microtype)             Ignoring protrusion settings for this character.
Package microtype Info: Character `₇' is missing
(microtype)             in font `TU/TeXGyrePagella(1)/b/n/7'.
(microtype)             Ignoring protrusion settings for this character.
Package microtype Info: Character `₈' is missing
(microtype)             in font `TU/TeXGyrePagella(1)/b/n/7'.
(microtype)             Ignoring protrusion settings for this character.
Package microtype Info: Character `₉' is missing
(microtype)             in font `TU/TeXGyrePagella(1)/b/n/7'.
(microtype)             Ignoring protrusion settings for this character.
Package microtype Info: Character `₊' is missing
(microtype)             in font `TU/TeXGyrePagella(1)/b/n/7'.
(microtype)             Ignoring protrusion settings for this character.
Package microtype Info: Character `₋' is missing
(microtype)             in font `TU/TeXGyrePagella(1)/b/n/7'.
(microtype)             Ignoring protrusion settings for this character.
Package microtype Info: Character `⁺' is missing
(microtype)             in font `TU/TeXGyrePagella(1)/b/n/7'.
(microtype)             Ignoring protrusion settings for this character.
Package microtype Info: Character `⁻' is missing
(microtype)             in font `TU/TeXGyrePagella(1)/b/n/7'.
(microtype)             Ignoring protrusion settings for this character.
Package microtype Info: Character `ﬆ' is missing
(microtype)             in font `TU/TeXGyrePagella(1)/b/n/5'.
(microtype)             Ignoring protrusion settings for this character.
Package microtype Info: Character `ﬅ' is missing
(microtype)             in font `TU/TeXGyrePagella(1)/b/n/5'.
(microtype)             Ignoring protrusion settings for this character.
Package microtype Info: Character `‥' is missing
(microtype)             in font `TU/TeXGyrePagella(1)/b/n/5'.
(microtype)             Ignoring protrusion settings for this character.
Package microtype Info: Character `‼' is missing
(microtype)             in font `TU/TeXGyrePagella(1)/b/n/5'.
(microtype)             Ignoring protrusion settings for this character.
Package microtype Info: Character `⁰' is missing
(microtype)             in font `TU/TeXGyrePagella(1)/b/n/5'.
(microtype)             Ignoring protrusion settings for this character.
Package microtype Info: Character `⁴' is missing
(microtype)             in font `TU/TeXGyrePagella(1)/b/n/5'.
(microtype)             Ignoring protrusion settings for this character.
Package microtype Info: Character `⁵' is missing
(microtype)             in font `TU/TeXGyrePagella(1)/b/n/5'.
(microtype)             Ignoring protrusion settings for this character.
Package microtype Info: Character `⁶' is missing
(microtype)             in font `TU/TeXGyrePagella(1)/b/n/5'.
(microtype)             Ignoring protrusion settings for this character.
Package microtype Info: Character `⁷' is missing
(microtype)             in font `TU/TeXGyrePagella(1)/b/n/5'.
(microtype)             Ignoring protrusion settings for this character.
Package microtype Info: Character `⁸' is missing
(microtype)             in font `TU/TeXGyrePagella(1)/b/n/5'.
(microtype)             Ignoring protrusion settings for this character.
Package microtype Info: Character `⁹' is missing
(microtype)             in font `TU/TeXGyrePagella(1)/b/n/5'.
(microtype)             Ignoring protrusion settings for this character.
Package microtype Info: Character `₀' is missing
(microtype)             in font `TU/TeXGyrePagella(1)/b/n/5'.
(microtype)             Ignoring protrusion settings for this character.
Package microtype Info: Character `₁' is missing
(microtype)             in font `TU/TeXGyrePagella(1)/b/n/5'.
(microtype)             Ignoring protrusion settings for this character.
Package microtype Info: Character `₂' is missing
(microtype)             in font `TU/TeXGyrePagella(1)/b/n/5'.
(microtype)             Ignoring protrusion settings for this character.
Package microtype Info: Character `₃' is missing
(microtype)             in font `TU/TeXGyrePagella(1)/b/n/5'.
(microtype)             Ignoring protrusion settings for this character.
Package microtype Info: Character `₄' is missing
(microtype)             in font `TU/TeXGyrePagella(1)/b/n/5'.
(microtype)             Ignoring protrusion settings for this character.
Package microtype Info: Character `₅' is missing
(microtype)             in font `TU/TeXGyrePagella(1)/b/n/5'.
(microtype)             Ignoring protrusion settings for this character.
Package microtype Info: Character `₆' is missing
(microtype)             in font `TU/TeXGyrePagella(1)/b/n/5'.
(microtype)             Ignoring protrusion settings for this character.
Package microtype Info: Character `₇' is missing
(microtype)             in font `TU/TeXGyrePagella(1)/b/n/5'.
(microtype)             Ignoring protrusion settings for this character.
Package microtype Info: Character `₈' is missing
(microtype)             in font `TU/TeXGyrePagella(1)/b/n/5'.
(microtype)             Ignoring protrusion settings for this character.
Package microtype Info: Character `₉' is missing
(microtype)             in font `TU/TeXGyrePagella(1)/b/n/5'.
(microtype)             Ignoring protrusion settings for this character.
Package microtype Info: Character `₊' is missing
(microtype)             in font `TU/TeXGyrePagella(1)/b/n/5'.
(microtype)             Ignoring protrusion settings for this character.
Package microtype Info: Character `₋' is missing
(microtype)             in font `TU/TeXGyrePagella(1)/b/n/5'.
(microtype)             Ignoring protrusion settings for this character.
Package microtype Info: Character `⁺' is missing
(microtype)             in font `TU/TeXGyrePagella(1)/b/n/5'.
(microtype)             Ignoring protrusion settings for this character.
Package microtype Info: Character `⁻' is missing
(microtype)             in font `TU/TeXGyrePagella(1)/b/n/5'.
(microtype)             Ignoring protrusion settings for this character.
Package microtype Info: Character `ﬆ' is missing
(microtype)             in font `TU/TeXGyrePagella(0)/m/n/8.4'.
(microtype)             Ignoring protrusion settings for this character.
Package microtype Info: Character `ﬅ' is missing
(microtype)             in font `TU/TeXGyrePagella(0)/m/n/8.4'.
(microtype)             Ignoring protrusion settings for this character.
Package microtype Info: Character `‥' is missing
(microtype)             in font `TU/TeXGyrePagella(0)/m/n/8.4'.
(microtype)             Ignoring protrusion settings for this character.
Package microtype Info: Character `‼' is missing
(microtype)             in font `TU/TeXGyrePagella(0)/m/n/8.4'.
(microtype)             Ignoring protrusion settings for this character.
Package microtype Info: Character `⁰' is missing
(microtype)             in font `TU/TeXGyrePagella(0)/m/n/8.4'.
(microtype)             Ignoring protrusion settings for this character.
Package microtype Info: Character `⁴' is missing
(microtype)             in font `TU/TeXGyrePagella(0)/m/n/8.4'.
(microtype)             Ignoring protrusion settings for this character.
Package microtype Info: Character `⁵' is missing
(microtype)             in font `TU/TeXGyrePagella(0)/m/n/8.4'.
(microtype)             Ignoring protrusion settings for this character.
Package microtype Info: Character `⁶' is missing
(microtype)             in font `TU/TeXGyrePagella(0)/m/n/8.4'.
(microtype)             Ignoring protrusion settings for this character.
Package microtype Info: Character `⁷' is missing
(microtype)             in font `TU/TeXGyrePagella(0)/m/n/8.4'.
(microtype)             Ignoring protrusion settings for this character.
Package microtype Info: Character `⁸' is missing
(microtype)             in font `TU/TeXGyrePagella(0)/m/n/8.4'.
(microtype)             Ignoring protrusion settings for this character.
Package microtype Info: Character `⁹' is missing
(microtype)             in font `TU/TeXGyrePagella(0)/m/n/8.4'.
(microtype)             Ignoring protrusion settings for this character.
Package microtype Info: Character `₀' is missing
(microtype)             in font `TU/TeXGyrePagella(0)/m/n/8.4'.
(microtype)             Ignoring protrusion settings for this character.
Package microtype Info: Character `₁' is missing
(microtype)             in font `TU/TeXGyrePagella(0)/m/n/8.4'.
(microtype)             Ignoring protrusion settings for this character.
Package microtype Info: Character `₂' is missing
(microtype)             in font `TU/TeXGyrePagella(0)/m/n/8.4'.
(microtype)             Ignoring protrusion settings for this character.
Package microtype Info: Character `₃' is missing
(microtype)             in font `TU/TeXGyrePagella(0)/m/n/8.4'.
(microtype)             Ignoring protrusion settings for this character.
Package microtype Info: Character `₄' is missing
(microtype)             in font `TU/TeXGyrePagella(0)/m/n/8.4'.
(microtype)             Ignoring protrusion settings for this character.
Package microtype Info: Character `₅' is missing
(microtype)             in font `TU/TeXGyrePagella(0)/m/n/8.4'.
(microtype)             Ignoring protrusion settings for this character.
Package microtype Info: Character `₆' is missing
(microtype)             in font `TU/TeXGyrePagella(0)/m/n/8.4'.
(microtype)             Ignoring protrusion settings for this character.
Package microtype Info: Character `₇' is missing
(microtype)             in font `TU/TeXGyrePagella(0)/m/n/8.4'.
(microtype)             Ignoring protrusion settings for this character.
Package microtype Info: Character `₈' is missing
(microtype)             in font `TU/TeXGyrePagella(0)/m/n/8.4'.
(microtype)             Ignoring protrusion settings for this character.
Package microtype Info: Character `₉' is missing
(microtype)             in font `TU/TeXGyrePagella(0)/m/n/8.4'.
(microtype)             Ignoring protrusion settings for this character.
Package microtype Info: Character `₊' is missing
(microtype)             in font `TU/TeXGyrePagella(0)/m/n/8.4'.
(microtype)             Ignoring protrusion settings for this character.
Package microtype Info: Character `₋' is missing
(microtype)             in font `TU/TeXGyrePagella(0)/m/n/8.4'.
(microtype)             Ignoring protrusion settings for this character.
Package microtype Info: Character `⁺' is missing
(microtype)             in font `TU/TeXGyrePagella(0)/m/n/8.4'.
(microtype)             Ignoring protrusion settings for this character.
Package microtype Info: Character `⁻' is missing
(microtype)             in font `TU/TeXGyrePagella(0)/m/n/8.4'.
(microtype)             Ignoring protrusion settings for this character.
Package microtype Info: Character `ﬆ' is missing
(microtype)             in font `TU/TeXGyrePagella(0)/m/n/6'.
(microtype)             Ignoring protrusion settings for this character.
Package microtype Info: Character `ﬅ' is missing
(microtype)             in font `TU/TeXGyrePagella(0)/m/n/6'.
(microtype)             Ignoring protrusion settings for this character.
Package microtype Info: Character `‥' is missing
(microtype)             in font `TU/TeXGyrePagella(0)/m/n/6'.
(microtype)             Ignoring protrusion settings for this character.
Package microtype Info: Character `‼' is missing
(microtype)             in font `TU/TeXGyrePagella(0)/m/n/6'.
(microtype)             Ignoring protrusion settings for this character.
Package microtype Info: Character `⁰' is missing
(microtype)             in font `TU/TeXGyrePagella(0)/m/n/6'.
(microtype)             Ignoring protrusion settings for this character.
Package microtype Info: Character `⁴' is missing
(microtype)             in font `TU/TeXGyrePagella(0)/m/n/6'.
(microtype)             Ignoring protrusion settings for this character.
Package microtype Info: Character `⁵' is missing
(microtype)             in font `TU/TeXGyrePagella(0)/m/n/6'.
(microtype)             Ignoring protrusion settings for this character.
Package microtype Info: Character `⁶' is missing
(microtype)             in font `TU/TeXGyrePagella(0)/m/n/6'.
(microtype)             Ignoring protrusion settings for this character.
Package microtype Info: Character `⁷' is missing
(microtype)             in font `TU/TeXGyrePagella(0)/m/n/6'.
(microtype)             Ignoring protrusion settings for this character.
Package microtype Info: Character `⁸' is missing
(microtype)             in font `TU/TeXGyrePagella(0)/m/n/6'.
(microtype)             Ignoring protrusion settings for this character.
Package microtype Info: Character `⁹' is missing
(microtype)             in font `TU/TeXGyrePagella(0)/m/n/6'.
(microtype)             Ignoring protrusion settings for this character.
Package microtype Info: Character `₀' is missing
(microtype)             in font `TU/TeXGyrePagella(0)/m/n/6'.
(microtype)             Ignoring protrusion settings for this character.
Package microtype Info: Character `₁' is missing
(microtype)             in font `TU/TeXGyrePagella(0)/m/n/6'.
(microtype)             Ignoring protrusion settings for this character.
Package microtype Info: Character `₂' is missing
(microtype)             in font `TU/TeXGyrePagella(0)/m/n/6'.
(microtype)             Ignoring protrusion settings for this character.
Package microtype Info: Character `₃' is missing
(microtype)             in font `TU/TeXGyrePagella(0)/m/n/6'.
(microtype)             Ignoring protrusion settings for this character.
Package microtype Info: Character `₄' is missing
(microtype)             in font `TU/TeXGyrePagella(0)/m/n/6'.
(microtype)             Ignoring protrusion settings for this character.
Package microtype Info: Character `₅' is missing
(microtype)             in font `TU/TeXGyrePagella(0)/m/n/6'.
(microtype)             Ignoring protrusion settings for this character.
Package microtype Info: Character `₆' is missing
(microtype)             in font `TU/TeXGyrePagella(0)/m/n/6'.
(microtype)             Ignoring protrusion settings for this character.
Package microtype Info: Character `₇' is missing
(microtype)             in font `TU/TeXGyrePagella(0)/m/n/6'.
(microtype)             Ignoring protrusion settings for this character.
Package microtype Info: Character `₈' is missing
(microtype)             in font `TU/TeXGyrePagella(0)/m/n/6'.
(microtype)             Ignoring protrusion settings for this character.
Package microtype Info: Character `₉' is missing
(microtype)             in font `TU/TeXGyrePagella(0)/m/n/6'.
(microtype)             Ignoring protrusion settings for this character.
Package microtype Info: Character `₊' is missing
(microtype)             in font `TU/TeXGyrePagella(0)/m/n/6'.
(microtype)             Ignoring protrusion settings for this character.
Package microtype Info: Character `₋' is missing
(microtype)             in font `TU/TeXGyrePagella(0)/m/n/6'.
(microtype)             Ignoring protrusion settings for this character.
Package microtype Info: Character `⁺' is missing
(microtype)             in font `TU/TeXGyrePagella(0)/m/n/6'.
(microtype)             Ignoring protrusion settings for this character.
Package microtype Info: Character `⁻' is missing
(microtype)             in font `TU/TeXGyrePagella(0)/m/n/6'.
(microtype)             Ignoring protrusion settings for this character.
 (./diagrams/constraint-nesting-3d.tex
Package microtype Info: Character `ﬆ' is missing
(microtype)             in font `TU/TeXGyrePagella(1)/m/n/10.95'.
(microtype)             Ignoring protrusion settings for this character.
Package microtype Info: Character `ﬅ' is missing
(microtype)             in font `TU/TeXGyrePagella(1)/m/n/10.95'.
(microtype)             Ignoring protrusion settings for this character.
Package microtype Info: Character `‥' is missing
(microtype)             in font `TU/TeXGyrePagella(1)/m/n/10.95'.
(microtype)             Ignoring protrusion settings for this character.
Package microtype Info: Character `‼' is missing
(microtype)             in font `TU/TeXGyrePagella(1)/m/n/10.95'.
(microtype)             Ignoring protrusion settings for this character.
Package microtype Info: Character `⁰' is missing
(microtype)             in font `TU/TeXGyrePagella(1)/m/n/10.95'.
(microtype)             Ignoring protrusion settings for this character.
Package microtype Info: Character `⁴' is missing
(microtype)             in font `TU/TeXGyrePagella(1)/m/n/10.95'.
(microtype)             Ignoring protrusion settings for this character.
Package microtype Info: Character `⁵' is missing
(microtype)             in font `TU/TeXGyrePagella(1)/m/n/10.95'.
(microtype)             Ignoring protrusion settings for this character.
Package microtype Info: Character `⁶' is missing
(microtype)             in font `TU/TeXGyrePagella(1)/m/n/10.95'.
(microtype)             Ignoring protrusion settings for this character.
Package microtype Info: Character `⁷' is missing
(microtype)             in font `TU/TeXGyrePagella(1)/m/n/10.95'.
(microtype)             Ignoring protrusion settings for this character.
Package microtype Info: Character `⁸' is missing
(microtype)             in font `TU/TeXGyrePagella(1)/m/n/10.95'.
(microtype)             Ignoring protrusion settings for this character.
Package microtype Info: Character `⁹' is missing
(microtype)             in font `TU/TeXGyrePagella(1)/m/n/10.95'.
(microtype)             Ignoring protrusion settings for this character.
Package microtype Info: Character `₀' is missing
(microtype)             in font `TU/TeXGyrePagella(1)/m/n/10.95'.
(microtype)             Ignoring protrusion settings for this character.
Package microtype Info: Character `₁' is missing
(microtype)             in font `TU/TeXGyrePagella(1)/m/n/10.95'.
(microtype)             Ignoring protrusion settings for this character.
Package microtype Info: Character `₂' is missing
(microtype)             in font `TU/TeXGyrePagella(1)/m/n/10.95'.
(microtype)             Ignoring protrusion settings for this character.
Package microtype Info: Character `₃' is missing
(microtype)             in font `TU/TeXGyrePagella(1)/m/n/10.95'.
(microtype)             Ignoring protrusion settings for this character.
Package microtype Info: Character `₄' is missing
(microtype)             in font `TU/TeXGyrePagella(1)/m/n/10.95'.
(microtype)             Ignoring protrusion settings for this character.
Package microtype Info: Character `₅' is missing
(microtype)             in font `TU/TeXGyrePagella(1)/m/n/10.95'.
(microtype)             Ignoring protrusion settings for this character.
Package microtype Info: Character `₆' is missing
(microtype)             in font `TU/TeXGyrePagella(1)/m/n/10.95'.
(microtype)             Ignoring protrusion settings for this character.
Package microtype Info: Character `₇' is missing
(microtype)             in font `TU/TeXGyrePagella(1)/m/n/10.95'.
(microtype)             Ignoring protrusion settings for this character.
Package microtype Info: Character `₈' is missing
(microtype)             in font `TU/TeXGyrePagella(1)/m/n/10.95'.
(microtype)             Ignoring protrusion settings for this character.
Package microtype Info: Character `₉' is missing
(microtype)             in font `TU/TeXGyrePagella(1)/m/n/10.95'.
(microtype)             Ignoring protrusion settings for this character.
Package microtype Info: Character `₊' is missing
(microtype)             in font `TU/TeXGyrePagella(1)/m/n/10.95'.
(microtype)             Ignoring protrusion settings for this character.
Package microtype Info: Character `₋' is missing
(microtype)             in font `TU/TeXGyrePagella(1)/m/n/10.95'.
(microtype)             Ignoring protrusion settings for this character.
Package microtype Info: Character `⁺' is missing
(microtype)             in font `TU/TeXGyrePagella(1)/m/n/10.95'.
(microtype)             Ignoring protrusion settings for this character.
Package microtype Info: Character `⁻' is missing
(microtype)             in font `TU/TeXGyrePagella(1)/m/n/10.95'.
(microtype)             Ignoring protrusion settings for this character.
Package microtype Info: Character `ﬆ' is missing
(microtype)             in font `TU/TeXGyrePagella(1)/m/n/8'.
(microtype)             Ignoring protrusion settings for this character.
Package microtype Info: Character `ﬅ' is missing
(microtype)             in font `TU/TeXGyrePagella(1)/m/n/8'.
(microtype)             Ignoring protrusion settings for this character.
Package microtype Info: Character `‥' is missing
(microtype)             in font `TU/TeXGyrePagella(1)/m/n/8'.
(microtype)             Ignoring protrusion settings for this character.
Package microtype Info: Character `‼' is missing
(microtype)             in font `TU/TeXGyrePagella(1)/m/n/8'.
(microtype)             Ignoring protrusion settings for this character.
Package microtype Info: Character `⁰' is missing
(microtype)             in font `TU/TeXGyrePagella(1)/m/n/8'.
(microtype)             Ignoring protrusion settings for this character.
Package microtype Info: Character `⁴' is missing
(microtype)             in font `TU/TeXGyrePagella(1)/m/n/8'.
(microtype)             Ignoring protrusion settings for this character.
Package microtype Info: Character `⁵' is missing
(microtype)             in font `TU/TeXGyrePagella(1)/m/n/8'.
(microtype)             Ignoring protrusion settings for this character.
Package microtype Info: Character `⁶' is missing
(microtype)             in font `TU/TeXGyrePagella(1)/m/n/8'.
(microtype)             Ignoring protrusion settings for this character.
Package microtype Info: Character `⁷' is missing
(microtype)             in font `TU/TeXGyrePagella(1)/m/n/8'.
(microtype)             Ignoring protrusion settings for this character.
Package microtype Info: Character `⁸' is missing
(microtype)             in font `TU/TeXGyrePagella(1)/m/n/8'.
(microtype)             Ignoring protrusion settings for this character.
Package microtype Info: Character `⁹' is missing
(microtype)             in font `TU/TeXGyrePagella(1)/m/n/8'.
(microtype)             Ignoring protrusion settings for this character.
Package microtype Info: Character `₀' is missing
(microtype)             in font `TU/TeXGyrePagella(1)/m/n/8'.
(microtype)             Ignoring protrusion settings for this character.
Package microtype Info: Character `₁' is missing
(microtype)             in font `TU/TeXGyrePagella(1)/m/n/8'.
(microtype)             Ignoring protrusion settings for this character.
Package microtype Info: Character `₂' is missing
(microtype)             in font `TU/TeXGyrePagella(1)/m/n/8'.
(microtype)             Ignoring protrusion settings for this character.
Package microtype Info: Character `₃' is missing
(microtype)             in font `TU/TeXGyrePagella(1)/m/n/8'.
(microtype)             Ignoring protrusion settings for this character.
Package microtype Info: Character `₄' is missing
(microtype)             in font `TU/TeXGyrePagella(1)/m/n/8'.
(microtype)             Ignoring protrusion settings for this character.
Package microtype Info: Character `₅' is missing
(microtype)             in font `TU/TeXGyrePagella(1)/m/n/8'.
(microtype)             Ignoring protrusion settings for this character.
Package microtype Info: Character `₆' is missing
(microtype)             in font `TU/TeXGyrePagella(1)/m/n/8'.
(microtype)             Ignoring protrusion settings for this character.
Package microtype Info: Character `₇' is missing
(microtype)             in font `TU/TeXGyrePagella(1)/m/n/8'.
(microtype)             Ignoring protrusion settings for this character.
Package microtype Info: Character `₈' is missing
(microtype)             in font `TU/TeXGyrePagella(1)/m/n/8'.
(microtype)             Ignoring protrusion settings for this character.
Package microtype Info: Character `₉' is missing
(microtype)             in font `TU/TeXGyrePagella(1)/m/n/8'.
(microtype)             Ignoring protrusion settings for this character.
Package microtype Info: Character `₊' is missing
(microtype)             in font `TU/TeXGyrePagella(1)/m/n/8'.
(microtype)             Ignoring protrusion settings for this character.
Package microtype Info: Character `₋' is missing
(microtype)             in font `TU/TeXGyrePagella(1)/m/n/8'.
(microtype)             Ignoring protrusion settings for this character.
Package microtype Info: Character `⁺' is missing
(microtype)             in font `TU/TeXGyrePagella(1)/m/n/8'.
(microtype)             Ignoring protrusion settings for this character.
Package microtype Info: Character `⁻' is missing
(microtype)             in font `TU/TeXGyrePagella(1)/m/n/8'.
(microtype)             Ignoring protrusion settings for this character.
Package microtype Info: Character `ﬆ' is missing
(microtype)             in font `TU/TeXGyrePagella(1)/b/n/10.95'.
(microtype)             Ignoring protrusion settings for this character.
Package microtype Info: Character `ﬅ' is missing
(microtype)             in font `TU/TeXGyrePagella(1)/b/n/10.95'.
(microtype)             Ignoring protrusion settings for this character.
Package microtype Info: Character `‥' is missing
(microtype)             in font `TU/TeXGyrePagella(1)/b/n/10.95'.
(microtype)             Ignoring protrusion settings for this character.
Package microtype Info: Character `‼' is missing
(microtype)             in font `TU/TeXGyrePagella(1)/b/n/10.95'.
(microtype)             Ignoring protrusion settings for this character.
Package microtype Info: Character `⁰' is missing
(microtype)             in font `TU/TeXGyrePagella(1)/b/n/10.95'.
(microtype)             Ignoring protrusion settings for this character.
Package microtype Info: Character `⁴' is missing
(microtype)             in font `TU/TeXGyrePagella(1)/b/n/10.95'.
(microtype)             Ignoring protrusion settings for this character.
Package microtype Info: Character `⁵' is missing
(microtype)             in font `TU/TeXGyrePagella(1)/b/n/10.95'.
(microtype)             Ignoring protrusion settings for this character.
Package microtype Info: Character `⁶' is missing
(microtype)             in font `TU/TeXGyrePagella(1)/b/n/10.95'.
(microtype)             Ignoring protrusion settings for this character.
Package microtype Info: Character `⁷' is missing
(microtype)             in font `TU/TeXGyrePagella(1)/b/n/10.95'.
(microtype)             Ignoring protrusion settings for this character.
Package microtype Info: Character `⁸' is missing
(microtype)             in font `TU/TeXGyrePagella(1)/b/n/10.95'.
(microtype)             Ignoring protrusion settings for this character.
Package microtype Info: Character `⁹' is missing
(microtype)             in font `TU/TeXGyrePagella(1)/b/n/10.95'.
(microtype)             Ignoring protrusion settings for this character.
Package microtype Info: Character `₀' is missing
(microtype)             in font `TU/TeXGyrePagella(1)/b/n/10.95'.
(microtype)             Ignoring protrusion settings for this character.
Package microtype Info: Character `₁' is missing
(microtype)             in font `TU/TeXGyrePagella(1)/b/n/10.95'.
(microtype)             Ignoring protrusion settings for this character.
Package microtype Info: Character `₂' is missing
(microtype)             in font `TU/TeXGyrePagella(1)/b/n/10.95'.
(microtype)             Ignoring protrusion settings for this character.
Package microtype Info: Character `₃' is missing
(microtype)             in font `TU/TeXGyrePagella(1)/b/n/10.95'.
(microtype)             Ignoring protrusion settings for this character.
Package microtype Info: Character `₄' is missing
(microtype)             in font `TU/TeXGyrePagella(1)/b/n/10.95'.
(microtype)             Ignoring protrusion settings for this character.
Package microtype Info: Character `₅' is missing
(microtype)             in font `TU/TeXGyrePagella(1)/b/n/10.95'.
(microtype)             Ignoring protrusion settings for this character.
Package microtype Info: Character `₆' is missing
(microtype)             in font `TU/TeXGyrePagella(1)/b/n/10.95'.
(microtype)             Ignoring protrusion settings for this character.
Package microtype Info: Character `₇' is missing
(microtype)             in font `TU/TeXGyrePagella(1)/b/n/10.95'.
(microtype)             Ignoring protrusion settings for this character.
Package microtype Info: Character `₈' is missing
(microtype)             in font `TU/TeXGyrePagella(1)/b/n/10.95'.
(microtype)             Ignoring protrusion settings for this character.
Package microtype Info: Character `₉' is missing
(microtype)             in font `TU/TeXGyrePagella(1)/b/n/10.95'.
(microtype)             Ignoring protrusion settings for this character.
Package microtype Info: Character `₊' is missing
(microtype)             in font `TU/TeXGyrePagella(1)/b/n/10.95'.
(microtype)             Ignoring protrusion settings for this character.
Package microtype Info: Character `₋' is missing
(microtype)             in font `TU/TeXGyrePagella(1)/b/n/10.95'.
(microtype)             Ignoring protrusion settings for this character.
Package microtype Info: Character `⁺' is missing
(microtype)             in font `TU/TeXGyrePagella(1)/b/n/10.95'.
(microtype)             Ignoring protrusion settings for this character.
Package microtype Info: Character `⁻' is missing
(microtype)             in font `TU/TeXGyrePagella(1)/b/n/10.95'.
(microtype)             Ignoring protrusion settings for this character.
Package microtype Info: Character `ﬆ' is missing
(microtype)             in font `TU/TeXGyrePagella(1)/b/n/8'.
(microtype)             Ignoring protrusion settings for this character.
Package microtype Info: Character `ﬅ' is missing
(microtype)             in font `TU/TeXGyrePagella(1)/b/n/8'.
(microtype)             Ignoring protrusion settings for this character.
Package microtype Info: Character `‥' is missing
(microtype)             in font `TU/TeXGyrePagella(1)/b/n/8'.
(microtype)             Ignoring protrusion settings for this character.
Package microtype Info: Character `‼' is missing
(microtype)             in font `TU/TeXGyrePagella(1)/b/n/8'.
(microtype)             Ignoring protrusion settings for this character.
Package microtype Info: Character `⁰' is missing
(microtype)             in font `TU/TeXGyrePagella(1)/b/n/8'.
(microtype)             Ignoring protrusion settings for this character.
Package microtype Info: Character `⁴' is missing
(microtype)             in font `TU/TeXGyrePagella(1)/b/n/8'.
(microtype)             Ignoring protrusion settings for this character.
Package microtype Info: Character `⁵' is missing
(microtype)             in font `TU/TeXGyrePagella(1)/b/n/8'.
(microtype)             Ignoring protrusion settings for this character.
Package microtype Info: Character `⁶' is missing
(microtype)             in font `TU/TeXGyrePagella(1)/b/n/8'.
(microtype)             Ignoring protrusion settings for this character.
Package microtype Info: Character `⁷' is missing
(microtype)             in font `TU/TeXGyrePagella(1)/b/n/8'.
(microtype)             Ignoring protrusion settings for this character.
Package microtype Info: Character `⁸' is missing
(microtype)             in font `TU/TeXGyrePagella(1)/b/n/8'.
(microtype)             Ignoring protrusion settings for this character.
Package microtype Info: Character `⁹' is missing
(microtype)             in font `TU/TeXGyrePagella(1)/b/n/8'.
(microtype)             Ignoring protrusion settings for this character.
Package microtype Info: Character `₀' is missing
(microtype)             in font `TU/TeXGyrePagella(1)/b/n/8'.
(microtype)             Ignoring protrusion settings for this character.
Package microtype Info: Character `₁' is missing
(microtype)             in font `TU/TeXGyrePagella(1)/b/n/8'.
(microtype)             Ignoring protrusion settings for this character.
Package microtype Info: Character `₂' is missing
(microtype)             in font `TU/TeXGyrePagella(1)/b/n/8'.
(microtype)             Ignoring protrusion settings for this character.
Package microtype Info: Character `₃' is missing
(microtype)             in font `TU/TeXGyrePagella(1)/b/n/8'.
(microtype)             Ignoring protrusion settings for this character.
Package microtype Info: Character `₄' is missing
(microtype)             in font `TU/TeXGyrePagella(1)/b/n/8'.
(microtype)             Ignoring protrusion settings for this character.
Package microtype Info: Character `₅' is missing
(microtype)             in font `TU/TeXGyrePagella(1)/b/n/8'.
(microtype)             Ignoring protrusion settings for this character.
Package microtype Info: Character `₆' is missing
(microtype)             in font `TU/TeXGyrePagella(1)/b/n/8'.
(microtype)             Ignoring protrusion settings for this character.
Package microtype Info: Character `₇' is missing
(microtype)             in font `TU/TeXGyrePagella(1)/b/n/8'.
(microtype)             Ignoring protrusion settings for this character.
Package microtype Info: Character `₈' is missing
(microtype)             in font `TU/TeXGyrePagella(1)/b/n/8'.
(microtype)             Ignoring protrusion settings for this character.
Package microtype Info: Character `₉' is missing
(microtype)             in font `TU/TeXGyrePagella(1)/b/n/8'.
(microtype)             Ignoring protrusion settings for this character.
Package microtype Info: Character `₊' is missing
(microtype)             in font `TU/TeXGyrePagella(1)/b/n/8'.
(microtype)             Ignoring protrusion settings for this character.
Package microtype Info: Character `₋' is missing
(microtype)             in font `TU/TeXGyrePagella(1)/b/n/8'.
(microtype)             Ignoring protrusion settings for this character.
Package microtype Info: Character `⁺' is missing
(microtype)             in font `TU/TeXGyrePagella(1)/b/n/8'.
(microtype)             Ignoring protrusion settings for this character.
Package microtype Info: Character `⁻' is missing
(microtype)             in font `TU/TeXGyrePagella(1)/b/n/8'.
(microtype)             Ignoring protrusion settings for this character.
Package microtype Info: Character `ﬆ' is missing
(microtype)             in font `TU/TeXGyrePagella(0)/b/n/10.95'.
(microtype)             Ignoring protrusion settings for this character.
Package microtype Info: Character `ﬅ' is missing
(microtype)             in font `TU/TeXGyrePagella(0)/b/n/10.95'.
(microtype)             Ignoring protrusion settings for this character.
Package microtype Info: Character `‥' is missing
(microtype)             in font `TU/TeXGyrePagella(0)/b/n/10.95'.
(microtype)             Ignoring protrusion settings for this character.
Package microtype Info: Character `‼' is missing
(microtype)             in font `TU/TeXGyrePagella(0)/b/n/10.95'.
(microtype)             Ignoring protrusion settings for this character.
Package microtype Info: Character `⁰' is missing
(microtype)             in font `TU/TeXGyrePagella(0)/b/n/10.95'.
(microtype)             Ignoring protrusion settings for this character.
Package microtype Info: Character `⁴' is missing
(microtype)             in font `TU/TeXGyrePagella(0)/b/n/10.95'.
(microtype)             Ignoring protrusion settings for this character.
Package microtype Info: Character `⁵' is missing
(microtype)             in font `TU/TeXGyrePagella(0)/b/n/10.95'.
(microtype)             Ignoring protrusion settings for this character.
Package microtype Info: Character `⁶' is missing
(microtype)             in font `TU/TeXGyrePagella(0)/b/n/10.95'.
(microtype)             Ignoring protrusion settings for this character.
Package microtype Info: Character `⁷' is missing
(microtype)             in font `TU/TeXGyrePagella(0)/b/n/10.95'.
(microtype)             Ignoring protrusion settings for this character.
Package microtype Info: Character `⁸' is missing
(microtype)             in font `TU/TeXGyrePagella(0)/b/n/10.95'.
(microtype)             Ignoring protrusion settings for this character.
Package microtype Info: Character `⁹' is missing
(microtype)             in font `TU/TeXGyrePagella(0)/b/n/10.95'.
(microtype)             Ignoring protrusion settings for this character.
Package microtype Info: Character `₀' is missing
(microtype)             in font `TU/TeXGyrePagella(0)/b/n/10.95'.
(microtype)             Ignoring protrusion settings for this character.
Package microtype Info: Character `₁' is missing
(microtype)             in font `TU/TeXGyrePagella(0)/b/n/10.95'.
(microtype)             Ignoring protrusion settings for this character.
Package microtype Info: Character `₂' is missing
(microtype)             in font `TU/TeXGyrePagella(0)/b/n/10.95'.
(microtype)             Ignoring protrusion settings for this character.
Package microtype Info: Character `₃' is missing
(microtype)             in font `TU/TeXGyrePagella(0)/b/n/10.95'.
(microtype)             Ignoring protrusion settings for this character.
Package microtype Info: Character `₄' is missing
(microtype)             in font `TU/TeXGyrePagella(0)/b/n/10.95'.
(microtype)             Ignoring protrusion settings for this character.
Package microtype Info: Character `₅' is missing
(microtype)             in font `TU/TeXGyrePagella(0)/b/n/10.95'.
(microtype)             Ignoring protrusion settings for this character.
Package microtype Info: Character `₆' is missing
(microtype)             in font `TU/TeXGyrePagella(0)/b/n/10.95'.
(microtype)             Ignoring protrusion settings for this character.
Package microtype Info: Character `₇' is missing
(microtype)             in font `TU/TeXGyrePagella(0)/b/n/10.95'.
(microtype)             Ignoring protrusion settings for this character.
Package microtype Info: Character `₈' is missing
(microtype)             in font `TU/TeXGyrePagella(0)/b/n/10.95'.
(microtype)             Ignoring protrusion settings for this character.
Package microtype Info: Character `₉' is missing
(microtype)             in font `TU/TeXGyrePagella(0)/b/n/10.95'.
(microtype)             Ignoring protrusion settings for this character.
Package microtype Info: Character `₊' is missing
(microtype)             in font `TU/TeXGyrePagella(0)/b/n/10.95'.
(microtype)             Ignoring protrusion settings for this character.
Package microtype Info: Character `₋' is missing
(microtype)             in font `TU/TeXGyrePagella(0)/b/n/10.95'.
(microtype)             Ignoring protrusion settings for this character.
Package microtype Info: Character `⁺' is missing
(microtype)             in font `TU/TeXGyrePagella(0)/b/n/10.95'.
(microtype)             Ignoring protrusion settings for this character.
Package microtype Info: Character `⁻' is missing
(microtype)             in font `TU/TeXGyrePagella(0)/b/n/10.95'.
(microtype)             Ignoring protrusion settings for this character.
Package microtype Info: Character `ﬆ' is missing
(microtype)             in font `TU/TeXGyrePagella(0)/m/n/8'.
(microtype)             Ignoring protrusion settings for this character.
Package microtype Info: Character `ﬅ' is missing
(microtype)             in font `TU/TeXGyrePagella(0)/m/n/8'.
(microtype)             Ignoring protrusion settings for this character.
Package microtype Info: Character `‥' is missing
(microtype)             in font `TU/TeXGyrePagella(0)/m/n/8'.
(microtype)             Ignoring protrusion settings for this character.
Package microtype Info: Character `‼' is missing
(microtype)             in font `TU/TeXGyrePagella(0)/m/n/8'.
(microtype)             Ignoring protrusion settings for this character.
Package microtype Info: Character `⁰' is missing
(microtype)             in font `TU/TeXGyrePagella(0)/m/n/8'.
(microtype)             Ignoring protrusion settings for this character.
Package microtype Info: Character `⁴' is missing
(microtype)             in font `TU/TeXGyrePagella(0)/m/n/8'.
(microtype)             Ignoring protrusion settings for this character.
Package microtype Info: Character `⁵' is missing
(microtype)             in font `TU/TeXGyrePagella(0)/m/n/8'.
(microtype)             Ignoring protrusion settings for this character.
Package microtype Info: Character `⁶' is missing
(microtype)             in font `TU/TeXGyrePagella(0)/m/n/8'.
(microtype)             Ignoring protrusion settings for this character.
Package microtype Info: Character `⁷' is missing
(microtype)             in font `TU/TeXGyrePagella(0)/m/n/8'.
(microtype)             Ignoring protrusion settings for this character.
Package microtype Info: Character `⁸' is missing
(microtype)             in font `TU/TeXGyrePagella(0)/m/n/8'.
(microtype)             Ignoring protrusion settings for this character.
Package microtype Info: Character `⁹' is missing
(microtype)             in font `TU/TeXGyrePagella(0)/m/n/8'.
(microtype)             Ignoring protrusion settings for this character.
Package microtype Info: Character `₀' is missing
(microtype)             in font `TU/TeXGyrePagella(0)/m/n/8'.
(microtype)             Ignoring protrusion settings for this character.
Package microtype Info: Character `₁' is missing
(microtype)             in font `TU/TeXGyrePagella(0)/m/n/8'.
(microtype)             Ignoring protrusion settings for this character.
Package microtype Info: Character `₂' is missing
(microtype)             in font `TU/TeXGyrePagella(0)/m/n/8'.
(microtype)             Ignoring protrusion settings for this character.
Package microtype Info: Character `₃' is missing
(microtype)             in font `TU/TeXGyrePagella(0)/m/n/8'.
(microtype)             Ignoring protrusion settings for this character.
Package microtype Info: Character `₄' is missing
(microtype)             in font `TU/TeXGyrePagella(0)/m/n/8'.
(microtype)             Ignoring protrusion settings for this character.
Package microtype Info: Character `₅' is missing
(microtype)             in font `TU/TeXGyrePagella(0)/m/n/8'.
(microtype)             Ignoring protrusion settings for this character.
Package microtype Info: Character `₆' is missing
(microtype)             in font `TU/TeXGyrePagella(0)/m/n/8'.
(microtype)             Ignoring protrusion settings for this character.
Package microtype Info: Character `₇' is missing
(microtype)             in font `TU/TeXGyrePagella(0)/m/n/8'.
(microtype)             Ignoring protrusion settings for this character.
Package microtype Info: Character `₈' is missing
(microtype)             in font `TU/TeXGyrePagella(0)/m/n/8'.
(microtype)             Ignoring protrusion settings for this character.
Package microtype Info: Character `₉' is missing
(microtype)             in font `TU/TeXGyrePagella(0)/m/n/8'.
(microtype)             Ignoring protrusion settings for this character.
Package microtype Info: Character `₊' is missing
(microtype)             in font `TU/TeXGyrePagella(0)/m/n/8'.
(microtype)             Ignoring protrusion settings for this character.
Package microtype Info: Character `₋' is missing
(microtype)             in font `TU/TeXGyrePagella(0)/m/n/8'.
(microtype)             Ignoring protrusion settings for this character.
Package microtype Info: Character `⁺' is missing
(microtype)             in font `TU/TeXGyrePagella(0)/m/n/8'.
(microtype)             Ignoring protrusion settings for this character.
Package microtype Info: Character `⁻' is missing
(microtype)             in font `TU/TeXGyrePagella(0)/m/n/8'.
(microtype)             Ignoring protrusion settings for this character.
Package microtype Info: Character `‥' is missing
(microtype)             in font `TU/TeXGyrePagella(0)/m/it/8'.
(microtype)             Ignoring protrusion settings for this character.
Package microtype Info: Character `⁰' is missing
(microtype)             in font `TU/TeXGyrePagella(0)/m/it/8'.
(microtype)             Ignoring protrusion settings for this character.
Package microtype Info: Character `⁴' is missing
(microtype)             in font `TU/TeXGyrePagella(0)/m/it/8'.
(microtype)             Ignoring protrusion settings for this character.
Package microtype Info: Character `⁵' is missing
(microtype)             in font `TU/TeXGyrePagella(0)/m/it/8'.
(microtype)             Ignoring protrusion settings for this character.
Package microtype Info: Character `⁶' is missing
(microtype)             in font `TU/TeXGyrePagella(0)/m/it/8'.
(microtype)             Ignoring protrusion settings for this character.
Package microtype Info: Character `⁷' is missing
(microtype)             in font `TU/TeXGyrePagella(0)/m/it/8'.
(microtype)             Ignoring protrusion settings for this character.
Package microtype Info: Character `⁸' is missing
(microtype)             in font `TU/TeXGyrePagella(0)/m/it/8'.
(microtype)             Ignoring protrusion settings for this character.
Package microtype Info: Character `⁹' is missing
(microtype)             in font `TU/TeXGyrePagella(0)/m/it/8'.
(microtype)             Ignoring protrusion settings for this character.
Package microtype Info: Character `₀' is missing
(microtype)             in font `TU/TeXGyrePagella(0)/m/it/8'.
(microtype)             Ignoring protrusion settings for this character.
Package microtype Info: Character `₁' is missing
(microtype)             in font `TU/TeXGyrePagella(0)/m/it/8'.
(microtype)             Ignoring protrusion settings for this character.
Package microtype Info: Character `₂' is missing
(microtype)             in font `TU/TeXGyrePagella(0)/m/it/8'.
(microtype)             Ignoring protrusion settings for this character.
Package microtype Info: Character `₃' is missing
(microtype)             in font `TU/TeXGyrePagella(0)/m/it/8'.
(microtype)             Ignoring protrusion settings for this character.
Package microtype Info: Character `₄' is missing
(microtype)             in font `TU/TeXGyrePagella(0)/m/it/8'.
(microtype)             Ignoring protrusion settings for this character.
Package microtype Info: Character `₅' is missing
(microtype)             in font `TU/TeXGyrePagella(0)/m/it/8'.
(microtype)             Ignoring protrusion settings for this character.
Package microtype Info: Character `₆' is missing
(microtype)             in font `TU/TeXGyrePagella(0)/m/it/8'.
(microtype)             Ignoring protrusion settings for this character.
Package microtype Info: Character `₇' is missing
(microtype)             in font `TU/TeXGyrePagella(0)/m/it/8'.
(microtype)             Ignoring protrusion settings for this character.
Package microtype Info: Character `₈' is missing
(microtype)             in font `TU/TeXGyrePagella(0)/m/it/8'.
(microtype)             Ignoring protrusion settings for this character.
Package microtype Info: Character `₉' is missing
(microtype)             in font `TU/TeXGyrePagella(0)/m/it/8'.
(microtype)             Ignoring protrusion settings for this character.
Package microtype Info: Character `₊' is missing
(microtype)             in font `TU/TeXGyrePagella(0)/m/it/8'.
(microtype)             Ignoring protrusion settings for this character.
Package microtype Info: Character `₋' is missing
(microtype)             in font `TU/TeXGyrePagella(0)/m/it/8'.
(microtype)             Ignoring protrusion settings for this character.
Package microtype Info: Character `⁺' is missing
(microtype)             in font `TU/TeXGyrePagella(0)/m/it/8'.
(microtype)             Ignoring protrusion settings for this character.
Package microtype Info: Character `⁻' is missing
(microtype)             in font `TU/TeXGyrePagella(0)/m/it/8'.
(microtype)             Ignoring protrusion settings for this character.
)

Package fancyhdr Warning: \headheight is too small (24.0pt): 
(fancyhdr)                Make it at least 24.01996pt, for example:
(fancyhdr)                \setlength{\headheight}{24.01996pt}.
(fancyhdr)                You might also make \topmargin smaller to compensate:

(fancyhdr)                \addtolength{\topmargin}{-0.01996pt}.

[5]

Package fancyhdr Warning: \headheight is too small (24.0pt): 
(fancyhdr)                Make it at least 24.01996pt, for example:
(fancyhdr)                \setlength{\headheight}{24.01996pt}.
(fancyhdr)                You might also make \topmargin smaller to compensate:

(fancyhdr)                \addtolength{\topmargin}{-0.01996pt}.

[6
Missing character: There is no ⚠ (U+26A0) in font TeXGyreHeros/B:mode=node;scr
ipt=latn;language=dflt;+tlig;!
]) (./chapters/ch02-regions-boundaries-collapse.tex

Package fancyhdr Warning: \headheight is too small (24.0pt): 
(fancyhdr)                Make it at least 24.01996pt, for example:
(fancyhdr)                \setlength{\headheight}{24.01996pt}.
(fancyhdr)                You might also make \topmargin smaller to compensate:

(fancyhdr)                \addtolength{\topmargin}{-0.01996pt}.

[7]

Package fancyhdr Warning: \headheight is too small (24.0pt): 
(fancyhdr)                Make it at least 24.01996pt, for example:
(fancyhdr)                \setlength{\headheight}{24.01996pt}.
(fancyhdr)                You might also make \topmargin smaller to compensate:

(fancyhdr)                \addtolength{\topmargin}{-0.01996pt}.

[8

]
Chapter 2.
Package marginnote Info: Margin note 25.1 is on absolute page 25 on input line 
13.
Package marginnote Info: xpos seems to be 85.35826pt on input line 13.

warning  (pdf backend): ignoring duplicate destination with the name 'tcb@cnt@de
finition.1'
[9]
warning  (pdf backend): ignoring duplicate destination with the name 'tcb@cnt@de
finition.2'

Package fancyhdr Warning: \headheight is too small (24.0pt): 
(fancyhdr)                Make it at least 24.01996pt, for example:
(fancyhdr)                \setlength{\headheight}{24.01996pt}.
(fancyhdr)                You might also make \topmargin smaller to compensate:

(fancyhdr)                \addtolength{\topmargin}{-0.01996pt}.

[10]

Package fancyhdr Warning: \headheight is too small (24.0pt): 
(fancyhdr)                Make it at least 24.01996pt, for example:
(fancyhdr)                \setlength{\headheight}{24.01996pt}.
(fancyhdr)                You might also make \topmargin smaller to compensate:

(fancyhdr)                \addtolength{\topmargin}{-0.01996pt}.

[11] (./diagrams/constraint-boundary-2d.tex
Package microtype Info: Character `‥' is missing
(microtype)             in font `TU/TeXGyrePagella(0)/m/it/14.4'.
(microtype)             Ignoring protrusion settings for this character.
Package microtype Info: Character `⁰' is missing
(microtype)             in font `TU/TeXGyrePagella(0)/m/it/14.4'.
(microtype)             Ignoring protrusion settings for this character.
Package microtype Info: Character `⁴' is missing
(microtype)             in font `TU/TeXGyrePagella(0)/m/it/14.4'.
(microtype)             Ignoring protrusion settings for this character.
Package microtype Info: Character `⁵' is missing
(microtype)             in font `TU/TeXGyrePagella(0)/m/it/14.4'.
(microtype)             Ignoring protrusion settings for this character.
Package microtype Info: Character `⁶' is missing
(microtype)             in font `TU/TeXGyrePagella(0)/m/it/14.4'.
(microtype)             Ignoring protrusion settings for this character.
Package microtype Info: Character `⁷' is missing
(microtype)             in font `TU/TeXGyrePagella(0)/m/it/14.4'.
(microtype)             Ignoring protrusion settings for this character.
Package microtype Info: Character `⁸' is missing
(microtype)             in font `TU/TeXGyrePagella(0)/m/it/14.4'.
(microtype)             Ignoring protrusion settings for this character.
Package microtype Info: Character `⁹' is missing
(microtype)             in font `TU/TeXGyrePagella(0)/m/it/14.4'.
(microtype)             Ignoring protrusion settings for this character.
Package microtype Info: Character `₀' is missing
(microtype)             in font `TU/TeXGyrePagella(0)/m/it/14.4'.
(microtype)             Ignoring protrusion settings for this character.
Package microtype Info: Character `₁' is missing
(microtype)             in font `TU/TeXGyrePagella(0)/m/it/14.4'.
(microtype)             Ignoring protrusion settings for this character.
Package microtype Info: Character `₂' is missing
(microtype)             in font `TU/TeXGyrePagella(0)/m/it/14.4'.
(microtype)             Ignoring protrusion settings for this character.
Package microtype Info: Character `₃' is missing
(microtype)             in font `TU/TeXGyrePagella(0)/m/it/14.4'.
(microtype)             Ignoring protrusion settings for this character.
Package microtype Info: Character `₄' is missing
(microtype)             in font `TU/TeXGyrePagella(0)/m/it/14.4'.
(microtype)             Ignoring protrusion settings for this character.
Package microtype Info: Character `₅' is missing
(microtype)             in font `TU/TeXGyrePagella(0)/m/it/14.4'.
(microtype)             Ignoring protrusion settings for this character.
Package microtype Info: Character `₆' is missing
(microtype)             in font `TU/TeXGyrePagella(0)/m/it/14.4'.
(microtype)             Ignoring protrusion settings for this character.
Package microtype Info: Character `₇' is missing
(microtype)             in font `TU/TeXGyrePagella(0)/m/it/14.4'.
(microtype)             Ignoring protrusion settings for this character.
Package microtype Info: Character `₈' is missing
(microtype)             in font `TU/TeXGyrePagella(0)/m/it/14.4'.
(microtype)             Ignoring protrusion settings for this character.
Package microtype Info: Character `₉' is missing
(microtype)             in font `TU/TeXGyrePagella(0)/m/it/14.4'.
(microtype)             Ignoring protrusion settings for this character.
Package microtype Info: Character `₊' is missing
(microtype)             in font `TU/TeXGyrePagella(0)/m/it/14.4'.
(microtype)             Ignoring protrusion settings for this character.
Package microtype Info: Character `₋' is missing
(microtype)             in font `TU/TeXGyrePagella(0)/m/it/14.4'.
(microtype)             Ignoring protrusion settings for this character.
Package microtype Info: Character `⁺' is missing
(microtype)             in font `TU/TeXGyrePagella(0)/m/it/14.4'.
(microtype)             Ignoring protrusion settings for this character.
Package microtype Info: Character `⁻' is missing
(microtype)             in font `TU/TeXGyrePagella(0)/m/it/14.4'.
(microtype)             Ignoring protrusion settings for this character.
Package microtype Info: Character `ﬆ' is missing
(microtype)             in font `TU/TeXGyrePagella(1)/m/n/14.4'.
(microtype)             Ignoring protrusion settings for this character.
Package microtype Info: Character `ﬅ' is missing
(microtype)             in font `TU/TeXGyrePagella(1)/m/n/14.4'.
(microtype)             Ignoring protrusion settings for this character.
Package microtype Info: Character `‥' is missing
(microtype)             in font `TU/TeXGyrePagella(1)/m/n/14.4'.
(microtype)             Ignoring protrusion settings for this character.
Package microtype Info: Character `‼' is missing
(microtype)             in font `TU/TeXGyrePagella(1)/m/n/14.4'.
(microtype)             Ignoring protrusion settings for this character.
Package microtype Info: Character `⁰' is missing
(microtype)             in font `TU/TeXGyrePagella(1)/m/n/14.4'.
(microtype)             Ignoring protrusion settings for this character.
Package microtype Info: Character `⁴' is missing
(microtype)             in font `TU/TeXGyrePagella(1)/m/n/14.4'.
(microtype)             Ignoring protrusion settings for this character.
Package microtype Info: Character `⁵' is missing
(microtype)             in font `TU/TeXGyrePagella(1)/m/n/14.4'.
(microtype)             Ignoring protrusion settings for this character.
Package microtype Info: Character `⁶' is missing
(microtype)             in font `TU/TeXGyrePagella(1)/m/n/14.4'.
(microtype)             Ignoring protrusion settings for this character.
Package microtype Info: Character `⁷' is missing
(microtype)             in font `TU/TeXGyrePagella(1)/m/n/14.4'.
(microtype)             Ignoring protrusion settings for this character.
Package microtype Info: Character `⁸' is missing
(microtype)             in font `TU/TeXGyrePagella(1)/m/n/14.4'.
(microtype)             Ignoring protrusion settings for this character.
Package microtype Info: Character `⁹' is missing
(microtype)             in font `TU/TeXGyrePagella(1)/m/n/14.4'.
(microtype)             Ignoring protrusion settings for this character.
Package microtype Info: Character `₀' is missing
(microtype)             in font `TU/TeXGyrePagella(1)/m/n/14.4'.
(microtype)             Ignoring protrusion settings for this character.
Package microtype Info: Character `₁' is missing
(microtype)             in font `TU/TeXGyrePagella(1)/m/n/14.4'.
(microtype)             Ignoring protrusion settings for this character.
Package microtype Info: Character `₂' is missing
(microtype)             in font `TU/TeXGyrePagella(1)/m/n/14.4'.
(microtype)             Ignoring protrusion settings for this character.
Package microtype Info: Character `₃' is missing
(microtype)             in font `TU/TeXGyrePagella(1)/m/n/14.4'.
(microtype)             Ignoring protrusion settings for this character.
Package microtype Info: Character `₄' is missing
(microtype)             in font `TU/TeXGyrePagella(1)/m/n/14.4'.
(microtype)             Ignoring protrusion settings for this character.
Package microtype Info: Character `₅' is missing
(microtype)             in font `TU/TeXGyrePagella(1)/m/n/14.4'.
(microtype)             Ignoring protrusion settings for this character.
Package microtype Info: Character `₆' is missing
(microtype)             in font `TU/TeXGyrePagella(1)/m/n/14.4'.
(microtype)             Ignoring protrusion settings for this character.
Package microtype Info: Character `₇' is missing
(microtype)             in font `TU/TeXGyrePagella(1)/m/n/14.4'.
(microtype)             Ignoring protrusion settings for this character.
Package microtype Info: Character `₈' is missing
(microtype)             in font `TU/TeXGyrePagella(1)/m/n/14.4'.
(microtype)             Ignoring protrusion settings for this character.
Package microtype Info: Character `₉' is missing
(microtype)             in font `TU/TeXGyrePagella(1)/m/n/14.4'.
(microtype)             Ignoring protrusion settings for this character.
Package microtype Info: Character `₊' is missing
(microtype)             in font `TU/TeXGyrePagella(1)/m/n/14.4'.
(microtype)             Ignoring protrusion settings for this character.
Package microtype Info: Character `₋' is missing
(microtype)             in font `TU/TeXGyrePagella(1)/m/n/14.4'.
(microtype)             Ignoring protrusion settings for this character.
Package microtype Info: Character `⁺' is missing
(microtype)             in font `TU/TeXGyrePagella(1)/m/n/14.4'.
(microtype)             Ignoring protrusion settings for this character.
Package microtype Info: Character `⁻' is missing
(microtype)             in font `TU/TeXGyrePagella(1)/m/n/14.4'.
(microtype)             Ignoring protrusion settings for this character.
Package microtype Info: Character `ﬆ' is missing
(microtype)             in font `TU/TeXGyrePagella(1)/b/n/14.4'.
(microtype)             Ignoring protrusion settings for this character.
Package microtype Info: Character `ﬅ' is missing
(microtype)             in font `TU/TeXGyrePagella(1)/b/n/14.4'.
(microtype)             Ignoring protrusion settings for this character.
Package microtype Info: Character `‥' is missing
(microtype)             in font `TU/TeXGyrePagella(1)/b/n/14.4'.
(microtype)             Ignoring protrusion settings for this character.
Package microtype Info: Character `‼' is missing
(microtype)             in font `TU/TeXGyrePagella(1)/b/n/14.4'.
(microtype)             Ignoring protrusion settings for this character.
Package microtype Info: Character `⁰' is missing
(microtype)             in font `TU/TeXGyrePagella(1)/b/n/14.4'.
(microtype)             Ignoring protrusion settings for this character.
Package microtype Info: Character `⁴' is missing
(microtype)             in font `TU/TeXGyrePagella(1)/b/n/14.4'.
(microtype)             Ignoring protrusion settings for this character.
Package microtype Info: Character `⁵' is missing
(microtype)             in font `TU/TeXGyrePagella(1)/b/n/14.4'.
(microtype)             Ignoring protrusion settings for this character.
Package microtype Info: Character `⁶' is missing
(microtype)             in font `TU/TeXGyrePagella(1)/b/n/14.4'.
(microtype)             Ignoring protrusion settings for this character.
Package microtype Info: Character `⁷' is missing
(microtype)             in font `TU/TeXGyrePagella(1)/b/n/14.4'.
(microtype)             Ignoring protrusion settings for this character.
Package microtype Info: Character `⁸' is missing
(microtype)             in font `TU/TeXGyrePagella(1)/b/n/14.4'.
(microtype)             Ignoring protrusion settings for this character.
Package microtype Info: Character `⁹' is missing
(microtype)             in font `TU/TeXGyrePagella(1)/b/n/14.4'.
(microtype)             Ignoring protrusion settings for this character.
Package microtype Info: Character `₀' is missing
(microtype)             in font `TU/TeXGyrePagella(1)/b/n/14.4'.
(microtype)             Ignoring protrusion settings for this character.
Package microtype Info: Character `₁' is missing
(microtype)             in font `TU/TeXGyrePagella(1)/b/n/14.4'.
(microtype)             Ignoring protrusion settings for this character.
Package microtype Info: Character `₂' is missing
(microtype)             in font `TU/TeXGyrePagella(1)/b/n/14.4'.
(microtype)             Ignoring protrusion settings for this character.
Package microtype Info: Character `₃' is missing
(microtype)             in font `TU/TeXGyrePagella(1)/b/n/14.4'.
(microtype)             Ignoring protrusion settings for this character.
Package microtype Info: Character `₄' is missing
(microtype)             in font `TU/TeXGyrePagella(1)/b/n/14.4'.
(microtype)             Ignoring protrusion settings for this character.
Package microtype Info: Character `₅' is missing
(microtype)             in font `TU/TeXGyrePagella(1)/b/n/14.4'.
(microtype)             Ignoring protrusion settings for this character.
Package microtype Info: Character `₆' is missing
(microtype)             in font `TU/TeXGyrePagella(1)/b/n/14.4'.
(microtype)             Ignoring protrusion settings for this character.
Package microtype Info: Character `₇' is missing
(microtype)             in font `TU/TeXGyrePagella(1)/b/n/14.4'.
(microtype)             Ignoring protrusion settings for this character.
Package microtype Info: Character `₈' is missing
(microtype)             in font `TU/TeXGyrePagella(1)/b/n/14.4'.
(microtype)             Ignoring protrusion settings for this character.
Package microtype Info: Character `₉' is missing
(microtype)             in font `TU/TeXGyrePagella(1)/b/n/14.4'.
(microtype)             Ignoring protrusion settings for this character.
Package microtype Info: Character `₊' is missing
(microtype)             in font `TU/TeXGyrePagella(1)/b/n/14.4'.
(microtype)             Ignoring protrusion settings for this character.
Package microtype Info: Character `₋' is missing
(microtype)             in font `TU/TeXGyrePagella(1)/b/n/14.4'.
(microtype)             Ignoring protrusion settings for this character.
Package microtype Info: Character `⁺' is missing
(microtype)             in font `TU/TeXGyrePagella(1)/b/n/14.4'.
(microtype)             Ignoring protrusion settings for this character.
Package microtype Info: Character `⁻' is missing
(microtype)             in font `TU/TeXGyrePagella(1)/b/n/14.4'.
(microtype)             Ignoring protrusion settings for this character.
)

Package fancyhdr Warning: \headheight is too small (24.0pt): 
(fancyhdr)                Make it at least 24.01996pt, for example:
(fancyhdr)                \setlength{\headheight}{24.01996pt}.
(fancyhdr)                You might also make \topmargin smaller to compensate:

(fancyhdr)                \addtolength{\topmargin}{-0.01996pt}.

[12
Missing character: There is no t (U+0074) in font nullfont!
Missing character: There is no r (U+0072) in font nullfont!
Missing character: There is no a (U+0061) in font nullfont!
Missing character: There is no j (U+006A) in font nullfont!
Missing character: There is no / (U+002F) in font nullfont!
Missing character: There is no . (U+002E) in font nullfont!
Missing character: There is no s (U+0073) in font nullfont!
Missing character: There is no t (U+0074) in font nullfont!
Missing character: There is no y (U+0079) in font nullfont!
Missing character: There is no l (U+006C) in font nullfont!
Missing character: There is no e (U+0065) in font nullfont!
Missing character: There is no = (U+003D) in font nullfont!
Missing character: There is no - (U+002D) in font nullfont!
Missing character: There is no S (U+0053) in font nullfont!
Missing character: There is no t (U+0074) in font nullfont!
Missing character: There is no e (U+0065) in font nullfont!
Missing character: There is no a (U+0061) in font nullfont!
Missing character: There is no l (U+006C) in font nullfont!
Missing character: There is no t (U+0074) in font nullfont!
Missing character: There is no h (U+0068) in font nullfont!
Missing character: There is no [ (U+005B) in font nullfont!
Missing character: There is no l (U+006C) in font nullfont!
Missing character: There is no e (U+0065) in font nullfont!
Missing character: There is no n (U+006E) in font nullfont!
Missing character: There is no g (U+0067) in font nullfont!
Missing character: There is no t (U+0074) in font nullfont!
Missing character: There is no h (U+0068) in font nullfont!
Missing character: There is no = (U+003D) in font nullfont!
Missing character: There is no 5 (U+0035) in font nullfont!
Missing character: There is no p (U+0070) in font nullfont!
Missing character: There is no t (U+0074) in font nullfont!
Missing character: There is no ] (U+005D) in font nullfont!
Missing character: There is no , (U+002C) in font nullfont!
Missing character: There is no t (U+0074) in font nullfont!
Missing character: There is no h (U+0068) in font nullfont!
Missing character: There is no i (U+0069) in font nullfont!
Missing character: There is no c (U+0063) in font nullfont!
Missing character: There is no k (U+006B) in font nullfont!
Missing character: There is no , (U+002C) in font nullfont!
Missing character: There is no g (U+0067) in font nullfont!
Missing character: There is no r (U+0072) in font nullfont!
Missing character: There is no a (U+0061) in font nullfont!
Missing character: There is no d (U+0064) in font nullfont!
Missing character: There is no v (U+0076) in font nullfont!
Missing character: There is no / (U+002F) in font nullfont!
Missing character: There is no . (U+002E) in font nullfont!
Missing character: There is no s (U+0073) in font nullfont!
Missing character: There is no t (U+0074) in font nullfont!
Missing character: There is no y (U+0079) in font nullfont!
Missing character: There is no l (U+006C) in font nullfont!
Missing character: There is no e (U+0065) in font nullfont!
Missing character: There is no = (U+003D) in font nullfont!
Missing character: There is no - (U+002D) in font nullfont!
Missing character: There is no S (U+0053) in font nullfont!
Missing character: There is no t (U+0074) in font nullfont!
Missing character: There is no e (U+0065) in font nullfont!
Missing character: There is no a (U+0061) in font nullfont!
Missing character: There is no l (U+006C) in font nullfont!
Missing character: There is no t (U+0074) in font nullfont!
Missing character: There is no h (U+0068) in font nullfont!
Missing character: There is no [ (U+005B) in font nullfont!
Missing character: There is no l (U+006C) in font nullfont!
Missing character: There is no e (U+0065) in font nullfont!
Missing character: There is no n (U+006E) in font nullfont!
Missing character: There is no g (U+0067) in font nullfont!
Missing character: There is no t (U+0074) in font nullfont!
Missing character: There is no h (U+0068) in font nullfont!
Missing character: There is no = (U+003D) in font nullfont!
Missing character: There is no 3 (U+0033) in font nullfont!
Missing character: There is no . (U+002E) in font nullfont!
Missing character: There is no 5 (U+0035) in font nullfont!
Missing character: There is no p (U+0070) in font nullfont!
Missing character: There is no t (U+0074) in font nullfont!
Missing character: There is no ] (U+005D) in font nullfont!
Missing character: There is no , (U+002C) in font nullfont!
Missing character: There is no R (U+0052) in font nullfont!
Missing character: There is no S (U+0053) in font nullfont!
Missing character: There is no V (U+0056) in font nullfont!
Missing character: There is no P (U+0050) in font nullfont!
Missing character: There is no a (U+0061) in font nullfont!
Missing character: There is no c (U+0063) in font nullfont!
Missing character: There is no c (U+0063) in font nullfont!
Missing character: There is no e (U+0065) in font nullfont!
Missing character: There is no n (U+006E) in font nullfont!
Missing character: There is no t (U+0074) in font nullfont!
Missing character: There is no ! (U+0021) in font nullfont!
Missing character: There is no 8 (U+0038) in font nullfont!
Missing character: There is no 0 (U+0030) in font nullfont!
Missing character: There is no , (U+002C) in font nullfont!
Missing character: There is no t (U+0074) in font nullfont!
Missing character: There is no h (U+0068) in font nullfont!
Missing character: There is no i (U+0069) in font nullfont!
Missing character: There is no n (U+006E) in font nullfont!
Missing character: There is no , (U+002C) in font nullfont!
]
Package marginnote Info: Margin note 29.1 is on absolute page 29 on input line 
222.
Package marginnote Info: xpos seems to be 85.35826pt on input line 222.

warning  (pdf backend): ignoring duplicate destination with the name 'tcb@cnt@th
eorem.1'

Underfull \vbox (badness 6978) has occurred while \output is active []



Package fancyhdr Warning: \headheight is too small (24.0pt): 
(fancyhdr)                Make it at least 24.01996pt, for example:
(fancyhdr)                \setlength{\headheight}{24.01996pt}.
(fancyhdr)                You might also make \topmargin smaller to compensate:

(fancyhdr)                \addtolength{\topmargin}{-0.01996pt}.

[13]
Underfull \vbox (badness 1019) has occurred while \output is active []



Package fancyhdr Warning: \headheight is too small (24.0pt): 
(fancyhdr)                Make it at least 24.01996pt, for example:
(fancyhdr)                \setlength{\headheight}{24.01996pt}.
(fancyhdr)                You might also make \topmargin smaller to compensate:

(fancyhdr)                \addtolength{\topmargin}{-0.01996pt}.

[14]) (./chapters/ch03-spherepop-visual-computation.tex

Package fancyhdr Warning: \headheight is too small (24.0pt): 
(fancyhdr)                Make it at least 24.01996pt, for example:
(fancyhdr)                \setlength{\headheight}{24.01996pt}.
(fancyhdr)                You might also make \topmargin smaller to compensate:

(fancyhdr)                \addtolength{\topmargin}{-0.01996pt}.

[15]

Package fancyhdr Warning: \headheight is too small (24.0pt): 
(fancyhdr)                Make it at least 24.01996pt, for example:
(fancyhdr)                \setlength{\headheight}{24.01996pt}.
(fancyhdr)                You might also make \topmargin smaller to compensate:

(fancyhdr)                \addtolength{\topmargin}{-0.01996pt}.

[16

]
Chapter 3.
Package marginnote Info: Margin note 33.1 is on absolute page 33 on input line 
14.
Package marginnote Info: xpos seems to be 85.35826pt on input line 14.

Underfull \vbox (badness 1248) has occurred while \output is active []

 [17]
LaTeX Font Info:    Font shape `TU/LatinModernMono(0)/m/n' will be
(Font)              scaled to size 13.05798pt on input line 65.
Package microtype Info: Loading generic protrusion settings for font family
(microtype)             `LatinModernMono' (encoding: TU).
(microtype)             For optimal results, create family-specific settings.
(microtype)             See the microtype manual for details.

warning  (pdf backend): ignoring duplicate destination with the name 'tcb@cnt@de
finition.1'

Package fancyhdr Warning: \headheight is too small (24.0pt): 
(fancyhdr)                Make it at least 24.01996pt, for example:
(fancyhdr)                \setlength{\headheight}{24.01996pt}.
(fancyhdr)                You might also make \topmargin smaller to compensate:

(fancyhdr)                \addtolength{\topmargin}{-0.01996pt}.

[18] (./diagrams/spherepop-eval-3d.tex
LaTeX Font Info:    Font shape `TU/TeXGyreHeros(0)/b/n' will be
(Font)              scaled to size 9.51022pt on input line 15.
Package microtype Info: Character `ﬆ' is missing
(microtype)             in font `TU/TeXGyrePagella(1)/m/n/17.28'.
(microtype)             Ignoring protrusion settings for this character.
Package microtype Info: Character `ﬅ' is missing
(microtype)             in font `TU/TeXGyrePagella(1)/m/n/17.28'.
(microtype)             Ignoring protrusion settings for this character.
Package microtype Info: Character `‥' is missing
(microtype)             in font `TU/TeXGyrePagella(1)/m/n/17.28'.
(microtype)             Ignoring protrusion settings for this character.
Package microtype Info: Character `‼' is missing
(microtype)             in font `TU/TeXGyrePagella(1)/m/n/17.28'.
(microtype)             Ignoring protrusion settings for this character.
Package microtype Info: Character `⁰' is missing
(microtype)             in font `TU/TeXGyrePagella(1)/m/n/17.28'.
(microtype)             Ignoring protrusion settings for this character.
Package microtype Info: Character `⁴' is missing
(microtype)             in font `TU/TeXGyrePagella(1)/m/n/17.28'.
(microtype)             Ignoring protrusion settings for this character.
Package microtype Info: Character `⁵' is missing
(microtype)             in font `TU/TeXGyrePagella(1)/m/n/17.28'.
(microtype)             Ignoring protrusion settings for this character.
Package microtype Info: Character `⁶' is missing
(microtype)             in font `TU/TeXGyrePagella(1)/m/n/17.28'.
(microtype)             Ignoring protrusion settings for this character.
Package microtype Info: Character `⁷' is missing
(microtype)             in font `TU/TeXGyrePagella(1)/m/n/17.28'.
(microtype)             Ignoring protrusion settings for this character.
Package microtype Info: Character `⁸' is missing
(microtype)             in font `TU/TeXGyrePagella(1)/m/n/17.28'.
(microtype)             Ignoring protrusion settings for this character.
Package microtype Info: Character `⁹' is missing
(microtype)             in font `TU/TeXGyrePagella(1)/m/n/17.28'.
(microtype)             Ignoring protrusion settings for this character.
Package microtype Info: Character `₀' is missing
(microtype)             in font `TU/TeXGyrePagella(1)/m/n/17.28'.
(microtype)             Ignoring protrusion settings for this character.
Package microtype Info: Character `₁' is missing
(microtype)             in font `TU/TeXGyrePagella(1)/m/n/17.28'.
(microtype)             Ignoring protrusion settings for this character.
Package microtype Info: Character `₂' is missing
(microtype)             in font `TU/TeXGyrePagella(1)/m/n/17.28'.
(microtype)             Ignoring protrusion settings for this character.
Package microtype Info: Character `₃' is missing
(microtype)             in font `TU/TeXGyrePagella(1)/m/n/17.28'.
(microtype)             Ignoring protrusion settings for this character.
Package microtype Info: Character `₄' is missing
(microtype)             in font `TU/TeXGyrePagella(1)/m/n/17.28'.
(microtype)             Ignoring protrusion settings for this character.
Package microtype Info: Character `₅' is missing
(microtype)             in font `TU/TeXGyrePagella(1)/m/n/17.28'.
(microtype)             Ignoring protrusion settings for this character.
Package microtype Info: Character `₆' is missing
(microtype)             in font `TU/TeXGyrePagella(1)/m/n/17.28'.
(microtype)             Ignoring protrusion settings for this character.
Package microtype Info: Character `₇' is missing
(microtype)             in font `TU/TeXGyrePagella(1)/m/n/17.28'.
(microtype)             Ignoring protrusion settings for this character.
Package microtype Info: Character `₈' is missing
(microtype)             in font `TU/TeXGyrePagella(1)/m/n/17.28'.
(microtype)             Ignoring protrusion settings for this character.
Package microtype Info: Character `₉' is missing
(microtype)             in font `TU/TeXGyrePagella(1)/m/n/17.28'.
(microtype)             Ignoring protrusion settings for this character.
Package microtype Info: Character `₊' is missing
(microtype)             in font `TU/TeXGyrePagella(1)/m/n/17.28'.
(microtype)             Ignoring protrusion settings for this character.
Package microtype Info: Character `₋' is missing
(microtype)             in font `TU/TeXGyrePagella(1)/m/n/17.28'.
(microtype)             Ignoring protrusion settings for this character.
Package microtype Info: Character `⁺' is missing
(microtype)             in font `TU/TeXGyrePagella(1)/m/n/17.28'.
(microtype)             Ignoring protrusion settings for this character.
Package microtype Info: Character `⁻' is missing
(microtype)             in font `TU/TeXGyrePagella(1)/m/n/17.28'.
(microtype)             Ignoring protrusion settings for this character.
)
warning  (pdf backend): ignoring duplicate destination with the name 'tcb@cnt@pr
oposition.1'

Package fancyhdr Warning: \headheight is too small (24.0pt): 
(fancyhdr)                Make it at least 24.01996pt, for example:
(fancyhdr)                \setlength{\headheight}{24.01996pt}.
(fancyhdr)                You might also make \topmargin smaller to compensate:

(fancyhdr)                \addtolength{\topmargin}{-0.01996pt}.

[19
Missing character: There is no b (U+0062) in font nullfont!
Missing character: There is no u (U+0075) in font nullfont!
Missing character: There is no b (U+0062) in font nullfont!
Missing character: There is no b (U+0062) in font nullfont!
Missing character: There is no l (U+006C) in font nullfont!
Missing character: There is no e (U+0065) in font nullfont!
Missing character: There is no / (U+002F) in font nullfont!
Missing character: There is no . (U+002E) in font nullfont!
Missing character: There is no s (U+0073) in font nullfont!
Missing character: There is no t (U+0074) in font nullfont!
Missing character: There is no y (U+0079) in font nullfont!
Missing character: There is no l (U+006C) in font nullfont!
Missing character: There is no e (U+0065) in font nullfont!
Missing character: There is no = (U+003D) in font nullfont!
Missing character: There is no c (U+0063) in font nullfont!
Missing character: There is no i (U+0069) in font nullfont!
Missing character: There is no r (U+0072) in font nullfont!
Missing character: There is no c (U+0063) in font nullfont!
Missing character: There is no l (U+006C) in font nullfont!
Missing character: There is no e (U+0065) in font nullfont!
Missing character: There is no , (U+002C) in font nullfont!
Missing character: There is no d (U+0064) in font nullfont!
Missing character: There is no r (U+0072) in font nullfont!
Missing character: There is no a (U+0061) in font nullfont!
Missing character: There is no w (U+0077) in font nullfont!
Missing character: There is no , (U+002C) in font nullfont!
Missing character: There is no t (U+0074) in font nullfont!
Missing character: There is no h (U+0068) in font nullfont!
Missing character: There is no i (U+0069) in font nullfont!
Missing character: There is no c (U+0063) in font nullfont!
Missing character: There is no k (U+006B) in font nullfont!
Missing character: There is no , (U+002C) in font nullfont!
Missing character: There is no m (U+006D) in font nullfont!
Missing character: There is no i (U+0069) in font nullfont!
Missing character: There is no n (U+006E) in font nullfont!
Missing character: There is no i (U+0069) in font nullfont!
Missing character: There is no m (U+006D) in font nullfont!
Missing character: There is no u (U+0075) in font nullfont!
Missing character: There is no m (U+006D) in font nullfont!
Missing character: There is no s (U+0073) in font nullfont!
Missing character: There is no i (U+0069) in font nullfont!
Missing character: There is no z (U+007A) in font nullfont!
Missing character: There is no e (U+0065) in font nullfont!
Missing character: There is no = (U+003D) in font nullfont!
Missing character: There is no 7 (U+0037) in font nullfont!
Missing character: There is no m (U+006D) in font nullfont!
Missing character: There is no m (U+006D) in font nullfont!
Missing character: There is no , (U+002C) in font nullfont!
Missing character: There is no i (U+0069) in font nullfont!
Missing character: There is no n (U+006E) in font nullfont!
Missing character: There is no n (U+006E) in font nullfont!
Missing character: There is no e (U+0065) in font nullfont!
Missing character: There is no r (U+0072) in font nullfont!
Missing character: There is no s (U+0073) in font nullfont!
Missing character: There is no e (U+0065) in font nullfont!
Missing character: There is no p (U+0070) in font nullfont!
Missing character: There is no = (U+003D) in font nullfont!
Missing character: There is no 0 (U+0030) in font nullfont!
Missing character: There is no , (U+002C) in font nullfont!
Missing character: There is no p (U+0070) in font nullfont!
Missing character: There is no o (U+006F) in font nullfont!
Missing character: There is no p (U+0070) in font nullfont!
Missing character: There is no a (U+0061) in font nullfont!
Missing character: There is no r (U+0072) in font nullfont!
Missing character: There is no r (U+0072) in font nullfont!
Missing character: There is no o (U+006F) in font nullfont!
Missing character: There is no w (U+0077) in font nullfont!
Missing character: There is no / (U+002F) in font nullfont!
Missing character: There is no . (U+002E) in font nullfont!
Missing character: There is no s (U+0073) in font nullfont!
Missing character: There is no t (U+0074) in font nullfont!
Missing character: There is no y (U+0079) in font nullfont!
Missing character: There is no l (U+006C) in font nullfont!
Missing character: There is no e (U+0065) in font nullfont!
Missing character: There is no = (U+003D) in font nullfont!
Missing character: There is no - (U+002D) in font nullfont!
Missing character: There is no S (U+0053) in font nullfont!
Missing character: There is no t (U+0074) in font nullfont!
Missing character: There is no e (U+0065) in font nullfont!
Missing character: There is no a (U+0061) in font nullfont!
Missing character: There is no l (U+006C) in font nullfont!
Missing character: There is no t (U+0074) in font nullfont!
Missing character: There is no h (U+0068) in font nullfont!
Missing character: There is no [ (U+005B) in font nullfont!
Missing character: There is no l (U+006C) in font nullfont!
Missing character: There is no e (U+0065) in font nullfont!
Missing character: There is no n (U+006E) in font nullfont!
Missing character: There is no g (U+0067) in font nullfont!
Missing character: There is no t (U+0074) in font nullfont!
Missing character: There is no h (U+0068) in font nullfont!
Missing character: There is no = (U+003D) in font nullfont!
Missing character: There is no 7 (U+0037) in font nullfont!
Missing character: There is no p (U+0070) in font nullfont!
Missing character: There is no t (U+0074) in font nullfont!
Missing character: There is no ] (U+005D) in font nullfont!
Missing character: There is no , (U+002C) in font nullfont!
Missing character: There is no R (U+0052) in font nullfont!
Missing character: There is no S (U+0053) in font nullfont!
Missing character: There is no V (U+0056) in font nullfont!
Missing character: There is no P (U+0050) in font nullfont!
Missing character: There is no a (U+0061) in font nullfont!
Missing character: There is no c (U+0063) in font nullfont!
Missing character: There is no c (U+0063) in font nullfont!
Missing character: There is no e (U+0065) in font nullfont!
Missing character: There is no n (U+006E) in font nullfont!
Missing character: There is no t (U+0074) in font nullfont!
Missing character: There is no , (U+002C) in font nullfont!
Missing character: There is no v (U+0076) in font nullfont!
Missing character: There is no e (U+0065) in font nullfont!
Missing character: There is no r (U+0072) in font nullfont!
Missing character: There is no y (U+0079) in font nullfont!
Missing character: There is no t (U+0074) in font nullfont!
Missing character: There is no h (U+0068) in font nullfont!
Missing character: There is no i (U+0069) in font nullfont!
Missing character: There is no c (U+0063) in font nullfont!
Missing character: There is no k (U+006B) in font nullfont!
Missing character: There is no , (U+002C) in font nullfont!
Missing character: There is no s (U+0073) in font nullfont!
Missing character: There is no t (U+0074) in font nullfont!
Missing character: There is no e (U+0065) in font nullfont!
Missing character: There is no p (U+0070) in font nullfont!
Missing character: There is no l (U+006C) in font nullfont!
Missing character: There is no a (U+0061) in font nullfont!
Missing character: There is no b (U+0062) in font nullfont!
Missing character: There is no / (U+002F) in font nullfont!
Missing character: There is no . (U+002E) in font nullfont!
Missing character: There is no s (U+0073) in font nullfont!
Missing character: There is no t (U+0074) in font nullfont!
Missing character: There is no y (U+0079) in font nullfont!
Missing character: There is no l (U+006C) in font nullfont!
Missing character: There is no e (U+0065) in font nullfont!
Missing character: There is no = (U+003D) in font nullfont!
Missing character: There is no R (U+0052) in font nullfont!
Missing character: There is no S (U+0053) in font nullfont!
Missing character: There is no V (U+0056) in font nullfont!
Missing character: There is no P (U+0050) in font nullfont!
Missing character: There is no d (U+0064) in font nullfont!
Missing character: There is no e (U+0065) in font nullfont!
Missing character: There is no e (U+0065) in font nullfont!
Missing character: There is no p (U+0070) in font nullfont!
Missing character: There is no , (U+002C) in font nullfont!
Missing character: There is no f (U+0066) in font nullfont!
Missing character: There is no o (U+006F) in font nullfont!
Missing character: There is no n (U+006E) in font nullfont!
Missing character: There is no t (U+0074) in font nullfont!
Missing character: There is no = (U+003D) in font nullfont!
Missing character: There is no , (U+002C) in font nullfont!
Missing character: There is no n (U+006E) in font nullfont!
Missing character: There is no o (U+006F) in font nullfont!
Missing character: There is no d (U+0064) in font nullfont!
Missing character: There is no e (U+0065) in font nullfont!
Missing character: There is no l (U+006C) in font nullfont!
Missing character: There is no a (U+0061) in font nullfont!
Missing character: There is no b (U+0062) in font nullfont!
Missing character: There is no / (U+002F) in font nullfont!
Missing character: There is no . (U+002E) in font nullfont!
Missing character: There is no s (U+0073) in font nullfont!
Missing character: There is no t (U+0074) in font nullfont!
Missing character: There is no y (U+0079) in font nullfont!
Missing character: There is no l (U+006C) in font nullfont!
Missing character: There is no e (U+0065) in font nullfont!
Missing character: There is no = (U+003D) in font nullfont!
Missing character: There is no R (U+0052) in font nullfont!
Missing character: There is no S (U+0053) in font nullfont!
Missing character: There is no V (U+0056) in font nullfont!
Missing character: There is no P (U+0050) in font nullfont!
Missing character: There is no d (U+0064) in font nullfont!
Missing character: There is no e (U+0065) in font nullfont!
Missing character: There is no e (U+0065) in font nullfont!
Missing character: There is no p (U+0070) in font nullfont!
Missing character: There is no , (U+002C) in font nullfont!
Missing character: There is no f (U+0066) in font nullfont!
Missing character: There is no o (U+006F) in font nullfont!
Missing character: There is no n (U+006E) in font nullfont!
Missing character: There is no t (U+0074) in font nullfont!
Missing character: There is no = (U+003D) in font nullfont!
Missing character: There is no , (U+002C) in font nullfont!
Missing character: There is no c (U+0063) in font nullfont!
Missing character: There is no o (U+006F) in font nullfont!
Missing character: There is no l (U+006C) in font nullfont!
Missing character: There is no l (U+006C) in font nullfont!
Missing character: There is no a (U+0061) in font nullfont!
Missing character: There is no p (U+0070) in font nullfont!
Missing character: There is no s (U+0073) in font nullfont!
Missing character: There is no e (U+0065) in font nullfont!
Missing character: There is no l (U+006C) in font nullfont!
Missing character: There is no a (U+0061) in font nullfont!
Missing character: There is no b (U+0062) in font nullfont!
Missing character: There is no / (U+002F) in font nullfont!
Missing character: There is no . (U+002E) in font nullfont!
Missing character: There is no s (U+0073) in font nullfont!
Missing character: There is no t (U+0074) in font nullfont!
Missing character: There is no y (U+0079) in font nullfont!
Missing character: There is no l (U+006C) in font nullfont!
Missing character: There is no e (U+0065) in font nullfont!
Missing character: There is no = (U+003D) in font nullfont!
Missing character: There is no R (U+0052) in font nullfont!
Missing character: There is no S (U+0053) in font nullfont!
Missing character: There is no V (U+0056) in font nullfont!
Missing character: There is no P (U+0050) in font nullfont!
Missing character: There is no a (U+0061) in font nullfont!
Missing character: There is no c (U+0063) in font nullfont!
Missing character: There is no c (U+0063) in font nullfont!
Missing character: There is no e (U+0065) in font nullfont!
Missing character: There is no n (U+006E) in font nullfont!
Missing character: There is no t (U+0074) in font nullfont!
Missing character: There is no ! (U+0021) in font nullfont!
Missing character: There is no 8 (U+0038) in font nullfont!
Missing character: There is no 0 (U+0030) in font nullfont!
Missing character: There is no , (U+002C) in font nullfont!
Missing character: There is no f (U+0066) in font nullfont!
Missing character: There is no o (U+006F) in font nullfont!
Missing character: There is no n (U+006E) in font nullfont!
Missing character: There is no t (U+0074) in font nullfont!
Missing character: There is no = (U+003D) in font nullfont!
Missing character: There is no , (U+002C) in font nullfont!
]
warning  (pdf backend): ignoring duplicate destination with the name 'tcb@cnt@de
finition.2'

warning  (pdf backend): ignoring duplicate destination with the name 'tcb@cnt@de
finition.3'

warning  (pdf backend): ignoring duplicate destination with the name 'tcb@cnt@th
eorem.1'

Package fancyhdr Warning: \headheight is too small (24.0pt): 
(fancyhdr)                Make it at least 24.01996pt, for example:
(fancyhdr)                \setlength{\headheight}{24.01996pt}.
(fancyhdr)                You might also make \topmargin smaller to compensate:

(fancyhdr)                \addtolength{\topmargin}{-0.01996pt}.

[20]

Package fancyhdr Warning: \headheight is too small (24.0pt): 
(fancyhdr)                Make it at least 24.01996pt, for example:
(fancyhdr)                \setlength{\headheight}{24.01996pt}.
(fancyhdr)                You might also make \topmargin smaller to compensate:

(fancyhdr)                \addtolength{\topmargin}{-0.01996pt}.

[21]
Package marginnote Info: Margin note 38.1 is on absolute page 38 on input line 
242.
Package marginnote Info: xpos seems to be 56.9055pt on input line 242.


Package fancyhdr Warning: \headheight is too small (24.0pt): 
(fancyhdr)                Make it at least 24.01996pt, for example:
(fancyhdr)                \setlength{\headheight}{24.01996pt}.
(fancyhdr)                You might also make \topmargin smaller to compensate:

(fancyhdr)                \addtolength{\topmargin}{-0.01996pt}.

[22]

Package fancyhdr Warning: \headheight is too small (24.0pt): 
(fancyhdr)                Make it at least 24.01996pt, for example:
(fancyhdr)                \setlength{\headheight}{24.01996pt}.
(fancyhdr)                You might also make \topmargin smaller to compensate:

(fancyhdr)                \addtolength{\topmargin}{-0.01996pt}.

[23]) (./chapters/ch04-canonicalization.tex

Package fancyhdr Warning: \headheight is too small (24.0pt): 
(fancyhdr)                Make it at least 24.01996pt, for example:
(fancyhdr)                \setlength{\headheight}{24.01996pt}.
(fancyhdr)                You might also make \topmargin smaller to compensate:

(fancyhdr)                \addtolength{\topmargin}{-0.01996pt}.

[24]
Chapter 4.
Package marginnote Info: Margin note 41.1 is on absolute page 41 on input line 
14.
Package marginnote Info: xpos seems to be 85.35826pt on input line 14.

warning  (pdf backend): ignoring duplicate destination with the name 'tcb@cnt@de
finition.1'
[25

]
warning  (pdf backend): ignoring duplicate destination with the name 'tcb@cnt@de
finition.2'

Package fancyhdr Warning: \headheight is too small (24.0pt): 
(fancyhdr)                Make it at least 24.01996pt, for example:
(fancyhdr)                \setlength{\headheight}{24.01996pt}.
(fancyhdr)                You might also make \topmargin smaller to compensate:

(fancyhdr)                \addtolength{\topmargin}{-0.01996pt}.

[26]
warning  (pdf backend): ignoring duplicate destination with the name 'tcb@cnt@de
finition.3'

Package fancyhdr Warning: \headheight is too small (24.0pt): 
(fancyhdr)                Make it at least 24.01996pt, for example:
(fancyhdr)                \setlength{\headheight}{24.01996pt}.
(fancyhdr)                You might also make \topmargin smaller to compensate:

(fancyhdr)                \addtolength{\topmargin}{-0.01996pt}.

[27]
warning  (pdf backend): ignoring duplicate destination with the name 'tcb@cnt@de
finition.4'

Underfull \vbox (badness 4120) has occurred while \output is active []



Package fancyhdr Warning: \headheight is too small (24.0pt): 
(fancyhdr)                Make it at least 24.01996pt, for example:
(fancyhdr)                \setlength{\headheight}{24.01996pt}.
(fancyhdr)                You might also make \topmargin smaller to compensate:

(fancyhdr)                \addtolength{\topmargin}{-0.01996pt}.

[28]
warning  (pdf backend): ignoring duplicate destination with the name 'tcb@cnt@th
eorem.1'

warning  (pdf backend): ignoring duplicate destination with the name 'tcb@cnt@de
finition.5'
(./diagrams/fiber-projection-2d.tex
Package microtype Info: Character `ﬆ' is missing
(microtype)             in font `TU/TeXGyrePagella(0)/b/n/10'.
(microtype)             Ignoring protrusion settings for this character.
Package microtype Info: Character `ﬅ' is missing
(microtype)             in font `TU/TeXGyrePagella(0)/b/n/10'.
(microtype)             Ignoring protrusion settings for this character.
Package microtype Info: Character `‥' is missing
(microtype)             in font `TU/TeXGyrePagella(0)/b/n/10'.
(microtype)             Ignoring protrusion settings for this character.
Package microtype Info: Character `‼' is missing
(microtype)             in font `TU/TeXGyrePagella(0)/b/n/10'.
(microtype)             Ignoring protrusion settings for this character.
Package microtype Info: Character `⁰' is missing
(microtype)             in font `TU/TeXGyrePagella(0)/b/n/10'.
(microtype)             Ignoring protrusion settings for this character.
Package microtype Info: Character `⁴' is missing
(microtype)             in font `TU/TeXGyrePagella(0)/b/n/10'.
(microtype)             Ignoring protrusion settings for this character.
Package microtype Info: Character `⁵' is missing
(microtype)             in font `TU/TeXGyrePagella(0)/b/n/10'.
(microtype)             Ignoring protrusion settings for this character.
Package microtype Info: Character `⁶' is missing
(microtype)             in font `TU/TeXGyrePagella(0)/b/n/10'.
(microtype)             Ignoring protrusion settings for this character.
Package microtype Info: Character `⁷' is missing
(microtype)             in font `TU/TeXGyrePagella(0)/b/n/10'.
(microtype)             Ignoring protrusion settings for this character.
Package microtype Info: Character `⁸' is missing
(microtype)             in font `TU/TeXGyrePagella(0)/b/n/10'.
(microtype)             Ignoring protrusion settings for this character.
Package microtype Info: Character `⁹' is missing
(microtype)             in font `TU/TeXGyrePagella(0)/b/n/10'.
(microtype)             Ignoring protrusion settings for this character.
Package microtype Info: Character `₀' is missing
(microtype)             in font `TU/TeXGyrePagella(0)/b/n/10'.
(microtype)             Ignoring protrusion settings for this character.
Package microtype Info: Character `₁' is missing
(microtype)             in font `TU/TeXGyrePagella(0)/b/n/10'.
(microtype)             Ignoring protrusion settings for this character.
Package microtype Info: Character `₂' is missing
(microtype)             in font `TU/TeXGyrePagella(0)/b/n/10'.
(microtype)             Ignoring protrusion settings for this character.
Package microtype Info: Character `₃' is missing
(microtype)             in font `TU/TeXGyrePagella(0)/b/n/10'.
(microtype)             Ignoring protrusion settings for this character.
Package microtype Info: Character `₄' is missing
(microtype)             in font `TU/TeXGyrePagella(0)/b/n/10'.
(microtype)             Ignoring protrusion settings for this character.
Package microtype Info: Character `₅' is missing
(microtype)             in font `TU/TeXGyrePagella(0)/b/n/10'.
(microtype)             Ignoring protrusion settings for this character.
Package microtype Info: Character `₆' is missing
(microtype)             in font `TU/TeXGyrePagella(0)/b/n/10'.
(microtype)             Ignoring protrusion settings for this character.
Package microtype Info: Character `₇' is missing
(microtype)             in font `TU/TeXGyrePagella(0)/b/n/10'.
(microtype)             Ignoring protrusion settings for this character.
Package microtype Info: Character `₈' is missing
(microtype)             in font `TU/TeXGyrePagella(0)/b/n/10'.
(microtype)             Ignoring protrusion settings for this character.
Package microtype Info: Character `₉' is missing
(microtype)             in font `TU/TeXGyrePagella(0)/b/n/10'.
(microtype)             Ignoring protrusion settings for this character.
Package microtype Info: Character `₊' is missing
(microtype)             in font `TU/TeXGyrePagella(0)/b/n/10'.
(microtype)             Ignoring protrusion settings for this character.
Package microtype Info: Character `₋' is missing
(microtype)             in font `TU/TeXGyrePagella(0)/b/n/10'.
(microtype)             Ignoring protrusion settings for this character.
Package microtype Info: Character `⁺' is missing
(microtype)             in font `TU/TeXGyrePagella(0)/b/n/10'.
(microtype)             Ignoring protrusion settings for this character.
Package microtype Info: Character `⁻' is missing
(microtype)             in font `TU/TeXGyrePagella(0)/b/n/10'.
(microtype)             Ignoring protrusion settings for this character.
)

LaTeX Warning: `h' float specifier changed to `ht'.


Package fancyhdr Warning: \headheight is too small (24.0pt): 
(fancyhdr)                Make it at least 24.01996pt, for example:
(fancyhdr)                \setlength{\headheight}{24.01996pt}.
(fancyhdr)                You might also make \topmargin smaller to compensate:

(fancyhdr)                \addtolength{\topmargin}{-0.01996pt}.

[29]

Package fancyhdr Warning: \headheight is too small (24.0pt): 
(fancyhdr)                Make it at least 24.01996pt, for example:
(fancyhdr)                \setlength{\headheight}{24.01996pt}.
(fancyhdr)                You might also make \topmargin smaller to compensate:

(fancyhdr)                \addtolength{\topmargin}{-0.01996pt}.

[30]

Package fancyhdr Warning: \headheight is too small (24.0pt): 
(fancyhdr)                Make it at least 24.01996pt, for example:
(fancyhdr)                \setlength{\headheight}{24.01996pt}.
(fancyhdr)                You might also make \topmargin smaller to compensate:

(fancyhdr)                \addtolength{\topmargin}{-0.01996pt}.

[31])

Package fancyhdr Warning: \headheight is too small (24.0pt): 
(fancyhdr)                Make it at least 24.01996pt, for example:
(fancyhdr)                \setlength{\headheight}{24.01996pt}.
(fancyhdr)                You might also make \topmargin smaller to compensate:

(fancyhdr)                \addtolength{\topmargin}{-0.01996pt}.

[32] [33

] [34] (./chapters/ch05-basic-syntax.tex
Chapter 5.
Package marginnote Info: Margin note 51.1 is on absolute page 51 on input line 
14.
Package marginnote Info: xpos seems to be 85.35826pt on input line 14.

warning  (pdf backend): ignoring duplicate destination with the name 'tcb@cnt@de
finition.1'

warning  (pdf backend): ignoring duplicate destination with the name 'tcb@cnt@de
finition.2'

Underfull \vbox (badness 1817) has occurred while \output is active []

 [35

]
warning  (pdf backend): ignoring duplicate destination with the name 'tcb@cnt@de
finition.3'

warning  (pdf backend): ignoring duplicate destination with the name 'tcb@cnt@de
finition.4'

warning  (pdf backend): ignoring duplicate destination with the name 'tcb@cnt@de
finition.5'

Package fancyhdr Warning: \headheight is too small (24.0pt): 
(fancyhdr)                Make it at least 24.01996pt, for example:
(fancyhdr)                \setlength{\headheight}{24.01996pt}.
(fancyhdr)                You might also make \topmargin smaller to compensate:

(fancyhdr)                \addtolength{\topmargin}{-0.01996pt}.

[36]
warning  (pdf backend): ignoring duplicate destination with the name 'tcb@cnt@de
finition.6'

Package fancyhdr Warning: \headheight is too small (24.0pt): 
(fancyhdr)                Make it at least 24.01996pt, for example:
(fancyhdr)                \setlength{\headheight}{24.01996pt}.
(fancyhdr)                You might also make \topmargin smaller to compensate:

(fancyhdr)                \addtolength{\topmargin}{-0.01996pt}.

[37]) (./chapters/ch06-evaluation-dynamics.tex

Package fancyhdr Warning: \headheight is too small (24.0pt): 
(fancyhdr)                Make it at least 24.01996pt, for example:
(fancyhdr)                \setlength{\headheight}{24.01996pt}.
(fancyhdr)                You might also make \topmargin smaller to compensate:

(fancyhdr)                \addtolength{\topmargin}{-0.01996pt}.

[38]
Chapter 6.
Package marginnote Info: Margin note 55.1 is on absolute page 55 on input line 
14.
Package marginnote Info: xpos seems to be 85.35826pt on input line 14.

warning  (pdf backend): ignoring duplicate destination with the name 'tcb@cnt@de
finition.1'

warning  (pdf backend): ignoring duplicate destination with the name 'tcb@cnt@de
finition.2'

warning  (pdf backend): ignoring duplicate destination with the name 'tcb@cnt@de
finition.3'
[39

]
warning  (pdf backend): ignoring duplicate destination with the name 'tcb@cnt@de
finition.4'

Underfull \vbox (badness 10000) has occurred while \output is active []



Package fancyhdr Warning: \headheight is too small (24.0pt): 
(fancyhdr)                Make it at least 24.01996pt, for example:
(fancyhdr)                \setlength{\headheight}{24.01996pt}.
(fancyhdr)                You might also make \topmargin smaller to compensate:

(fancyhdr)                \addtolength{\topmargin}{-0.01996pt}.

[40]
warning  (pdf backend): ignoring duplicate destination with the name 'tcb@cnt@de
finition.5'

warning  (pdf backend): ignoring duplicate destination with the name 'tcb@cnt@de
finition.6'

Underfull \vbox (badness 10000) has occurred while \output is active []



Package fancyhdr Warning: \headheight is too small (24.0pt): 
(fancyhdr)                Make it at least 24.01996pt, for example:
(fancyhdr)                \setlength{\headheight}{24.01996pt}.
(fancyhdr)                You might also make \topmargin smaller to compensate:

(fancyhdr)                \addtolength{\topmargin}{-0.01996pt}.

[41]
warning  (pdf backend): ignoring duplicate destination with the name 'tcb@cnt@de
finition.7'

warning  (pdf backend): ignoring duplicate destination with the name 'tcb@cnt@th
eorem.1'

Package fancyhdr Warning: \headheight is too small (24.0pt): 
(fancyhdr)                Make it at least 24.01996pt, for example:
(fancyhdr)                \setlength{\headheight}{24.01996pt}.
(fancyhdr)                You might also make \topmargin smaller to compensate:

(fancyhdr)                \addtolength{\topmargin}{-0.01996pt}.

[42]

Package fancyhdr Warning: \headheight is too small (24.0pt): 
(fancyhdr)                Make it at least 24.01996pt, for example:
(fancyhdr)                \setlength{\headheight}{24.01996pt}.
(fancyhdr)                You might also make \topmargin smaller to compensate:

(fancyhdr)                \addtolength{\topmargin}{-0.01996pt}.

[43]) (./chapters/ch07-geometry-of-expressions.tex

Package fancyhdr Warning: \headheight is too small (24.0pt): 
(fancyhdr)                Make it at least 24.01996pt, for example:
(fancyhdr)                \setlength{\headheight}{24.01996pt}.
(fancyhdr)                You might also make \topmargin smaller to compensate:

(fancyhdr)                \addtolength{\topmargin}{-0.01996pt}.

[44]
Chapter 7.
Package marginnote Info: Margin note 61.1 is on absolute page 61 on input line 
13.
Package marginnote Info: xpos seems to be 85.35826pt on input line 13.

warning  (pdf backend): ignoring duplicate destination with the name 'tcb@cnt@de
finition.1'

warning  (pdf backend): ignoring duplicate destination with the name 'tcb@cnt@de
finition.2'
[45

]
warning  (pdf backend): ignoring duplicate destination with the name 'tcb@cnt@pr
oposition.1'

warning  (pdf backend): ignoring duplicate destination with the name 'tcb@cnt@de
finition.3'
(./diagrams/expression-shells.tex
Package microtype Info: Character `ﬆ' is missing
(microtype)             in font `TU/TeXGyrePagella(0)/m/sc/10'.
(microtype)             Ignoring protrusion settings for this character.
Package microtype Info: Character `ﬅ' is missing
(microtype)             in font `TU/TeXGyrePagella(0)/m/sc/10'.
(microtype)             Ignoring protrusion settings for this character.
Package microtype Info: Character `‥' is missing
(microtype)             in font `TU/TeXGyrePagella(0)/m/sc/10'.
(microtype)             Ignoring protrusion settings for this character.
Package microtype Info: Character `‼' is missing
(microtype)             in font `TU/TeXGyrePagella(0)/m/sc/10'.
(microtype)             Ignoring protrusion settings for this character.
Package microtype Info: Character `⁰' is missing
(microtype)             in font `TU/TeXGyrePagella(0)/m/sc/10'.
(microtype)             Ignoring protrusion settings for this character.
Package microtype Info: Character `⁴' is missing
(microtype)             in font `TU/TeXGyrePagella(0)/m/sc/10'.
(microtype)             Ignoring protrusion settings for this character.
Package microtype Info: Character `⁵' is missing
(microtype)             in font `TU/TeXGyrePagella(0)/m/sc/10'.
(microtype)             Ignoring protrusion settings for this character.
Package microtype Info: Character `⁶' is missing
(microtype)             in font `TU/TeXGyrePagella(0)/m/sc/10'.
(microtype)             Ignoring protrusion settings for this character.
Package microtype Info: Character `⁷' is missing
(microtype)             in font `TU/TeXGyrePagella(0)/m/sc/10'.
(microtype)             Ignoring protrusion settings for this character.
Package microtype Info: Character `⁸' is missing
(microtype)             in font `TU/TeXGyrePagella(0)/m/sc/10'.
(microtype)             Ignoring protrusion settings for this character.
Package microtype Info: Character `⁹' is missing
(microtype)             in font `TU/TeXGyrePagella(0)/m/sc/10'.
(microtype)             Ignoring protrusion settings for this character.
Package microtype Info: Character `₀' is missing
(microtype)             in font `TU/TeXGyrePagella(0)/m/sc/10'.
(microtype)             Ignoring protrusion settings for this character.
Package microtype Info: Character `₁' is missing
(microtype)             in font `TU/TeXGyrePagella(0)/m/sc/10'.
(microtype)             Ignoring protrusion settings for this character.
Package microtype Info: Character `₂' is missing
(microtype)             in font `TU/TeXGyrePagella(0)/m/sc/10'.
(microtype)             Ignoring protrusion settings for this character.
Package microtype Info: Character `₃' is missing
(microtype)             in font `TU/TeXGyrePagella(0)/m/sc/10'.
(microtype)             Ignoring protrusion settings for this character.
Package microtype Info: Character `₄' is missing
(microtype)             in font `TU/TeXGyrePagella(0)/m/sc/10'.
(microtype)             Ignoring protrusion settings for this character.
Package microtype Info: Character `₅' is missing
(microtype)             in font `TU/TeXGyrePagella(0)/m/sc/10'.
(microtype)             Ignoring protrusion settings for this character.
Package microtype Info: Character `₆' is missing
(microtype)             in font `TU/TeXGyrePagella(0)/m/sc/10'.
(microtype)             Ignoring protrusion settings for this character.
Package microtype Info: Character `₇' is missing
(microtype)             in font `TU/TeXGyrePagella(0)/m/sc/10'.
(microtype)             Ignoring protrusion settings for this character.
Package microtype Info: Character `₈' is missing
(microtype)             in font `TU/TeXGyrePagella(0)/m/sc/10'.
(microtype)             Ignoring protrusion settings for this character.
Package microtype Info: Character `₉' is missing
(microtype)             in font `TU/TeXGyrePagella(0)/m/sc/10'.
(microtype)             Ignoring protrusion settings for this character.
Package microtype Info: Character `₊' is missing
(microtype)             in font `TU/TeXGyrePagella(0)/m/sc/10'.
(microtype)             Ignoring protrusion settings for this character.
Package microtype Info: Character `₋' is missing
(microtype)             in font `TU/TeXGyrePagella(0)/m/sc/10'.
(microtype)             Ignoring protrusion settings for this character.
Package microtype Info: Character `⁺' is missing
(microtype)             in font `TU/TeXGyrePagella(0)/m/sc/10'.
(microtype)             Ignoring protrusion settings for this character.
Package microtype Info: Character `⁻' is missing
(microtype)             in font `TU/TeXGyrePagella(0)/m/sc/10'.
(microtype)             Ignoring protrusion settings for this character.
Package microtype Info: Character `ﬅ' is missing
(microtype)             in font `TU/TeXGyrePagella(0)/m/sc/10'.
(microtype)             Ignoring protrusion settings for this character.
Package microtype Info: Character `ﬆ' is missing
(microtype)             in font `TU/TeXGyrePagella(0)/m/sc/10'.
(microtype)             Ignoring protrusion settings for this character.
Package microtype Info: Character `‥' is missing
(microtype)             in font `TU/TeXGyrePagella(0)/m/it/6'.
(microtype)             Ignoring protrusion settings for this character.
Package microtype Info: Character `⁰' is missing
(microtype)             in font `TU/TeXGyrePagella(0)/m/it/6'.
(microtype)             Ignoring protrusion settings for this character.
Package microtype Info: Character `⁴' is missing
(microtype)             in font `TU/TeXGyrePagella(0)/m/it/6'.
(microtype)             Ignoring protrusion settings for this character.
Package microtype Info: Character `⁵' is missing
(microtype)             in font `TU/TeXGyrePagella(0)/m/it/6'.
(microtype)             Ignoring protrusion settings for this character.
Package microtype Info: Character `⁶' is missing
(microtype)             in font `TU/TeXGyrePagella(0)/m/it/6'.
(microtype)             Ignoring protrusion settings for this character.
Package microtype Info: Character `⁷' is missing
(microtype)             in font `TU/TeXGyrePagella(0)/m/it/6'.
(microtype)             Ignoring protrusion settings for this character.
Package microtype Info: Character `⁸' is missing
(microtype)             in font `TU/TeXGyrePagella(0)/m/it/6'.
(microtype)             Ignoring protrusion settings for this character.
Package microtype Info: Character `⁹' is missing
(microtype)             in font `TU/TeXGyrePagella(0)/m/it/6'.
(microtype)             Ignoring protrusion settings for this character.
Package microtype Info: Character `₀' is missing
(microtype)             in font `TU/TeXGyrePagella(0)/m/it/6'.
(microtype)             Ignoring protrusion settings for this character.
Package microtype Info: Character `₁' is missing
(microtype)             in font `TU/TeXGyrePagella(0)/m/it/6'.
(microtype)             Ignoring protrusion settings for this character.
Package microtype Info: Character `₂' is missing
(microtype)             in font `TU/TeXGyrePagella(0)/m/it/6'.
(microtype)             Ignoring protrusion settings for this character.
Package microtype Info: Character `₃' is missing
(microtype)             in font `TU/TeXGyrePagella(0)/m/it/6'.
(microtype)             Ignoring protrusion settings for this character.
Package microtype Info: Character `₄' is missing
(microtype)             in font `TU/TeXGyrePagella(0)/m/it/6'.
(microtype)             Ignoring protrusion settings for this character.
Package microtype Info: Character `₅' is missing
(microtype)             in font `TU/TeXGyrePagella(0)/m/it/6'.
(microtype)             Ignoring protrusion settings for this character.
Package microtype Info: Character `₆' is missing
(microtype)             in font `TU/TeXGyrePagella(0)/m/it/6'.
(microtype)             Ignoring protrusion settings for this character.
Package microtype Info: Character `₇' is missing
(microtype)             in font `TU/TeXGyrePagella(0)/m/it/6'.
(microtype)             Ignoring protrusion settings for this character.
Package microtype Info: Character `₈' is missing
(microtype)             in font `TU/TeXGyrePagella(0)/m/it/6'.
(microtype)             Ignoring protrusion settings for this character.
Package microtype Info: Character `₉' is missing
(microtype)             in font `TU/TeXGyrePagella(0)/m/it/6'.
(microtype)             Ignoring protrusion settings for this character.
Package microtype Info: Character `₊' is missing
(microtype)             in font `TU/TeXGyrePagella(0)/m/it/6'.
(microtype)             Ignoring protrusion settings for this character.
Package microtype Info: Character `₋' is missing
(microtype)             in font `TU/TeXGyrePagella(0)/m/it/6'.
(microtype)             Ignoring protrusion settings for this character.
Package microtype Info: Character `⁺' is missing
(microtype)             in font `TU/TeXGyrePagella(0)/m/it/6'.
(microtype)             Ignoring protrusion settings for this character.
Package microtype Info: Character `⁻' is missing
(microtype)             in font `TU/TeXGyrePagella(0)/m/it/6'.
(microtype)             Ignoring protrusion settings for this character.
)

LaTeX Warning: `h' float specifier changed to `ht'.


warning  (pdf backend): ignoring duplicate destination with the name 'tcb@cnt@de
finition.4'

warning  (pdf backend): ignoring duplicate destination with the name 'tcb@cnt@pr
oposition.2'

Package fancyhdr Warning: \headheight is too small (24.0pt): 
(fancyhdr)                Make it at least 24.01996pt, for example:
(fancyhdr)                \setlength{\headheight}{24.01996pt}.
(fancyhdr)                You might also make \topmargin smaller to compensate:

(fancyhdr)                \addtolength{\topmargin}{-0.01996pt}.

[46]
warning  (pdf backend): ignoring duplicate destination with the name 'tcb@cnt@de
finition.5'

Package fancyhdr Warning: \headheight is too small (24.0pt): 
(fancyhdr)                Make it at least 24.01996pt, for example:
(fancyhdr)                \setlength{\headheight}{24.01996pt}.
(fancyhdr)                You might also make \topmargin smaller to compensate:

(fancyhdr)                \addtolength{\topmargin}{-0.01996pt}.

[47]

Package fancyhdr Warning: \headheight is too small (24.0pt): 
(fancyhdr)                Make it at least 24.01996pt, for example:
(fancyhdr)                \setlength{\headheight}{24.01996pt}.
(fancyhdr)                You might also make \topmargin smaller to compensate:

(fancyhdr)                \addtolength{\topmargin}{-0.01996pt}.

[48]) (./chapters/ch08-semantic-renormalization.tex

Package fancyhdr Warning: \headheight is too small (24.0pt): 
(fancyhdr)                Make it at least 24.01996pt, for example:
(fancyhdr)                \setlength{\headheight}{24.01996pt}.
(fancyhdr)                You might also make \topmargin smaller to compensate:

(fancyhdr)                \addtolength{\topmargin}{-0.01996pt}.

[49]

Package fancyhdr Warning: \headheight is too small (24.0pt): 
(fancyhdr)                Make it at least 24.01996pt, for example:
(fancyhdr)                \setlength{\headheight}{24.01996pt}.
(fancyhdr)                You might also make \topmargin smaller to compensate:

(fancyhdr)                \addtolength{\topmargin}{-0.01996pt}.

[50

]
Chapter 8.
Package marginnote Info: Margin note 67.1 is on absolute page 67 on input line 
14.
Package marginnote Info: xpos seems to be 85.35826pt on input line 14.

warning  (pdf backend): ignoring duplicate destination with the name 'tcb@cnt@de
finition.1'

warning  (pdf backend): ignoring duplicate destination with the name 'tcb@cnt@de
finition.2'
[51]
warning  (pdf backend): ignoring duplicate destination with the name 'tcb@cnt@de
finition.3'

Overfull \hbox (3.48428pt too wide) in paragraph at lines 91--96
[]\TU/TeXGyrePagella(0)/m/n/12 Ab-strac-tion is de-ferred renor-mal-iza-tion: we
 give a name to the re-sult of a sub-computation
 []


Package fancyhdr Warning: \headheight is too small (24.0pt): 
(fancyhdr)                Make it at least 24.01996pt, for example:
(fancyhdr)                \setlength{\headheight}{24.01996pt}.
(fancyhdr)                You might also make \topmargin smaller to compensate:

(fancyhdr)                \addtolength{\topmargin}{-0.01996pt}.

[52]
warning  (pdf backend): ignoring duplicate destination with the name 'tcb@cnt@de
finition.4'

Underfull \vbox (badness 1983) has occurred while \output is active []



Package fancyhdr Warning: \headheight is too small (24.0pt): 
(fancyhdr)                Make it at least 24.01996pt, for example:
(fancyhdr)                \setlength{\headheight}{24.01996pt}.
(fancyhdr)                You might also make \topmargin smaller to compensate:

(fancyhdr)                \addtolength{\topmargin}{-0.01996pt}.

[53]
warning  (pdf backend): ignoring duplicate destination with the name 'tcb@cnt@pr
oposition.1'

Package fancyhdr Warning: \headheight is too small (24.0pt): 
(fancyhdr)                Make it at least 24.01996pt, for example:
(fancyhdr)                \setlength{\headheight}{24.01996pt}.
(fancyhdr)                You might also make \topmargin smaller to compensate:

(fancyhdr)                \addtolength{\topmargin}{-0.01996pt}.

[54]) (./chapters/ch09-action-histories.tex

Package fancyhdr Warning: \headheight is too small (24.0pt): 
(fancyhdr)                Make it at least 24.01996pt, for example:
(fancyhdr)                \setlength{\headheight}{24.01996pt}.
(fancyhdr)                You might also make \topmargin smaller to compensate:

(fancyhdr)                \addtolength{\topmargin}{-0.01996pt}.

[55]

Package fancyhdr Warning: \headheight is too small (24.0pt): 
(fancyhdr)                Make it at least 24.01996pt, for example:
(fancyhdr)                \setlength{\headheight}{24.01996pt}.
(fancyhdr)                You might also make \topmargin smaller to compensate:

(fancyhdr)                \addtolength{\topmargin}{-0.01996pt}.

[56

]
Chapter 9.
Package marginnote Info: Margin note 73.1 is on absolute page 73 on input line 
14.
Package marginnote Info: xpos seems to be 85.35826pt on input line 14.

warning  (pdf backend): ignoring duplicate destination with the name 'tcb@cnt@de
finition.1'

Underfull \vbox (badness 1127) has occurred while \output is active []

 [57]
warning  (pdf backend): ignoring duplicate destination with the name 'tcb@cnt@de
finition.2'

Package fancyhdr Warning: \headheight is too small (24.0pt): 
(fancyhdr)                Make it at least 24.01996pt, for example:
(fancyhdr)                \setlength{\headheight}{24.01996pt}.
(fancyhdr)                You might also make \topmargin smaller to compensate:

(fancyhdr)                \addtolength{\topmargin}{-0.01996pt}.

[58]
warning  (pdf backend): ignoring duplicate destination with the name 'tcb@cnt@de
finition.3'

warning  (pdf backend): ignoring duplicate destination with the name 'tcb@cnt@de
finition.4'

warning  (pdf backend): ignoring duplicate destination with the name 'tcb@cnt@pr
oposition.1'

Package fancyhdr Warning: \headheight is too small (24.0pt): 
(fancyhdr)                Make it at least 24.01996pt, for example:
(fancyhdr)                \setlength{\headheight}{24.01996pt}.
(fancyhdr)                You might also make \topmargin smaller to compensate:

(fancyhdr)                \addtolength{\topmargin}{-0.01996pt}.

[59]
warning  (pdf backend): ignoring duplicate destination with the name 'tcb@cnt@pr
oposition.2'

Package fancyhdr Warning: \headheight is too small (24.0pt): 
(fancyhdr)                Make it at least 24.01996pt, for example:
(fancyhdr)                \setlength{\headheight}{24.01996pt}.
(fancyhdr)                You might also make \topmargin smaller to compensate:

(fancyhdr)                \addtolength{\topmargin}{-0.01996pt}.

[60]
warning  (pdf backend): ignoring duplicate destination with the name 'tcb@cnt@de
finition.5'

Package fancyhdr Warning: \headheight is too small (24.0pt): 
(fancyhdr)                Make it at least 24.01996pt, for example:
(fancyhdr)                \setlength{\headheight}{24.01996pt}.
(fancyhdr)                You might also make \topmargin smaller to compensate:

(fancyhdr)                \addtolength{\topmargin}{-0.01996pt}.

[61])

Package fancyhdr Warning: \headheight is too small (24.0pt): 
(fancyhdr)                Make it at least 24.01996pt, for example:
(fancyhdr)                \setlength{\headheight}{24.01996pt}.
(fancyhdr)                You might also make \topmargin smaller to compensate:

(fancyhdr)                \addtolength{\topmargin}{-0.01996pt}.

[62] [63

] [64] (./chapters/ch10-gesture-primary-reality.tex
Chapter 10.
Package marginnote Info: Margin note 81.1 is on absolute page 81 on input line 
13.
Package marginnote Info: xpos seems to be 85.35826pt on input line 13.
[65

]
warning  (pdf backend): ignoring duplicate destination with the name 'tcb@cnt@de
finition.1'
(./diagrams/gesture-manifold-3d.tex
LaTeX Font Info:    Font shape `TU/LatinModernMono(0)/m/it' will be
(Font)              scaled to size 10.88165pt on input line 57.
Package microtype Info: Character `‥' is missing
(microtype)             in font `TU/TeXGyrePagella(0)/m/it/7'.
(microtype)             Ignoring protrusion settings for this character.
Package microtype Info: Character `⁰' is missing
(microtype)             in font `TU/TeXGyrePagella(0)/m/it/7'.
(microtype)             Ignoring protrusion settings for this character.
Package microtype Info: Character `⁴' is missing
(microtype)             in font `TU/TeXGyrePagella(0)/m/it/7'.
(microtype)             Ignoring protrusion settings for this character.
Package microtype Info: Character `⁵' is missing
(microtype)             in font `TU/TeXGyrePagella(0)/m/it/7'.
(microtype)             Ignoring protrusion settings for this character.
Package microtype Info: Character `⁶' is missing
(microtype)             in font `TU/TeXGyrePagella(0)/m/it/7'.
(microtype)             Ignoring protrusion settings for this character.
Package microtype Info: Character `⁷' is missing
(microtype)             in font `TU/TeXGyrePagella(0)/m/it/7'.
(microtype)             Ignoring protrusion settings for this character.
Package microtype Info: Character `⁸' is missing
(microtype)             in font `TU/TeXGyrePagella(0)/m/it/7'.
(microtype)             Ignoring protrusion settings for this character.
Package microtype Info: Character `⁹' is missing
(microtype)             in font `TU/TeXGyrePagella(0)/m/it/7'.
(microtype)             Ignoring protrusion settings for this character.
Package microtype Info: Character `₀' is missing
(microtype)             in font `TU/TeXGyrePagella(0)/m/it/7'.
(microtype)             Ignoring protrusion settings for this character.
Package microtype Info: Character `₁' is missing
(microtype)             in font `TU/TeXGyrePagella(0)/m/it/7'.
(microtype)             Ignoring protrusion settings for this character.
Package microtype Info: Character `₂' is missing
(microtype)             in font `TU/TeXGyrePagella(0)/m/it/7'.
(microtype)             Ignoring protrusion settings for this character.
Package microtype Info: Character `₃' is missing
(microtype)             in font `TU/TeXGyrePagella(0)/m/it/7'.
(microtype)             Ignoring protrusion settings for this character.
Package microtype Info: Character `₄' is missing
(microtype)             in font `TU/TeXGyrePagella(0)/m/it/7'.
(microtype)             Ignoring protrusion settings for this character.
Package microtype Info: Character `₅' is missing
(microtype)             in font `TU/TeXGyrePagella(0)/m/it/7'.
(microtype)             Ignoring protrusion settings for this character.
Package microtype Info: Character `₆' is missing
(microtype)             in font `TU/TeXGyrePagella(0)/m/it/7'.
(microtype)             Ignoring protrusion settings for this character.
Package microtype Info: Character `₇' is missing
(microtype)             in font `TU/TeXGyrePagella(0)/m/it/7'.
(microtype)             Ignoring protrusion settings for this character.
Package microtype Info: Character `₈' is missing
(microtype)             in font `TU/TeXGyrePagella(0)/m/it/7'.
(microtype)             Ignoring protrusion settings for this character.
Package microtype Info: Character `₉' is missing
(microtype)             in font `TU/TeXGyrePagella(0)/m/it/7'.
(microtype)             Ignoring protrusion settings for this character.
Package microtype Info: Character `₊' is missing
(microtype)             in font `TU/TeXGyrePagella(0)/m/it/7'.
(microtype)             Ignoring protrusion settings for this character.
Package microtype Info: Character `₋' is missing
(microtype)             in font `TU/TeXGyrePagella(0)/m/it/7'.
(microtype)             Ignoring protrusion settings for this character.
Package microtype Info: Character `⁺' is missing
(microtype)             in font `TU/TeXGyrePagella(0)/m/it/7'.
(microtype)             Ignoring protrusion settings for this character.
Package microtype Info: Character `⁻' is missing
(microtype)             in font `TU/TeXGyrePagella(0)/m/it/7'.
(microtype)             Ignoring protrusion settings for this character.
Package microtype Info: Character `‥' is missing
(microtype)             in font `TU/TeXGyrePagella(0)/m/it/5'.
(microtype)             Ignoring protrusion settings for this character.
Package microtype Info: Character `⁰' is missing
(microtype)             in font `TU/TeXGyrePagella(0)/m/it/5'.
(microtype)             Ignoring protrusion settings for this character.
Package microtype Info: Character `⁴' is missing
(microtype)             in font `TU/TeXGyrePagella(0)/m/it/5'.
(microtype)             Ignoring protrusion settings for this character.
Package microtype Info: Character `⁵' is missing
(microtype)             in font `TU/TeXGyrePagella(0)/m/it/5'.
(microtype)             Ignoring protrusion settings for this character.
Package microtype Info: Character `⁶' is missing
(microtype)             in font `TU/TeXGyrePagella(0)/m/it/5'.
(microtype)             Ignoring protrusion settings for this character.
Package microtype Info: Character `⁷' is missing
(microtype)             in font `TU/TeXGyrePagella(0)/m/it/5'.
(microtype)             Ignoring protrusion settings for this character.
Package microtype Info: Character `⁸' is missing
(microtype)             in font `TU/TeXGyrePagella(0)/m/it/5'.
(microtype)             Ignoring protrusion settings for this character.
Package microtype Info: Character `⁹' is missing
(microtype)             in font `TU/TeXGyrePagella(0)/m/it/5'.
(microtype)             Ignoring protrusion settings for this character.
Package microtype Info: Character `₀' is missing
(microtype)             in font `TU/TeXGyrePagella(0)/m/it/5'.
(microtype)             Ignoring protrusion settings for this character.
Package microtype Info: Character `₁' is missing
(microtype)             in font `TU/TeXGyrePagella(0)/m/it/5'.
(microtype)             Ignoring protrusion settings for this character.
Package microtype Info: Character `₂' is missing
(microtype)             in font `TU/TeXGyrePagella(0)/m/it/5'.
(microtype)             Ignoring protrusion settings for this character.
Package microtype Info: Character `₃' is missing
(microtype)             in font `TU/TeXGyrePagella(0)/m/it/5'.
(microtype)             Ignoring protrusion settings for this character.
Package microtype Info: Character `₄' is missing
(microtype)             in font `TU/TeXGyrePagella(0)/m/it/5'.
(microtype)             Ignoring protrusion settings for this character.
Package microtype Info: Character `₅' is missing
(microtype)             in font `TU/TeXGyrePagella(0)/m/it/5'.
(microtype)             Ignoring protrusion settings for this character.
Package microtype Info: Character `₆' is missing
(microtype)             in font `TU/TeXGyrePagella(0)/m/it/5'.
(microtype)             Ignoring protrusion settings for this character.
Package microtype Info: Character `₇' is missing
(microtype)             in font `TU/TeXGyrePagella(0)/m/it/5'.
(microtype)             Ignoring protrusion settings for this character.
Package microtype Info: Character `₈' is missing
(microtype)             in font `TU/TeXGyrePagella(0)/m/it/5'.
(microtype)             Ignoring protrusion settings for this character.
Package microtype Info: Character `₉' is missing
(microtype)             in font `TU/TeXGyrePagella(0)/m/it/5'.
(microtype)             Ignoring protrusion settings for this character.
Package microtype Info: Character `₊' is missing
(microtype)             in font `TU/TeXGyrePagella(0)/m/it/5'.
(microtype)             Ignoring protrusion settings for this character.
Package microtype Info: Character `₋' is missing
(microtype)             in font `TU/TeXGyrePagella(0)/m/it/5'.
(microtype)             Ignoring protrusion settings for this character.
Package microtype Info: Character `⁺' is missing
(microtype)             in font `TU/TeXGyrePagella(0)/m/it/5'.
(microtype)             Ignoring protrusion settings for this character.
Package microtype Info: Character `⁻' is missing
(microtype)             in font `TU/TeXGyrePagella(0)/m/it/5'.
(microtype)             Ignoring protrusion settings for this character.
)

Package fancyhdr Warning: \headheight is too small (24.0pt): 
(fancyhdr)                Make it at least 24.01996pt, for example:
(fancyhdr)                \setlength{\headheight}{24.01996pt}.
(fancyhdr)                You might also make \topmargin smaller to compensate:

(fancyhdr)                \addtolength{\topmargin}{-0.01996pt}.

[66]
warning  (pdf backend): ignoring duplicate destination with the name 'tcb@cnt@pr
oposition.1'

Package fancyhdr Warning: \headheight is too small (24.0pt): 
(fancyhdr)                Make it at least 24.01996pt, for example:
(fancyhdr)                \setlength{\headheight}{24.01996pt}.
(fancyhdr)                You might also make \topmargin smaller to compensate:

(fancyhdr)                \addtolength{\topmargin}{-0.01996pt}.

[67]
Package marginnote Info: Margin note 84.1 is on absolute page 84 on input line 
167.
Package marginnote Info: xpos seems to be 56.9055pt on input line 167.

Underfull \vbox (badness 10000) has occurred while \output is active []



Package fancyhdr Warning: \headheight is too small (24.0pt): 
(fancyhdr)                Make it at least 24.01996pt, for example:
(fancyhdr)                \setlength{\headheight}{24.01996pt}.
(fancyhdr)                You might also make \topmargin smaller to compensate:

(fancyhdr)                \addtolength{\topmargin}{-0.01996pt}.

[68
Missing character: There is no ⚠ (U+26A0) in font TeXGyreHeros/B:mode=node;scr
ipt=latn;language=dflt;+tlig;!
]) (./chapters/ch11-trajectories-admissibility.tex

Package fancyhdr Warning: \headheight is too small (24.0pt): 
(fancyhdr)                Make it at least 24.01996pt, for example:
(fancyhdr)                \setlength{\headheight}{24.01996pt}.
(fancyhdr)                You might also make \topmargin smaller to compensate:

(fancyhdr)                \addtolength{\topmargin}{-0.01996pt}.

[69]

Package fancyhdr Warning: \headheight is too small (24.0pt): 
(fancyhdr)                Make it at least 24.01996pt, for example:
(fancyhdr)                \setlength{\headheight}{24.01996pt}.
(fancyhdr)                You might also make \topmargin smaller to compensate:

(fancyhdr)                \addtolength{\topmargin}{-0.01996pt}.

[70

]
Chapter 11.
Package marginnote Info: Margin note 87.1 is on absolute page 87 on input line 
14.
Package marginnote Info: xpos seems to be 85.35826pt on input line 14.

warning  (pdf backend): ignoring duplicate destination with the name 'tcb@cnt@de
finition.1'
[71]
warning  (pdf backend): ignoring duplicate destination with the name 'tcb@cnt@de
finition.2'

warning  (pdf backend): ignoring duplicate destination with the name 'tcb@cnt@de
finition.3'

Package fancyhdr Warning: \headheight is too small (24.0pt): 
(fancyhdr)                Make it at least 24.01996pt, for example:
(fancyhdr)                \setlength{\headheight}{24.01996pt}.
(fancyhdr)                You might also make \topmargin smaller to compensate:

(fancyhdr)                \addtolength{\topmargin}{-0.01996pt}.

[72]
warning  (pdf backend): ignoring duplicate destination with the name 'tcb@cnt@de
finition.4'

warning  (pdf backend): ignoring duplicate destination with the name 'tcb@cnt@th
eorem.1'

Package fancyhdr Warning: \headheight is too small (24.0pt): 
(fancyhdr)                Make it at least 24.01996pt, for example:
(fancyhdr)                \setlength{\headheight}{24.01996pt}.
(fancyhdr)                You might also make \topmargin smaller to compensate:

(fancyhdr)                \addtolength{\topmargin}{-0.01996pt}.

[73]) (./chapters/ch12-keyboards-gesture-sensors.tex

Package fancyhdr Warning: \headheight is too small (24.0pt): 
(fancyhdr)                Make it at least 24.01996pt, for example:
(fancyhdr)                \setlength{\headheight}{24.01996pt}.
(fancyhdr)                You might also make \topmargin smaller to compensate:

(fancyhdr)                \addtolength{\topmargin}{-0.01996pt}.

[74]
Chapter 12.
Package marginnote Info: Margin note 91.1 is on absolute page 91 on input line 
14.
Package marginnote Info: xpos seems to be 85.35826pt on input line 14.

warning  (pdf backend): ignoring duplicate destination with the name 'tcb@cnt@de
finition.1'
[75

]
warning  (pdf backend): ignoring duplicate destination with the name 'tcb@cnt@de
finition.2'

warning  (pdf backend): ignoring duplicate destination with the name 'tcb@cnt@de
finition.3'

Underfull \vbox (badness 2103) has occurred while \output is active []



Package fancyhdr Warning: \headheight is too small (24.0pt): 
(fancyhdr)                Make it at least 24.01996pt, for example:
(fancyhdr)                \setlength{\headheight}{24.01996pt}.
(fancyhdr)                You might also make \topmargin smaller to compensate:

(fancyhdr)                \addtolength{\topmargin}{-0.01996pt}.

[76]
warning  (pdf backend): ignoring duplicate destination with the name 'tcb@cnt@de
finition.4'

warning  (pdf backend): ignoring duplicate destination with the name 'tcb@cnt@de
finition.5'

warning  (pdf backend): ignoring duplicate destination with the name 'tcb@cnt@de
finition.6'

Package fancyhdr Warning: \headheight is too small (24.0pt): 
(fancyhdr)                Make it at least 24.01996pt, for example:
(fancyhdr)                \setlength{\headheight}{24.01996pt}.
(fancyhdr)                You might also make \topmargin smaller to compensate:

(fancyhdr)                \addtolength{\topmargin}{-0.01996pt}.

[77]
warning  (pdf backend): ignoring duplicate destination with the name 'tcb@cnt@th
eorem.1'

Underfull \vbox (badness 1478) has occurred while \output is active []



Package fancyhdr Warning: \headheight is too small (24.0pt): 
(fancyhdr)                Make it at least 24.01996pt, for example:
(fancyhdr)                \setlength{\headheight}{24.01996pt}.
(fancyhdr)                You might also make \topmargin smaller to compensate:

(fancyhdr)                \addtolength{\topmargin}{-0.01996pt}.

[78]) (./chapters/ch13-gesture-reconstruction.tex

Package fancyhdr Warning: \headheight is too small (24.0pt): 
(fancyhdr)                Make it at least 24.01996pt, for example:
(fancyhdr)                \setlength{\headheight}{24.01996pt}.
(fancyhdr)                You might also make \topmargin smaller to compensate:

(fancyhdr)                \addtolength{\topmargin}{-0.01996pt}.

[79]

Package fancyhdr Warning: \headheight is too small (24.0pt): 
(fancyhdr)                Make it at least 24.01996pt, for example:
(fancyhdr)                \setlength{\headheight}{24.01996pt}.
(fancyhdr)                You might also make \topmargin smaller to compensate:

(fancyhdr)                \addtolength{\topmargin}{-0.01996pt}.

[80

]
Chapter 13.
Package marginnote Info: Margin note 97.1 is on absolute page 97 on input line 
14.
Package marginnote Info: xpos seems to be 85.35826pt on input line 14.
[81]
warning  (pdf backend): ignoring duplicate destination with the name 'tcb@cnt@de
finition.1'

warning  (pdf backend): ignoring duplicate destination with the name 'tcb@cnt@de
finition.2'

Package fancyhdr Warning: \headheight is too small (24.0pt): 
(fancyhdr)                Make it at least 24.01996pt, for example:
(fancyhdr)                \setlength{\headheight}{24.01996pt}.
(fancyhdr)                You might also make \topmargin smaller to compensate:

(fancyhdr)                \addtolength{\topmargin}{-0.01996pt}.

[82]
warning  (pdf backend): ignoring duplicate destination with the name 'tcb@cnt@de
finition.3'

Package fancyhdr Warning: \headheight is too small (24.0pt): 
(fancyhdr)                Make it at least 24.01996pt, for example:
(fancyhdr)                \setlength{\headheight}{24.01996pt}.
(fancyhdr)                You might also make \topmargin smaller to compensate:

(fancyhdr)                \addtolength{\topmargin}{-0.01996pt}.

[83]
warning  (pdf backend): ignoring duplicate destination with the name 'tcb@cnt@de
finition.4'

Package fancyhdr Warning: \headheight is too small (24.0pt): 
(fancyhdr)                Make it at least 24.01996pt, for example:
(fancyhdr)                \setlength{\headheight}{24.01996pt}.
(fancyhdr)                You might also make \topmargin smaller to compensate:

(fancyhdr)                \addtolength{\topmargin}{-0.01996pt}.

[84])

Package fancyhdr Warning: \headheight is too small (24.0pt): 
(fancyhdr)                Make it at least 24.01996pt, for example:
(fancyhdr)                \setlength{\headheight}{24.01996pt}.
(fancyhdr)                You might also make \topmargin smaller to compensate:

(fancyhdr)                \addtolength{\topmargin}{-0.01996pt}.

[85]

Package fancyhdr Warning: \headheight is too small (24.0pt): 
(fancyhdr)                Make it at least 24.01996pt, for example:
(fancyhdr)                \setlength{\headheight}{24.01996pt}.
(fancyhdr)                You might also make \topmargin smaller to compensate:

(fancyhdr)                \addtolength{\topmargin}{-0.01996pt}.

[86

] [87] [88] (./chapters/ch14-accessibility-landscapes.tex
Chapter 14.
Package marginnote Info: Margin note 105.1 is on absolute page 105 on input lin
e 13.
Package marginnote Info: xpos seems to be 85.35826pt on input line 13.

warning  (pdf backend): ignoring duplicate destination with the name 'tcb@cnt@de
finition.1'

warning  (pdf backend): ignoring duplicate destination with the name 'tcb@cnt@de
finition.2'

Underfull \vbox (badness 5431) has occurred while \output is active []

 [89

]
warning  (pdf backend): ignoring duplicate destination with the name 'tcb@cnt@de
finition.3'

warning  (pdf backend): ignoring duplicate destination with the name 'tcb@cnt@pr
oposition.1'

warning  (pdf backend): ignoring duplicate destination with the name 'tcb@cnt@de
finition.4'

warning  (pdf backend): ignoring duplicate destination with the name 'tcb@cnt@de
finition.5'

Package fancyhdr Warning: \headheight is too small (24.0pt): 
(fancyhdr)                Make it at least 24.01996pt, for example:
(fancyhdr)                \setlength{\headheight}{24.01996pt}.
(fancyhdr)                You might also make \topmargin smaller to compensate:

(fancyhdr)                \addtolength{\topmargin}{-0.01996pt}.

[90]
warning  (pdf backend): ignoring duplicate destination with the name 'tcb@cnt@de
finition.6'

Package fancyhdr Warning: \headheight is too small (24.0pt): 
(fancyhdr)                Make it at least 24.01996pt, for example:
(fancyhdr)                \setlength{\headheight}{24.01996pt}.
(fancyhdr)                You might also make \topmargin smaller to compensate:

(fancyhdr)                \addtolength{\topmargin}{-0.01996pt}.

[91]) (./chapters/ch15-clio-constraint-inference.tex

Package fancyhdr Warning: \headheight is too small (24.0pt): 
(fancyhdr)                Make it at least 24.01996pt, for example:
(fancyhdr)                \setlength{\headheight}{24.01996pt}.
(fancyhdr)                You might also make \topmargin smaller to compensate:

(fancyhdr)                \addtolength{\topmargin}{-0.01996pt}.

[92]
Chapter 15.

Overfull \hbox (6.82376pt too wide) in paragraph at lines 5--5
\TU/TeXGyrePagella(0)/b/n/24.88 CLIO and Constraint-Leveraged In-fer-ence| 
 []

Package marginnote Info: Margin note 109.1 is on absolute page 109 on input lin
e 13.
Package marginnote Info: xpos seems to be 85.35826pt on input line 13.

warning  (pdf backend): ignoring duplicate destination with the name 'tcb@cnt@de
finition.1'
[93

]
warning  (pdf backend): ignoring duplicate destination with the name 'tcb@cnt@de
finition.2'

Package fancyhdr Warning: \headheight is too small (24.0pt): 
(fancyhdr)                Make it at least 24.01996pt, for example:
(fancyhdr)                \setlength{\headheight}{24.01996pt}.
(fancyhdr)                You might also make \topmargin smaller to compensate:

(fancyhdr)                \addtolength{\topmargin}{-0.01996pt}.

[94]
warning  (pdf backend): ignoring duplicate destination with the name 'tcb@cnt@th
eorem.1'

Underfull \vbox (badness 1635) has occurred while \output is active []



Package fancyhdr Warning: \headheight is too small (24.0pt): 
(fancyhdr)                Make it at least 24.01996pt, for example:
(fancyhdr)                \setlength{\headheight}{24.01996pt}.
(fancyhdr)                You might also make \topmargin smaller to compensate:

(fancyhdr)                \addtolength{\topmargin}{-0.01996pt}.

[95]) (./chapters/ch16-projection-engines.tex

Package fancyhdr Warning: \headheight is too small (24.0pt): 
(fancyhdr)                Make it at least 24.01996pt, for example:
(fancyhdr)                \setlength{\headheight}{24.01996pt}.
(fancyhdr)                You might also make \topmargin smaller to compensate:

(fancyhdr)                \addtolength{\topmargin}{-0.01996pt}.

[96]
Chapter 16.
Package marginnote Info: Margin note 113.1 is on absolute page 113 on input lin
e 16.
Package marginnote Info: xpos seems to be 85.35826pt on input line 16.

warning  (pdf backend): ignoring duplicate destination with the name 'tcb@cnt@de
finition.1'

Underfull \vbox (badness 2717) has occurred while \output is active []

 [97

]
warning  (pdf backend): ignoring duplicate destination with the name 'tcb@cnt@de
finition.2'

Package fancyhdr Warning: \headheight is too small (24.0pt): 
(fancyhdr)                Make it at least 24.01996pt, for example:
(fancyhdr)                \setlength{\headheight}{24.01996pt}.
(fancyhdr)                You might also make \topmargin smaller to compensate:

(fancyhdr)                \addtolength{\topmargin}{-0.01996pt}.

[98]) (./chapters/ch17-sheaves-fibers-gluing.tex

Package fancyhdr Warning: \headheight is too small (24.0pt): 
(fancyhdr)                Make it at least 24.01996pt, for example:
(fancyhdr)                \setlength{\headheight}{24.01996pt}.
(fancyhdr)                You might also make \topmargin smaller to compensate:

(fancyhdr)                \addtolength{\topmargin}{-0.01996pt}.

[99]

Package fancyhdr Warning: \headheight is too small (24.0pt): 
(fancyhdr)                Make it at least 24.01996pt, for example:
(fancyhdr)                \setlength{\headheight}{24.01996pt}.
(fancyhdr)                You might also make \topmargin smaller to compensate:

(fancyhdr)                \addtolength{\topmargin}{-0.01996pt}.

[100

]
Chapter 17.
Package marginnote Info: Margin note 117.1 is on absolute page 117 on input lin
e 14.
Package marginnote Info: xpos seems to be 85.35826pt on input line 14.

warning  (pdf backend): ignoring duplicate destination with the name 'tcb@cnt@de
finition.1'

Underfull \vbox (badness 3713) has occurred while \output is active []

 [101]
warning  (pdf backend): ignoring duplicate destination with the name 'tcb@cnt@de
finition.2'

Package fancyhdr Warning: \headheight is too small (24.0pt): 
(fancyhdr)                Make it at least 24.01996pt, for example:
(fancyhdr)                \setlength{\headheight}{24.01996pt}.
(fancyhdr)                You might also make \topmargin smaller to compensate:

(fancyhdr)                \addtolength{\topmargin}{-0.01996pt}.

[102]
warning  (pdf backend): ignoring duplicate destination with the name 'tcb@cnt@de
finition.3'

Package fancyhdr Warning: \headheight is too small (24.0pt): 
(fancyhdr)                Make it at least 24.01996pt, for example:
(fancyhdr)                \setlength{\headheight}{24.01996pt}.
(fancyhdr)                You might also make \topmargin smaller to compensate:

(fancyhdr)                \addtolength{\topmargin}{-0.01996pt}.

[103])

Package fancyhdr Warning: \headheight is too small (24.0pt): 
(fancyhdr)                Make it at least 24.01996pt, for example:
(fancyhdr)                \setlength{\headheight}{24.01996pt}.
(fancyhdr)                You might also make \topmargin smaller to compensate:

(fancyhdr)                \addtolength{\topmargin}{-0.01996pt}.

[104] [105

] [106] (./chapters/ch18-rsvp-plenum.tex
Chapter 18.
Package marginnote Info: Margin note 123.1 is on absolute page 123 on input lin
e 14.
Package marginnote Info: xpos seems to be 85.35826pt on input line 14.
[107

]
warning  (pdf backend): ignoring duplicate destination with the name 'tcb@cnt@de
finition.1'

warning  (pdf backend): ignoring duplicate destination with the name 'tcb@cnt@de
finition.2'

Underfull \hbox (badness 1082) in paragraph at lines 88--91
[]\TU/TeXGyrePagella(0)/m/n/12 For an iso-lated RSVP sys-tem, the global ac-ces-
si-bil-ity en-tropy $\TU/LatinModernMath(1)/m/n/12 𝑆[](𝑡) =
 []


Package fancyhdr Warning: \headheight is too small (24.0pt): 
(fancyhdr)                Make it at least 24.01996pt, for example:
(fancyhdr)                \setlength{\headheight}{24.01996pt}.
(fancyhdr)                You might also make \topmargin smaller to compensate:

(fancyhdr)                \addtolength{\topmargin}{-0.01996pt}.

[108]

Package fancyhdr Warning: \headheight is too small (24.0pt): 
(fancyhdr)                Make it at least 24.01996pt, for example:
(fancyhdr)                \setlength{\headheight}{24.01996pt}.
(fancyhdr)                You might also make \topmargin smaller to compensate:

(fancyhdr)                \addtolength{\topmargin}{-0.01996pt}.

[109]
warning  (pdf backend): ignoring duplicate destination with the name 'tcb@cnt@de
finition.3'
) (./chapters/ch19-accessibility-relaxation.tex

Package fancyhdr Warning: \headheight is too small (24.0pt): 
(fancyhdr)                Make it at least 24.01996pt, for example:
(fancyhdr)                \setlength{\headheight}{24.01996pt}.
(fancyhdr)                You might also make \topmargin smaller to compensate:

(fancyhdr)                \addtolength{\topmargin}{-0.01996pt}.

[110]
Chapter 19.
Package marginnote Info: Margin note 127.1 is on absolute page 127 on input lin
e 12.
Package marginnote Info: xpos seems to be 85.35826pt on input line 12.
[111

]
warning  (pdf backend): ignoring duplicate destination with the name 'tcb@cnt@de
finition.1'

Package fancyhdr Warning: \headheight is too small (24.0pt): 
(fancyhdr)                Make it at least 24.01996pt, for example:
(fancyhdr)                \setlength{\headheight}{24.01996pt}.
(fancyhdr)                You might also make \topmargin smaller to compensate:

(fancyhdr)                \addtolength{\topmargin}{-0.01996pt}.

[112]
warning  (pdf backend): ignoring duplicate destination with the name 'tcb@cnt@de
finition.2'

warning  (pdf backend): ignoring duplicate destination with the name 'tcb@cnt@de
finition.3'

Package fancyhdr Warning: \headheight is too small (24.0pt): 
(fancyhdr)                Make it at least 24.01996pt, for example:
(fancyhdr)                \setlength{\headheight}{24.01996pt}.
(fancyhdr)                You might also make \topmargin smaller to compensate:

(fancyhdr)                \addtolength{\topmargin}{-0.01996pt}.

[113]) (./chapters/ch20-fall-of-space.tex

Package fancyhdr Warning: \headheight is too small (24.0pt): 
(fancyhdr)                Make it at least 24.01996pt, for example:
(fancyhdr)                \setlength{\headheight}{24.01996pt}.
(fancyhdr)                You might also make \topmargin smaller to compensate:

(fancyhdr)                \addtolength{\topmargin}{-0.01996pt}.

[114]
Chapter 20.
Package marginnote Info: Margin note 131.1 is on absolute page 131 on input lin
e 10.
Package marginnote Info: xpos seems to be 85.35826pt on input line 10.

warning  (pdf backend): ignoring duplicate destination with the name 'tcb@cnt@de
finition.1'
[115

]
warning  (pdf backend): ignoring duplicate destination with the name 'tcb@cnt@de
finition.2'

Underfull \hbox (badness 1442) in paragraph at lines 72--78
[]\TU/TeXGyrePagella(0)/m/n/12 In the RSVP frame-work, cos-mic evo-lu-tion is co
n-straint de-scent: the uni-
 []


Package fancyhdr Warning: \headheight is too small (24.0pt): 
(fancyhdr)                Make it at least 24.01996pt, for example:
(fancyhdr)                \setlength{\headheight}{24.01996pt}.
(fancyhdr)                You might also make \topmargin smaller to compensate:

(fancyhdr)                \addtolength{\topmargin}{-0.01996pt}.

[116]) (./chapters/ch21-cosmology-accessibility-geometry.tex

Package fancyhdr Warning: \headheight is too small (24.0pt): 
(fancyhdr)                Make it at least 24.01996pt, for example:
(fancyhdr)                \setlength{\headheight}{24.01996pt}.
(fancyhdr)                You might also make \topmargin smaller to compensate:

(fancyhdr)                \addtolength{\topmargin}{-0.01996pt}.

[117]

Package fancyhdr Warning: \headheight is too small (24.0pt): 
(fancyhdr)                Make it at least 24.01996pt, for example:
(fancyhdr)                \setlength{\headheight}{24.01996pt}.
(fancyhdr)                You might also make \topmargin smaller to compensate:

(fancyhdr)                \addtolength{\topmargin}{-0.01996pt}.

[118

]
Chapter 21.
Package marginnote Info: Margin note 135.1 is on absolute page 135 on input lin
e 12.
Package marginnote Info: xpos seems to be 85.35826pt on input line 12.

warning  (pdf backend): ignoring duplicate destination with the name 'tcb@cnt@de
finition.1'
[119]
warning  (pdf backend): ignoring duplicate destination with the name 'tcb@cnt@de
finition.2'

Underfull \vbox (badness 3861) has occurred while \output is active []



Package fancyhdr Warning: \headheight is too small (24.0pt): 
(fancyhdr)                Make it at least 24.01996pt, for example:
(fancyhdr)                \setlength{\headheight}{24.01996pt}.
(fancyhdr)                You might also make \topmargin smaller to compensate:

(fancyhdr)                \addtolength{\topmargin}{-0.01996pt}.

[120]

Package fancyhdr Warning: \headheight is too small (24.0pt): 
(fancyhdr)                Make it at least 24.01996pt, for example:
(fancyhdr)                \setlength{\headheight}{24.01996pt}.
(fancyhdr)                You might also make \topmargin smaller to compensate:

(fancyhdr)                \addtolength{\topmargin}{-0.01996pt}.

[121]
warning  (pdf backend): ignoring duplicate destination with the name 'tcb@cnt@de
finition.3'

Underfull \vbox (badness 5741) has occurred while \output is active []



Package fancyhdr Warning: \headheight is too small (24.0pt): 
(fancyhdr)                Make it at least 24.01996pt, for example:
(fancyhdr)                \setlength{\headheight}{24.01996pt}.
(fancyhdr)                You might also make \topmargin smaller to compensate:

(fancyhdr)                \addtolength{\topmargin}{-0.01996pt}.

[122])

Package fancyhdr Warning: \headheight is too small (24.0pt): 
(fancyhdr)                Make it at least 24.01996pt, for example:
(fancyhdr)                \setlength{\headheight}{24.01996pt}.
(fancyhdr)                You might also make \topmargin smaller to compensate:

(fancyhdr)                \addtolength{\topmargin}{-0.01996pt}.

[123]

Package fancyhdr Warning: \headheight is too small (24.0pt): 
(fancyhdr)                Make it at least 24.01996pt, for example:
(fancyhdr)                \setlength{\headheight}{24.01996pt}.
(fancyhdr)                You might also make \topmargin smaller to compensate:

(fancyhdr)                \addtolength{\topmargin}{-0.01996pt}.

[124

] [125] [126] (./chapters/ch22-simulated-agency.tex
Chapter 22.
Package marginnote Info: Margin note 143.1 is on absolute page 143 on input lin
e 14.
Package marginnote Info: xpos seems to be 85.35826pt on input line 14.

warning  (pdf backend): ignoring duplicate destination with the name 'tcb@cnt@de
finition.1'
[127

]
warning  (pdf backend): ignoring duplicate destination with the name 'tcb@cnt@de
finition.2'

Package fancyhdr Warning: \headheight is too small (24.0pt): 
(fancyhdr)                Make it at least 24.01996pt, for example:
(fancyhdr)                \setlength{\headheight}{24.01996pt}.
(fancyhdr)                You might also make \topmargin smaller to compensate:

(fancyhdr)                \addtolength{\topmargin}{-0.01996pt}.

[128]
warning  (pdf backend): ignoring duplicate destination with the name 'tcb@cnt@de
finition.3'

warning  (pdf backend): ignoring duplicate destination with the name 'tcb@cnt@de
finition.4'

Underfull \vbox (badness 3240) has occurred while \output is active []



Package fancyhdr Warning: \headheight is too small (24.0pt): 
(fancyhdr)                Make it at least 24.01996pt, for example:
(fancyhdr)                \setlength{\headheight}{24.01996pt}.
(fancyhdr)                You might also make \topmargin smaller to compensate:

(fancyhdr)                \addtolength{\topmargin}{-0.01996pt}.

[129]

Package fancyhdr Warning: \headheight is too small (24.0pt): 
(fancyhdr)                Make it at least 24.01996pt, for example:
(fancyhdr)                \setlength{\headheight}{24.01996pt}.
(fancyhdr)                You might also make \topmargin smaller to compensate:

(fancyhdr)                \addtolength{\topmargin}{-0.01996pt}.

[130]) (./chapters/ch23-chain-of-memory.tex

Package fancyhdr Warning: \headheight is too small (24.0pt): 
(fancyhdr)                Make it at least 24.01996pt, for example:
(fancyhdr)                \setlength{\headheight}{24.01996pt}.
(fancyhdr)                You might also make \topmargin smaller to compensate:

(fancyhdr)                \addtolength{\topmargin}{-0.01996pt}.

[131]

Package fancyhdr Warning: \headheight is too small (24.0pt): 
(fancyhdr)                Make it at least 24.01996pt, for example:
(fancyhdr)                \setlength{\headheight}{24.01996pt}.
(fancyhdr)                You might also make \topmargin smaller to compensate:

(fancyhdr)                \addtolength{\topmargin}{-0.01996pt}.

[132

]
Chapter 23.
Package marginnote Info: Margin note 149.1 is on absolute page 149 on input lin
e 14.
Package marginnote Info: xpos seems to be 85.35826pt on input line 14.

warning  (pdf backend): ignoring duplicate destination with the name 'tcb@cnt@de
finition.1'
[133]

Package fancyhdr Warning: \headheight is too small (24.0pt): 
(fancyhdr)                Make it at least 24.01996pt, for example:
(fancyhdr)                \setlength{\headheight}{24.01996pt}.
(fancyhdr)                You might also make \topmargin smaller to compensate:

(fancyhdr)                \addtolength{\topmargin}{-0.01996pt}.

[134]
warning  (pdf backend): ignoring duplicate destination with the name 'tcb@cnt@de
finition.2'

warning  (pdf backend): ignoring duplicate destination with the name 'tcb@cnt@de
finition.3'

Package fancyhdr Warning: \headheight is too small (24.0pt): 
(fancyhdr)                Make it at least 24.01996pt, for example:
(fancyhdr)                \setlength{\headheight}{24.01996pt}.
(fancyhdr)                You might also make \topmargin smaller to compensate:

(fancyhdr)                \addtolength{\topmargin}{-0.01996pt}.

[135]
warning  (pdf backend): ignoring duplicate destination with the name 'tcb@cnt@de
finition.4'

warning  (pdf backend): ignoring duplicate destination with the name 'tcb@cnt@th
eorem.1'

Package fancyhdr Warning: \headheight is too small (24.0pt): 
(fancyhdr)                Make it at least 24.01996pt, for example:
(fancyhdr)                \setlength{\headheight}{24.01996pt}.
(fancyhdr)                You might also make \topmargin smaller to compensate:

(fancyhdr)                \addtolength{\topmargin}{-0.01996pt}.

[136]
warning  (pdf backend): ignoring duplicate destination with the name 'tcb@cnt@de
finition.5'

Underfull \vbox (badness 2126) has occurred while \output is active []



Package fancyhdr Warning: \headheight is too small (24.0pt): 
(fancyhdr)                Make it at least 24.01996pt, for example:
(fancyhdr)                \setlength{\headheight}{24.01996pt}.
(fancyhdr)                You might also make \topmargin smaller to compensate:

(fancyhdr)                \addtolength{\topmargin}{-0.01996pt}.

[137]) (./chapters/ch24-meaning-as-geometry.tex

Package fancyhdr Warning: \headheight is too small (24.0pt): 
(fancyhdr)                Make it at least 24.01996pt, for example:
(fancyhdr)                \setlength{\headheight}{24.01996pt}.
(fancyhdr)                You might also make \topmargin smaller to compensate:

(fancyhdr)                \addtolength{\topmargin}{-0.01996pt}.

[138]
Chapter 24.
Package marginnote Info: Margin note 155.1 is on absolute page 155 on input lin
e 14.
Package marginnote Info: xpos seems to be 85.35826pt on input line 14.

warning  (pdf backend): ignoring duplicate destination with the name 'tcb@cnt@de
finition.1'
[139

]
warning  (pdf backend): ignoring duplicate destination with the name 'tcb@cnt@de
finition.2'

warning  (pdf backend): ignoring duplicate destination with the name 'tcb@cnt@de
finition.3'

Underfull \vbox (badness 2401) has occurred while \output is active []



Package fancyhdr Warning: \headheight is too small (24.0pt): 
(fancyhdr)                Make it at least 24.01996pt, for example:
(fancyhdr)                \setlength{\headheight}{24.01996pt}.
(fancyhdr)                You might also make \topmargin smaller to compensate:

(fancyhdr)                \addtolength{\topmargin}{-0.01996pt}.

[140] (./diagrams/semantic-basins.tex)

Package fancyhdr Warning: \headheight is too small (24.0pt): 
(fancyhdr)                Make it at least 24.01996pt, for example:
(fancyhdr)                \setlength{\headheight}{24.01996pt}.
(fancyhdr)                You might also make \topmargin smaller to compensate:

(fancyhdr)                \addtolength{\topmargin}{-0.01996pt}.

[141]
warning  (pdf backend): ignoring duplicate destination with the name 'tcb@cnt@de
finition.4'

Package fancyhdr Warning: \headheight is too small (24.0pt): 
(fancyhdr)                Make it at least 24.01996pt, for example:
(fancyhdr)                \setlength{\headheight}{24.01996pt}.
(fancyhdr)                You might also make \topmargin smaller to compensate:

(fancyhdr)                \addtolength{\topmargin}{-0.01996pt}.

[142]

Package fancyhdr Warning: \headheight is too small (24.0pt): 
(fancyhdr)                Make it at least 24.01996pt, for example:
(fancyhdr)                \setlength{\headheight}{24.01996pt}.
(fancyhdr)                You might also make \topmargin smaller to compensate:

(fancyhdr)                \addtolength{\topmargin}{-0.01996pt}.

[143])

Package fancyhdr Warning: \headheight is too small (24.0pt): 
(fancyhdr)                Make it at least 24.01996pt, for example:
(fancyhdr)                \setlength{\headheight}{24.01996pt}.
(fancyhdr)                You might also make \topmargin smaller to compensate:

(fancyhdr)                \addtolength{\topmargin}{-0.01996pt}.

[144] [145

] [146] (./chapters/ch25-semantic-infrastructure.tex
Chapter 25.
Package marginnote Info: Margin note 163.1 is on absolute page 163 on input lin
e 14.
Package marginnote Info: xpos seems to be 85.35826pt on input line 14.

Underfull \vbox (badness 1867) has occurred while \output is active []

 [147

]
warning  (pdf backend): ignoring duplicate destination with the name 'tcb@cnt@de
finition.1'

warning  (pdf backend): ignoring duplicate destination with the name 'tcb@cnt@de
finition.2'

Underfull \vbox (badness 3312) has occurred while \output is active []



Package fancyhdr Warning: \headheight is too small (24.0pt): 
(fancyhdr)                Make it at least 24.01996pt, for example:
(fancyhdr)                \setlength{\headheight}{24.01996pt}.
(fancyhdr)                You might also make \topmargin smaller to compensate:

(fancyhdr)                \addtolength{\topmargin}{-0.01996pt}.

[148]
warning  (pdf backend): ignoring duplicate destination with the name 'tcb@cnt@de
finition.3'

Package fancyhdr Warning: \headheight is too small (24.0pt): 
(fancyhdr)                Make it at least 24.01996pt, for example:
(fancyhdr)                \setlength{\headheight}{24.01996pt}.
(fancyhdr)                You might also make \topmargin smaller to compensate:

(fancyhdr)                \addtolength{\topmargin}{-0.01996pt}.

[149]
warning  (pdf backend): ignoring duplicate destination with the name 'tcb@cnt@de
finition.4'

Package fancyhdr Warning: \headheight is too small (24.0pt): 
(fancyhdr)                Make it at least 24.01996pt, for example:
(fancyhdr)                \setlength{\headheight}{24.01996pt}.
(fancyhdr)                You might also make \topmargin smaller to compensate:

(fancyhdr)                \addtolength{\topmargin}{-0.01996pt}.

[150]) (./chapters/ch26-xyloarchy-living-systems.tex

Package fancyhdr Warning: \headheight is too small (24.0pt): 
(fancyhdr)                Make it at least 24.01996pt, for example:
(fancyhdr)                \setlength{\headheight}{24.01996pt}.
(fancyhdr)                You might also make \topmargin smaller to compensate:

(fancyhdr)                \addtolength{\topmargin}{-0.01996pt}.

[151]

Package fancyhdr Warning: \headheight is too small (24.0pt): 
(fancyhdr)                Make it at least 24.01996pt, for example:
(fancyhdr)                \setlength{\headheight}{24.01996pt}.
(fancyhdr)                You might also make \topmargin smaller to compensate:

(fancyhdr)                \addtolength{\topmargin}{-0.01996pt}.

[152

]
Chapter 26.
Package marginnote Info: Margin note 169.1 is on absolute page 169 on input lin
e 14.
Package marginnote Info: xpos seems to be 85.35826pt on input line 14.

warning  (pdf backend): ignoring duplicate destination with the name 'tcb@cnt@de
finition.1'
[153]
warning  (pdf backend): ignoring duplicate destination with the name 'tcb@cnt@de
finition.2'

Package fancyhdr Warning: \headheight is too small (24.0pt): 
(fancyhdr)                Make it at least 24.01996pt, for example:
(fancyhdr)                \setlength{\headheight}{24.01996pt}.
(fancyhdr)                You might also make \topmargin smaller to compensate:

(fancyhdr)                \addtolength{\topmargin}{-0.01996pt}.

[154]
warning  (pdf backend): ignoring duplicate destination with the name 'tcb@cnt@de
finition.3'

Package fancyhdr Warning: \headheight is too small (24.0pt): 
(fancyhdr)                Make it at least 24.01996pt, for example:
(fancyhdr)                \setlength{\headheight}{24.01996pt}.
(fancyhdr)                You might also make \topmargin smaller to compensate:

(fancyhdr)                \addtolength{\topmargin}{-0.01996pt}.

[155]
warning  (pdf backend): ignoring duplicate destination with the name 'tcb@cnt@de
finition.4'

Package fancyhdr Warning: \headheight is too small (24.0pt): 
(fancyhdr)                Make it at least 24.01996pt, for example:
(fancyhdr)                \setlength{\headheight}{24.01996pt}.
(fancyhdr)                You might also make \topmargin smaller to compensate:

(fancyhdr)                \addtolength{\topmargin}{-0.01996pt}.

[156]) (./chapters/ch27-yarncrawler-systems.tex

Package fancyhdr Warning: \headheight is too small (24.0pt): 
(fancyhdr)                Make it at least 24.01996pt, for example:
(fancyhdr)                \setlength{\headheight}{24.01996pt}.
(fancyhdr)                You might also make \topmargin smaller to compensate:

(fancyhdr)                \addtolength{\topmargin}{-0.01996pt}.

[157]

Package fancyhdr Warning: \headheight is too small (24.0pt): 
(fancyhdr)                Make it at least 24.01996pt, for example:
(fancyhdr)                \setlength{\headheight}{24.01996pt}.
(fancyhdr)                You might also make \topmargin smaller to compensate:

(fancyhdr)                \addtolength{\topmargin}{-0.01996pt}.

[158

]
Chapter 27.
Package marginnote Info: Margin note 175.1 is on absolute page 175 on input lin
e 14.
Package marginnote Info: xpos seems to be 85.35826pt on input line 14.

warning  (pdf backend): ignoring duplicate destination with the name 'tcb@cnt@de
finition.1'
[159]
warning  (pdf backend): ignoring duplicate destination with the name 'tcb@cnt@de
finition.2'

warning  (pdf backend): ignoring duplicate destination with the name 'tcb@cnt@de
finition.3'

Package fancyhdr Warning: \headheight is too small (24.0pt): 
(fancyhdr)                Make it at least 24.01996pt, for example:
(fancyhdr)                \setlength{\headheight}{24.01996pt}.
(fancyhdr)                You might also make \topmargin smaller to compensate:

(fancyhdr)                \addtolength{\topmargin}{-0.01996pt}.

[160]
warning  (pdf backend): ignoring duplicate destination with the name 'tcb@cnt@de
finition.4'

Package fancyhdr Warning: \headheight is too small (24.0pt): 
(fancyhdr)                Make it at least 24.01996pt, for example:
(fancyhdr)                \setlength{\headheight}{24.01996pt}.
(fancyhdr)                You might also make \topmargin smaller to compensate:

(fancyhdr)                \addtolength{\topmargin}{-0.01996pt}.

[161]

Package fancyhdr Warning: \headheight is too small (24.0pt): 
(fancyhdr)                Make it at least 24.01996pt, for example:
(fancyhdr)                \setlength{\headheight}{24.01996pt}.
(fancyhdr)                You might also make \topmargin smaller to compensate:

(fancyhdr)                \addtolength{\topmargin}{-0.01996pt}.

[162])

Package fancyhdr Warning: \headheight is too small (24.0pt): 
(fancyhdr)                Make it at least 24.01996pt, for example:
(fancyhdr)                \setlength{\headheight}{24.01996pt}.
(fancyhdr)                You might also make \topmargin smaller to compensate:

(fancyhdr)                \addtolength{\topmargin}{-0.01996pt}.

[163]

Package fancyhdr Warning: \headheight is too small (24.0pt): 
(fancyhdr)                Make it at least 24.01996pt, for example:
(fancyhdr)                \setlength{\headheight}{24.01996pt}.
(fancyhdr)                You might also make \topmargin smaller to compensate:

(fancyhdr)                \addtolength{\topmargin}{-0.01996pt}.

[164

] [165] [166] (./chapters/ch-logic-boolean-geometry.tex
Chapter 28.
Package marginnote Info: Margin note 183.1 is on absolute page 183 on input lin
e 15.
Package marginnote Info: xpos seems to be 85.35826pt on input line 15.

Underfull \vbox (badness 10000) has occurred while \output is active []

 [167

]
warning  (pdf backend): ignoring duplicate destination with the name 'tcb@cnt@de
finition.1'
(./diagrams/boolean-hasse-lattice.tex
Package microtype Info: Character `ﬆ' is missing
(microtype)             in font `TU/TeXGyrePagella(0)/b/n/6'.
(microtype)             Ignoring protrusion settings for this character.
Package microtype Info: Character `ﬅ' is missing
(microtype)             in font `TU/TeXGyrePagella(0)/b/n/6'.
(microtype)             Ignoring protrusion settings for this character.
Package microtype Info: Character `‥' is missing
(microtype)             in font `TU/TeXGyrePagella(0)/b/n/6'.
(microtype)             Ignoring protrusion settings for this character.
Package microtype Info: Character `‼' is missing
(microtype)             in font `TU/TeXGyrePagella(0)/b/n/6'.
(microtype)             Ignoring protrusion settings for this character.
Package microtype Info: Character `⁰' is missing
(microtype)             in font `TU/TeXGyrePagella(0)/b/n/6'.
(microtype)             Ignoring protrusion settings for this character.
Package microtype Info: Character `⁴' is missing
(microtype)             in font `TU/TeXGyrePagella(0)/b/n/6'.
(microtype)             Ignoring protrusion settings for this character.
Package microtype Info: Character `⁵' is missing
(microtype)             in font `TU/TeXGyrePagella(0)/b/n/6'.
(microtype)             Ignoring protrusion settings for this character.
Package microtype Info: Character `⁶' is missing
(microtype)             in font `TU/TeXGyrePagella(0)/b/n/6'.
(microtype)             Ignoring protrusion settings for this character.
Package microtype Info: Character `⁷' is missing
(microtype)             in font `TU/TeXGyrePagella(0)/b/n/6'.
(microtype)             Ignoring protrusion settings for this character.
Package microtype Info: Character `⁸' is missing
(microtype)             in font `TU/TeXGyrePagella(0)/b/n/6'.
(microtype)             Ignoring protrusion settings for this character.
Package microtype Info: Character `⁹' is missing
(microtype)             in font `TU/TeXGyrePagella(0)/b/n/6'.
(microtype)             Ignoring protrusion settings for this character.
Package microtype Info: Character `₀' is missing
(microtype)             in font `TU/TeXGyrePagella(0)/b/n/6'.
(microtype)             Ignoring protrusion settings for this character.
Package microtype Info: Character `₁' is missing
(microtype)             in font `TU/TeXGyrePagella(0)/b/n/6'.
(microtype)             Ignoring protrusion settings for this character.
Package microtype Info: Character `₂' is missing
(microtype)             in font `TU/TeXGyrePagella(0)/b/n/6'.
(microtype)             Ignoring protrusion settings for this character.
Package microtype Info: Character `₃' is missing
(microtype)             in font `TU/TeXGyrePagella(0)/b/n/6'.
(microtype)             Ignoring protrusion settings for this character.
Package microtype Info: Character `₄' is missing
(microtype)             in font `TU/TeXGyrePagella(0)/b/n/6'.
(microtype)             Ignoring protrusion settings for this character.
Package microtype Info: Character `₅' is missing
(microtype)             in font `TU/TeXGyrePagella(0)/b/n/6'.
(microtype)             Ignoring protrusion settings for this character.
Package microtype Info: Character `₆' is missing
(microtype)             in font `TU/TeXGyrePagella(0)/b/n/6'.
(microtype)             Ignoring protrusion settings for this character.
Package microtype Info: Character `₇' is missing
(microtype)             in font `TU/TeXGyrePagella(0)/b/n/6'.
(microtype)             Ignoring protrusion settings for this character.
Package microtype Info: Character `₈' is missing
(microtype)             in font `TU/TeXGyrePagella(0)/b/n/6'.
(microtype)             Ignoring protrusion settings for this character.
Package microtype Info: Character `₉' is missing
(microtype)             in font `TU/TeXGyrePagella(0)/b/n/6'.
(microtype)             Ignoring protrusion settings for this character.
Package microtype Info: Character `₊' is missing
(microtype)             in font `TU/TeXGyrePagella(0)/b/n/6'.
(microtype)             Ignoring protrusion settings for this character.
Package microtype Info: Character `₋' is missing
(microtype)             in font `TU/TeXGyrePagella(0)/b/n/6'.
(microtype)             Ignoring protrusion settings for this character.
Package microtype Info: Character `⁺' is missing
(microtype)             in font `TU/TeXGyrePagella(0)/b/n/6'.
(microtype)             Ignoring protrusion settings for this character.
Package microtype Info: Character `⁻' is missing
(microtype)             in font `TU/TeXGyrePagella(0)/b/n/6'.
(microtype)             Ignoring protrusion settings for this character.


LaTeX Font Warning: Font shape `TU/LatinModernMono(0)/b/n' undefined
(Font)              using `TU/LatinModernMono(0)/m/n' instead on input line 27.


LaTeX Font Info:    Font shape `TU/LatinModernMono(0)/b/n' will be
(Font)              scaled to size 6.52899pt on input line 31.
Package microtype Info: Character `ﬆ' is missing
(microtype)             in font `TU/TeXGyrePagella(0)/b/n/8'.
(microtype)             Ignoring protrusion settings for this character.
Package microtype Info: Character `ﬅ' is missing
(microtype)             in font `TU/TeXGyrePagella(0)/b/n/8'.
(microtype)             Ignoring protrusion settings for this character.
Package microtype Info: Character `‥' is missing
(microtype)             in font `TU/TeXGyrePagella(0)/b/n/8'.
(microtype)             Ignoring protrusion settings for this character.
Package microtype Info: Character `‼' is missing
(microtype)             in font `TU/TeXGyrePagella(0)/b/n/8'.
(microtype)             Ignoring protrusion settings for this character.
Package microtype Info: Character `⁰' is missing
(microtype)             in font `TU/TeXGyrePagella(0)/b/n/8'.
(microtype)             Ignoring protrusion settings for this character.
Package microtype Info: Character `⁴' is missing
(microtype)             in font `TU/TeXGyrePagella(0)/b/n/8'.
(microtype)             Ignoring protrusion settings for this character.
Package microtype Info: Character `⁵' is missing
(microtype)             in font `TU/TeXGyrePagella(0)/b/n/8'.
(microtype)             Ignoring protrusion settings for this character.
Package microtype Info: Character `⁶' is missing
(microtype)             in font `TU/TeXGyrePagella(0)/b/n/8'.
(microtype)             Ignoring protrusion settings for this character.
Package microtype Info: Character `⁷' is missing
(microtype)             in font `TU/TeXGyrePagella(0)/b/n/8'.
(microtype)             Ignoring protrusion settings for this character.
Package microtype Info: Character `⁸' is missing
(microtype)             in font `TU/TeXGyrePagella(0)/b/n/8'.
(microtype)             Ignoring protrusion settings for this character.
Package microtype Info: Character `⁹' is missing
(microtype)             in font `TU/TeXGyrePagella(0)/b/n/8'.
(microtype)             Ignoring protrusion settings for this character.
Package microtype Info: Character `₀' is missing
(microtype)             in font `TU/TeXGyrePagella(0)/b/n/8'.
(microtype)             Ignoring protrusion settings for this character.
Package microtype Info: Character `₁' is missing
(microtype)             in font `TU/TeXGyrePagella(0)/b/n/8'.
(microtype)             Ignoring protrusion settings for this character.
Package microtype Info: Character `₂' is missing
(microtype)             in font `TU/TeXGyrePagella(0)/b/n/8'.
(microtype)             Ignoring protrusion settings for this character.
Package microtype Info: Character `₃' is missing
(microtype)             in font `TU/TeXGyrePagella(0)/b/n/8'.
(microtype)             Ignoring protrusion settings for this character.
Package microtype Info: Character `₄' is missing
(microtype)             in font `TU/TeXGyrePagella(0)/b/n/8'.
(microtype)             Ignoring protrusion settings for this character.
Package microtype Info: Character `₅' is missing
(microtype)             in font `TU/TeXGyrePagella(0)/b/n/8'.
(microtype)             Ignoring protrusion settings for this character.
Package microtype Info: Character `₆' is missing
(microtype)             in font `TU/TeXGyrePagella(0)/b/n/8'.
(microtype)             Ignoring protrusion settings for this character.
Package microtype Info: Character `₇' is missing
(microtype)             in font `TU/TeXGyrePagella(0)/b/n/8'.
(microtype)             Ignoring protrusion settings for this character.
Package microtype Info: Character `₈' is missing
(microtype)             in font `TU/TeXGyrePagella(0)/b/n/8'.
(microtype)             Ignoring protrusion settings for this character.
Package microtype Info: Character `₉' is missing
(microtype)             in font `TU/TeXGyrePagella(0)/b/n/8'.
(microtype)             Ignoring protrusion settings for this character.
Package microtype Info: Character `₊' is missing
(microtype)             in font `TU/TeXGyrePagella(0)/b/n/8'.
(microtype)             Ignoring protrusion settings for this character.
Package microtype Info: Character `₋' is missing
(microtype)             in font `TU/TeXGyrePagella(0)/b/n/8'.
(microtype)             Ignoring protrusion settings for this character.
Package microtype Info: Character `⁺' is missing
(microtype)             in font `TU/TeXGyrePagella(0)/b/n/8'.
(microtype)             Ignoring protrusion settings for this character.
Package microtype Info: Character `⁻' is missing
(microtype)             in font `TU/TeXGyrePagella(0)/b/n/8'.
(microtype)             Ignoring protrusion settings for this character.
)
Overfull \hbox (47.73851pt too wide) in paragraph at lines 91--97
 [][] 
 []


Package fancyhdr Warning: \headheight is too small (24.0pt): 
(fancyhdr)                Make it at least 24.01996pt, for example:
(fancyhdr)                \setlength{\headheight}{24.01996pt}.
(fancyhdr)                You might also make \topmargin smaller to compensate:

(fancyhdr)                \addtolength{\topmargin}{-0.01996pt}.

[168]
warning  (pdf backend): ignoring duplicate destination with the name 'tcb@cnt@pr
oposition.1'

Underfull \vbox (badness 10000) has occurred while \output is active []



Package fancyhdr Warning: \headheight is too small (24.0pt): 
(fancyhdr)                Make it at least 24.01996pt, for example:
(fancyhdr)                \setlength{\headheight}{24.01996pt}.
(fancyhdr)                You might also make \topmargin smaller to compensate:

(fancyhdr)                \addtolength{\topmargin}{-0.01996pt}.

[169
Missing character: There is no n (U+006E) in font nullfont!
Missing character: There is no o (U+006F) in font nullfont!
Missing character: There is no d (U+0064) in font nullfont!
Missing character: There is no e (U+0065) in font nullfont!
Missing character: There is no d (U+0064) in font nullfont!
Missing character: There is no i (U+0069) in font nullfont!
Missing character: There is no s (U+0073) in font nullfont!
Missing character: There is no t (U+0074) in font nullfont!
Missing character: There is no a (U+0061) in font nullfont!
Missing character: There is no n (U+006E) in font nullfont!
Missing character: There is no c (U+0063) in font nullfont!
Missing character: There is no e (U+0065) in font nullfont!
Missing character: There is no = (U+003D) in font nullfont!
Missing character: There is no 1 (U+0031) in font nullfont!
Missing character: There is no . (U+002E) in font nullfont!
Missing character: There is no 3 (U+0033) in font nullfont!
Missing character: There is no c (U+0063) in font nullfont!
Missing character: There is no m (U+006D) in font nullfont!
Missing character: There is no a (U+0061) in font nullfont!
Missing character: There is no n (U+006E) in font nullfont!
Missing character: There is no d (U+0064) in font nullfont!
Missing character: There is no 1 (U+0031) in font nullfont!
Missing character: There is no . (U+002E) in font nullfont!
Missing character: There is no 1 (U+0031) in font nullfont!
Missing character: There is no c (U+0063) in font nullfont!
Missing character: There is no m (U+006D) in font nullfont!
Missing character: There is no , (U+002C) in font nullfont!
Missing character: There is no b (U+0062) in font nullfont!
Missing character: There is no o (U+006F) in font nullfont!
Missing character: There is no o (U+006F) in font nullfont!
Missing character: There is no l (U+006C) in font nullfont!
Missing character: There is no n (U+006E) in font nullfont!
Missing character: There is no o (U+006F) in font nullfont!
Missing character: There is no d (U+0064) in font nullfont!
Missing character: There is no e (U+0065) in font nullfont!
Missing character: There is no / (U+002F) in font nullfont!
Missing character: There is no . (U+002E) in font nullfont!
Missing character: There is no s (U+0073) in font nullfont!
Missing character: There is no t (U+0074) in font nullfont!
Missing character: There is no y (U+0079) in font nullfont!
Missing character: There is no l (U+006C) in font nullfont!
Missing character: There is no e (U+0065) in font nullfont!
Missing character: There is no = (U+003D) in font nullfont!
Missing character: There is no c (U+0063) in font nullfont!
Missing character: There is no i (U+0069) in font nullfont!
Missing character: There is no r (U+0072) in font nullfont!
Missing character: There is no c (U+0063) in font nullfont!
Missing character: There is no l (U+006C) in font nullfont!
Missing character: There is no e (U+0065) in font nullfont!
Missing character: There is no , (U+002C) in font nullfont!
Missing character: There is no d (U+0064) in font nullfont!
Missing character: There is no r (U+0072) in font nullfont!
Missing character: There is no a (U+0061) in font nullfont!
Missing character: There is no w (U+0077) in font nullfont!
Missing character: There is no = (U+003D) in font nullfont!
Missing character: There is no R (U+0052) in font nullfont!
Missing character: There is no S (U+0053) in font nullfont!
Missing character: There is no V (U+0056) in font nullfont!
Missing character: There is no P (U+0050) in font nullfont!
Missing character: There is no d (U+0064) in font nullfont!
Missing character: There is no e (U+0065) in font nullfont!
Missing character: There is no e (U+0065) in font nullfont!
Missing character: There is no p (U+0070) in font nullfont!
Missing character: There is no , (U+002C) in font nullfont!
Missing character: There is no f (U+0066) in font nullfont!
Missing character: There is no i (U+0069) in font nullfont!
Missing character: There is no l (U+006C) in font nullfont!
Missing character: There is no l (U+006C) in font nullfont!
Missing character: There is no = (U+003D) in font nullfont!
Missing character: There is no w (U+0077) in font nullfont!
Missing character: There is no h (U+0068) in font nullfont!
Missing character: There is no i (U+0069) in font nullfont!
Missing character: There is no t (U+0074) in font nullfont!
Missing character: There is no e (U+0065) in font nullfont!
Missing character: There is no , (U+002C) in font nullfont!
Missing character: There is no m (U+006D) in font nullfont!
Missing character: There is no i (U+0069) in font nullfont!
Missing character: There is no n (U+006E) in font nullfont!
Missing character: There is no i (U+0069) in font nullfont!
Missing character: There is no m (U+006D) in font nullfont!
Missing character: There is no u (U+0075) in font nullfont!
Missing character: There is no m (U+006D) in font nullfont!
Missing character: There is no s (U+0073) in font nullfont!
Missing character: There is no i (U+0069) in font nullfont!
Missing character: There is no z (U+007A) in font nullfont!
Missing character: There is no e (U+0065) in font nullfont!
Missing character: There is no = (U+003D) in font nullfont!
Missing character: There is no 8 (U+0038) in font nullfont!
Missing character: There is no m (U+006D) in font nullfont!
Missing character: There is no m (U+006D) in font nullfont!
Missing character: There is no , (U+002C) in font nullfont!
Missing character: There is no f (U+0066) in font nullfont!
Missing character: There is no o (U+006F) in font nullfont!
Missing character: There is no n (U+006E) in font nullfont!
Missing character: There is no t (U+0074) in font nullfont!
Missing character: There is no = (U+003D) in font nullfont!
Missing character: There is no , (U+002C) in font nullfont!
Missing character: There is no l (U+006C) in font nullfont!
Missing character: There is no i (U+0069) in font nullfont!
Missing character: There is no n (U+006E) in font nullfont!
Missing character: There is no e (U+0065) in font nullfont!
Missing character: There is no w (U+0077) in font nullfont!
Missing character: There is no i (U+0069) in font nullfont!
Missing character: There is no d (U+0064) in font nullfont!
Missing character: There is no t (U+0074) in font nullfont!
Missing character: There is no h (U+0068) in font nullfont!
Missing character: There is no = (U+003D) in font nullfont!
Missing character: There is no 0 (U+0030) in font nullfont!
Missing character: There is no . (U+002E) in font nullfont!
Missing character: There is no 6 (U+0036) in font nullfont!
Missing character: There is no p (U+0070) in font nullfont!
Missing character: There is no t (U+0074) in font nullfont!
Missing character: There is no , (U+002C) in font nullfont!
Missing character: There is no n (U+006E) in font nullfont!
Missing character: There is no a (U+0061) in font nullfont!
Missing character: There is no m (U+006D) in font nullfont!
Missing character: There is no e (U+0065) in font nullfont!
Missing character: There is no d (U+0064) in font nullfont!
Missing character: There is no n (U+006E) in font nullfont!
Missing character: There is no o (U+006F) in font nullfont!
Missing character: There is no d (U+0064) in font nullfont!
Missing character: There is no e (U+0065) in font nullfont!
Missing character: There is no / (U+002F) in font nullfont!
Missing character: There is no . (U+002E) in font nullfont!
Missing character: There is no s (U+0073) in font nullfont!
Missing character: There is no t (U+0074) in font nullfont!
Missing character: There is no y (U+0079) in font nullfont!
Missing character: There is no l (U+006C) in font nullfont!
Missing character: There is no e (U+0065) in font nullfont!
Missing character: There is no = (U+003D) in font nullfont!
Missing character: There is no b (U+0062) in font nullfont!
Missing character: There is no o (U+006F) in font nullfont!
Missing character: There is no o (U+006F) in font nullfont!
Missing character: There is no l (U+006C) in font nullfont!
Missing character: There is no n (U+006E) in font nullfont!
Missing character: There is no o (U+006F) in font nullfont!
Missing character: There is no d (U+0064) in font nullfont!
Missing character: There is no e (U+0065) in font nullfont!
Missing character: There is no , (U+002C) in font nullfont!
Missing character: There is no f (U+0066) in font nullfont!
Missing character: There is no i (U+0069) in font nullfont!
Missing character: There is no l (U+006C) in font nullfont!
Missing character: There is no l (U+006C) in font nullfont!
Missing character: There is no = (U+003D) in font nullfont!
Missing character: There is no R (U+0052) in font nullfont!
Missing character: There is no S (U+0053) in font nullfont!
Missing character: There is no V (U+0056) in font nullfont!
Missing character: There is no P (U+0050) in font nullfont!
Missing character: There is no l (U+006C) in font nullfont!
Missing character: There is no i (U+0069) in font nullfont!
Missing character: There is no g (U+0067) in font nullfont!
Missing character: There is no h (U+0068) in font nullfont!
Missing character: There is no t (U+0074) in font nullfont!
Missing character: There is no , (U+002C) in font nullfont!
Missing character: There is no d (U+0064) in font nullfont!
Missing character: There is no r (U+0072) in font nullfont!
Missing character: There is no a (U+0061) in font nullfont!
Missing character: There is no w (U+0077) in font nullfont!
Missing character: There is no = (U+003D) in font nullfont!
Missing character: There is no R (U+0052) in font nullfont!
Missing character: There is no S (U+0053) in font nullfont!
Missing character: There is no V (U+0056) in font nullfont!
Missing character: There is no P (U+0050) in font nullfont!
Missing character: There is no d (U+0064) in font nullfont!
Missing character: There is no e (U+0065) in font nullfont!
Missing character: There is no e (U+0065) in font nullfont!
Missing character: There is no p (U+0070) in font nullfont!
Missing character: There is no , (U+002C) in font nullfont!
Missing character: There is no l (U+006C) in font nullfont!
Missing character: There is no i (U+0069) in font nullfont!
Missing character: There is no n (U+006E) in font nullfont!
Missing character: There is no e (U+0065) in font nullfont!
Missing character: There is no w (U+0077) in font nullfont!
Missing character: There is no i (U+0069) in font nullfont!
Missing character: There is no d (U+0064) in font nullfont!
Missing character: There is no t (U+0074) in font nullfont!
Missing character: There is no h (U+0068) in font nullfont!
Missing character: There is no = (U+003D) in font nullfont!
Missing character: There is no 1 (U+0031) in font nullfont!
Missing character: There is no . (U+002E) in font nullfont!
Missing character: There is no 2 (U+0032) in font nullfont!
Missing character: There is no p (U+0070) in font nullfont!
Missing character: There is no t (U+0074) in font nullfont!
Missing character: There is no , (U+002C) in font nullfont!
Missing character: There is no f (U+0066) in font nullfont!
Missing character: There is no o (U+006F) in font nullfont!
Missing character: There is no n (U+006E) in font nullfont!
Missing character: There is no t (U+0074) in font nullfont!
Missing character: There is no = (U+003D) in font nullfont!
Missing character: There is no , (U+002C) in font nullfont!
Missing character: There is no t (U+0074) in font nullfont!
Missing character: There is no o (U+006F) in font nullfont!
Missing character: There is no p (U+0070) in font nullfont!
Missing character: There is no b (U+0062) in font nullfont!
Missing character: There is no o (U+006F) in font nullfont!
Missing character: There is no t (U+0074) in font nullfont!
Missing character: There is no / (U+002F) in font nullfont!
Missing character: There is no . (U+002E) in font nullfont!
Missing character: There is no s (U+0073) in font nullfont!
Missing character: There is no t (U+0074) in font nullfont!
Missing character: There is no y (U+0079) in font nullfont!
Missing character: There is no l (U+006C) in font nullfont!
Missing character: There is no e (U+0065) in font nullfont!
Missing character: There is no = (U+003D) in font nullfont!
Missing character: There is no b (U+0062) in font nullfont!
Missing character: There is no o (U+006F) in font nullfont!
Missing character: There is no o (U+006F) in font nullfont!
Missing character: There is no l (U+006C) in font nullfont!
Missing character: There is no n (U+006E) in font nullfont!
Missing character: There is no o (U+006F) in font nullfont!
Missing character: There is no d (U+0064) in font nullfont!
Missing character: There is no e (U+0065) in font nullfont!
Missing character: There is no , (U+002C) in font nullfont!
Missing character: There is no f (U+0066) in font nullfont!
Missing character: There is no i (U+0069) in font nullfont!
Missing character: There is no l (U+006C) in font nullfont!
Missing character: There is no l (U+006C) in font nullfont!
Missing character: There is no = (U+003D) in font nullfont!
Missing character: There is no R (U+0052) in font nullfont!
Missing character: There is no S (U+0053) in font nullfont!
Missing character: There is no V (U+0056) in font nullfont!
Missing character: There is no P (U+0050) in font nullfont!
Missing character: There is no d (U+0064) in font nullfont!
Missing character: There is no e (U+0065) in font nullfont!
Missing character: There is no e (U+0065) in font nullfont!
Missing character: There is no p (U+0070) in font nullfont!
Missing character: There is no , (U+002C) in font nullfont!
Missing character: There is no t (U+0074) in font nullfont!
Missing character: There is no e (U+0065) in font nullfont!
Missing character: There is no x (U+0078) in font nullfont!
Missing character: There is no t (U+0074) in font nullfont!
Missing character: There is no = (U+003D) in font nullfont!
Missing character: There is no w (U+0077) in font nullfont!
Missing character: There is no h (U+0068) in font nullfont!
Missing character: There is no i (U+0069) in font nullfont!
Missing character: There is no t (U+0074) in font nullfont!
Missing character: There is no e (U+0065) in font nullfont!
Missing character: There is no , (U+002C) in font nullfont!
Missing character: There is no l (U+006C) in font nullfont!
Missing character: There is no i (U+0069) in font nullfont!
Missing character: There is no n (U+006E) in font nullfont!
Missing character: There is no e (U+0065) in font nullfont!
Missing character: There is no w (U+0077) in font nullfont!
Missing character: There is no i (U+0069) in font nullfont!
Missing character: There is no d (U+0064) in font nullfont!
Missing character: There is no t (U+0074) in font nullfont!
Missing character: There is no h (U+0068) in font nullfont!
Missing character: There is no = (U+003D) in font nullfont!
Missing character: There is no 1 (U+0031) in font nullfont!
Missing character: There is no . (U+002E) in font nullfont!
Missing character: There is no 2 (U+0032) in font nullfont!
Missing character: There is no p (U+0070) in font nullfont!
Missing character: There is no t (U+0074) in font nullfont!
Missing character: There is no , (U+002C) in font nullfont!
Missing character: There is no f (U+0066) in font nullfont!
Missing character: There is no o (U+006F) in font nullfont!
Missing character: There is no n (U+006E) in font nullfont!
Missing character: There is no t (U+0074) in font nullfont!
Missing character: There is no = (U+003D) in font nullfont!
Missing character: There is no , (U+002C) in font nullfont!
Missing character: There is no e (U+0065) in font nullfont!
Missing character: There is no d (U+0064) in font nullfont!
Missing character: There is no g (U+0067) in font nullfont!
Missing character: There is no e (U+0065) in font nullfont!
Missing character: There is no / (U+002F) in font nullfont!
Missing character: There is no . (U+002E) in font nullfont!
Missing character: There is no s (U+0073) in font nullfont!
Missing character: There is no t (U+0074) in font nullfont!
Missing character: There is no y (U+0079) in font nullfont!
Missing character: There is no l (U+006C) in font nullfont!
Missing character: There is no e (U+0065) in font nullfont!
Missing character: There is no = (U+003D) in font nullfont!
Missing character: There is no R (U+0052) in font nullfont!
Missing character: There is no S (U+0053) in font nullfont!
Missing character: There is no V (U+0056) in font nullfont!
Missing character: There is no P (U+0050) in font nullfont!
Missing character: There is no m (U+006D) in font nullfont!
Missing character: There is no i (U+0069) in font nullfont!
Missing character: There is no d (U+0064) in font nullfont!
Missing character: There is no ! (U+0021) in font nullfont!
Missing character: There is no 5 (U+0035) in font nullfont!
Missing character: There is no 0 (U+0030) in font nullfont!
Missing character: There is no , (U+002C) in font nullfont!
Missing character: There is no t (U+0074) in font nullfont!
Missing character: There is no h (U+0068) in font nullfont!
Missing character: There is no i (U+0069) in font nullfont!
Missing character: There is no n (U+006E) in font nullfont!
Missing character: There is no , (U+002C) in font nullfont!
Missing character: There is no n (U+006E) in font nullfont!
Missing character: There is no a (U+0061) in font nullfont!
Missing character: There is no m (U+006D) in font nullfont!
Missing character: There is no e (U+0065) in font nullfont!
Missing character: There is no d (U+0064) in font nullfont!
Missing character: There is no g (U+0067) in font nullfont!
Missing character: There is no e (U+0065) in font nullfont!
Missing character: There is no / (U+002F) in font nullfont!
Missing character: There is no . (U+002E) in font nullfont!
Missing character: There is no s (U+0073) in font nullfont!
Missing character: There is no t (U+0074) in font nullfont!
Missing character: There is no y (U+0079) in font nullfont!
Missing character: There is no l (U+006C) in font nullfont!
Missing character: There is no e (U+0065) in font nullfont!
Missing character: There is no = (U+003D) in font nullfont!
Missing character: There is no R (U+0052) in font nullfont!
Missing character: There is no S (U+0053) in font nullfont!
Missing character: There is no V (U+0056) in font nullfont!
Missing character: There is no P (U+0050) in font nullfont!
Missing character: There is no a (U+0061) in font nullfont!
Missing character: There is no c (U+0063) in font nullfont!
Missing character: There is no c (U+0063) in font nullfont!
Missing character: There is no e (U+0065) in font nullfont!
Missing character: There is no n (U+006E) in font nullfont!
Missing character: There is no t (U+0074) in font nullfont!
Missing character: There is no , (U+002C) in font nullfont!
Missing character: There is no t (U+0074) in font nullfont!
Missing character: There is no h (U+0068) in font nullfont!
Missing character: There is no i (U+0069) in font nullfont!
Missing character: There is no c (U+0063) in font nullfont!
Missing character: There is no k (U+006B) in font nullfont!
Missing character: There is no , (U+002C) in font nullfont!
Missing character: There is no o (U+006F) in font nullfont!
Missing character: There is no p (U+0070) in font nullfont!
Missing character: There is no a (U+0061) in font nullfont!
Missing character: There is no c (U+0063) in font nullfont!
Missing character: There is no i (U+0069) in font nullfont!
Missing character: There is no t (U+0074) in font nullfont!
Missing character: There is no y (U+0079) in font nullfont!
Missing character: There is no = (U+003D) in font nullfont!
Missing character: There is no 0 (U+0030) in font nullfont!
Missing character: There is no . (U+002E) in font nullfont!
Missing character: There is no 8 (U+0038) in font nullfont!
Missing character: There is no , (U+002C) in font nullfont!
Missing character: There is no l (U+006C) in font nullfont!
Missing character: There is no b (U+0062) in font nullfont!
Missing character: There is no l (U+006C) in font nullfont!
Missing character: There is no / (U+002F) in font nullfont!
Missing character: There is no . (U+002E) in font nullfont!
Missing character: There is no s (U+0073) in font nullfont!
Missing character: There is no t (U+0074) in font nullfont!
Missing character: There is no y (U+0079) in font nullfont!
Missing character: There is no l (U+006C) in font nullfont!
Missing character: There is no e (U+0065) in font nullfont!
Missing character: There is no = (U+003D) in font nullfont!
Missing character: There is no f (U+0066) in font nullfont!
Missing character: There is no o (U+006F) in font nullfont!
Missing character: There is no n (U+006E) in font nullfont!
Missing character: There is no t (U+0074) in font nullfont!
Missing character: There is no = (U+003D) in font nullfont!
Missing character: There is no , (U+002C) in font nullfont!
Missing character: There is no R (U+0052) in font nullfont!
Missing character: There is no S (U+0053) in font nullfont!
Missing character: There is no V (U+0056) in font nullfont!
Missing character: There is no P (U+0050) in font nullfont!
Missing character: There is no m (U+006D) in font nullfont!
Missing character: There is no i (U+0069) in font nullfont!
Missing character: There is no d (U+0064) in font nullfont!
]

Package fancyhdr Warning: \headheight is too small (24.0pt): 
(fancyhdr)                Make it at least 24.01996pt, for example:
(fancyhdr)                \setlength{\headheight}{24.01996pt}.
(fancyhdr)                You might also make \topmargin smaller to compensate:

(fancyhdr)                \addtolength{\topmargin}{-0.01996pt}.

[170]
Underfull \hbox (badness 1708) in paragraph at lines 194--199
[]\TU/TeXGyrePagella(0)/m/n/12 Com-pute the Ham-ming dis-tance be-tween all pair
s of named con-nec-tives
 []

)

Package fancyhdr Warning: \headheight is too small (24.0pt): 
(fancyhdr)                Make it at least 24.01996pt, for example:
(fancyhdr)                \setlength{\headheight}{24.01996pt}.
(fancyhdr)                You might also make \topmargin smaller to compensate:

(fancyhdr)                \addtolength{\topmargin}{-0.01996pt}.

[171]

Package fancyhdr Warning: \headheight is too small (24.0pt): 
(fancyhdr)                Make it at least 24.01996pt, for example:
(fancyhdr)                \setlength{\headheight}{24.01996pt}.
(fancyhdr)                You might also make \topmargin smaller to compensate:

(fancyhdr)                \addtolength{\topmargin}{-0.01996pt}.

[172

] [173] [174] (./chapters/ch28-gesture-to-glyph.tex
Chapter 29.
Package marginnote Info: Margin note 191.1 is on absolute page 191 on input lin
e 11.
Package marginnote Info: xpos seems to be 85.35826pt on input line 11.

warning  (pdf backend): ignoring duplicate destination with the name 'tcb@cnt@de
finition.1'
[175

]
warning  (pdf backend): ignoring duplicate destination with the name 'tcb@cnt@de
finition.2'

Package fancyhdr Warning: \headheight is too small (24.0pt): 
(fancyhdr)                Make it at least 24.01996pt, for example:
(fancyhdr)                \setlength{\headheight}{24.01996pt}.
(fancyhdr)                You might also make \topmargin smaller to compensate:

(fancyhdr)                \addtolength{\topmargin}{-0.01996pt}.

[176]
warning  (pdf backend): ignoring duplicate destination with the name 'tcb@cnt@de
finition.3'

Underfull \vbox (badness 10000) has occurred while \output is active []



Package fancyhdr Warning: \headheight is too small (24.0pt): 
(fancyhdr)                Make it at least 24.01996pt, for example:
(fancyhdr)                \setlength{\headheight}{24.01996pt}.
(fancyhdr)                You might also make \topmargin smaller to compensate:

(fancyhdr)                \addtolength{\topmargin}{-0.01996pt}.

[177
Missing character: There is no 日 (U+65E5) in font TeXGyrePagella:mode=node;scr
ipt=latn;language=dflt;+tlig;!
]) (./chapters/ch29-geometry-of-alphabets.tex

Package fancyhdr Warning: \headheight is too small (24.0pt): 
(fancyhdr)                Make it at least 24.01996pt, for example:
(fancyhdr)                \setlength{\headheight}{24.01996pt}.
(fancyhdr)                You might also make \topmargin smaller to compensate:

(fancyhdr)                \addtolength{\topmargin}{-0.01996pt}.

[178]
Chapter 30.
Package marginnote Info: Margin note 195.1 is on absolute page 195 on input lin
e 12.
Package marginnote Info: xpos seems to be 85.35826pt on input line 12.

warning  (pdf backend): ignoring duplicate destination with the name 'tcb@cnt@de
finition.1'
[179

]
warning  (pdf backend): ignoring duplicate destination with the name 'tcb@cnt@pr
oposition.1'

warning  (pdf backend): ignoring duplicate destination with the name 'tcb@cnt@de
finition.2'

Package fancyhdr Warning: \headheight is too small (24.0pt): 
(fancyhdr)                Make it at least 24.01996pt, for example:
(fancyhdr)                \setlength{\headheight}{24.01996pt}.
(fancyhdr)                You might also make \topmargin smaller to compensate:

(fancyhdr)                \addtolength{\topmargin}{-0.01996pt}.

[180]
Underfull \vbox (badness 10000) has occurred while \output is active []



Package fancyhdr Warning: \headheight is too small (24.0pt): 
(fancyhdr)                Make it at least 24.01996pt, for example:
(fancyhdr)                \setlength{\headheight}{24.01996pt}.
(fancyhdr)                You might also make \topmargin smaller to compensate:

(fancyhdr)                \addtolength{\topmargin}{-0.01996pt}.

[181]) (./chapters/ch30-orthographic-evolution.tex

Package fancyhdr Warning: \headheight is too small (24.0pt): 
(fancyhdr)                Make it at least 24.01996pt, for example:
(fancyhdr)                \setlength{\headheight}{24.01996pt}.
(fancyhdr)                You might also make \topmargin smaller to compensate:

(fancyhdr)                \addtolength{\topmargin}{-0.01996pt}.

[182]
Chapter 31.
Package marginnote Info: Margin note 199.1 is on absolute page 199 on input lin
e 11.
Package marginnote Info: xpos seems to be 85.35826pt on input line 11.

Overfull \hbox (7.81966pt too wide) in paragraph at lines 21--26
\TU/TeXGyrePagella(0)/m/n/12 Ara-bic script rep-re-sents one of the most so-phis
-ti-cated so-lu-tions to the speed-distinctiveness
 []

[183

]
warning  (pdf backend): ignoring duplicate destination with the name 'tcb@cnt@de
finition.1'

Package fancyhdr Warning: \headheight is too small (24.0pt): 
(fancyhdr)                Make it at least 24.01996pt, for example:
(fancyhdr)                \setlength{\headheight}{24.01996pt}.
(fancyhdr)                You might also make \topmargin smaller to compensate:

(fancyhdr)                \addtolength{\topmargin}{-0.01996pt}.

[184]

Package fancyhdr Warning: \headheight is too small (24.0pt): 
(fancyhdr)                Make it at least 24.01996pt, for example:
(fancyhdr)                \setlength{\headheight}{24.01996pt}.
(fancyhdr)                You might also make \topmargin smaller to compensate:

(fancyhdr)                \addtolength{\topmargin}{-0.01996pt}.

[185]) (./chapters/ch31-semantic-compression-writing.tex

Package fancyhdr Warning: \headheight is too small (24.0pt): 
(fancyhdr)                Make it at least 24.01996pt, for example:
(fancyhdr)                \setlength{\headheight}{24.01996pt}.
(fancyhdr)                You might also make \topmargin smaller to compensate:

(fancyhdr)                \addtolength{\topmargin}{-0.01996pt}.

[186]
Chapter 32.
Package marginnote Info: Margin note 203.1 is on absolute page 203 on input lin
e 12.
Package marginnote Info: xpos seems to be 85.35826pt on input line 12.

warning  (pdf backend): ignoring duplicate destination with the name 'tcb@cnt@de
finition.1'
[187

]
warning  (pdf backend): ignoring duplicate destination with the name 'tcb@cnt@de
finition.2'

Package fancyhdr Warning: \headheight is too small (24.0pt): 
(fancyhdr)                Make it at least 24.01996pt, for example:
(fancyhdr)                \setlength{\headheight}{24.01996pt}.
(fancyhdr)                You might also make \topmargin smaller to compensate:

(fancyhdr)                \addtolength{\topmargin}{-0.01996pt}.

[188]
warning  (pdf backend): ignoring duplicate destination with the name 'tcb@cnt@pr
oposition.1'

Underfull \vbox (badness 2050) has occurred while \output is active []



Package fancyhdr Warning: \headheight is too small (24.0pt): 
(fancyhdr)                Make it at least 24.01996pt, for example:
(fancyhdr)                \setlength{\headheight}{24.01996pt}.
(fancyhdr)                You might also make \topmargin smaller to compensate:

(fancyhdr)                \addtolength{\topmargin}{-0.01996pt}.

[189]
Underfull \vbox (badness 10000) has occurred while \output is active []



Package fancyhdr Warning: \headheight is too small (24.0pt): 
(fancyhdr)                Make it at least 24.01996pt, for example:
(fancyhdr)                \setlength{\headheight}{24.01996pt}.
(fancyhdr)                You might also make \topmargin smaller to compensate:

(fancyhdr)                \addtolength{\topmargin}{-0.01996pt}.

[190])

Package fancyhdr Warning: \headheight is too small (24.0pt): 
(fancyhdr)                Make it at least 24.01996pt, for example:
(fancyhdr)                \setlength{\headheight}{24.01996pt}.
(fancyhdr)                You might also make \topmargin smaller to compensate:

(fancyhdr)                \addtolength{\topmargin}{-0.01996pt}.

[191]

Package fancyhdr Warning: \headheight is too small (24.0pt): 
(fancyhdr)                Make it at least 24.01996pt, for example:
(fancyhdr)                \setlength{\headheight}{24.01996pt}.
(fancyhdr)                You might also make \topmargin smaller to compensate:

(fancyhdr)                \addtolength{\topmargin}{-0.01996pt}.

[192

] [193] [194] (./chapters/ch32-beyond-files-folders.tex
Chapter 33.
Package marginnote Info: Margin note 211.1 is on absolute page 211 on input lin
e 9.
Package marginnote Info: xpos seems to be 85.35826pt on input line 9.

warning  (pdf backend): ignoring duplicate destination with the name 'tcb@cnt@de
finition.1'
[195

]
warning  (pdf backend): ignoring duplicate destination with the name 'tcb@cnt@de
finition.2'

Underfull \vbox (badness 2310) has occurred while \output is active []



Package fancyhdr Warning: \headheight is too small (24.0pt): 
(fancyhdr)                Make it at least 24.01996pt, for example:
(fancyhdr)                \setlength{\headheight}{24.01996pt}.
(fancyhdr)                You might also make \topmargin smaller to compensate:

(fancyhdr)                \addtolength{\topmargin}{-0.01996pt}.

[196]) (./chapters/ch33-semantic-zoom.tex

Package fancyhdr Warning: \headheight is too small (24.0pt): 
(fancyhdr)                Make it at least 24.01996pt, for example:
(fancyhdr)                \setlength{\headheight}{24.01996pt}.
(fancyhdr)                You might also make \topmargin smaller to compensate:

(fancyhdr)                \addtolength{\topmargin}{-0.01996pt}.

[197]

Package fancyhdr Warning: \headheight is too small (24.0pt): 
(fancyhdr)                Make it at least 24.01996pt, for example:
(fancyhdr)                \setlength{\headheight}{24.01996pt}.
(fancyhdr)                You might also make \topmargin smaller to compensate:

(fancyhdr)                \addtolength{\topmargin}{-0.01996pt}.

[198

]
Chapter 34.
Package marginnote Info: Margin note 215.1 is on absolute page 215 on input lin
e 10.
Package marginnote Info: xpos seems to be 85.35826pt on input line 10.

warning  (pdf backend): ignoring duplicate destination with the name 'tcb@cnt@de
finition.1'
[199]
warning  (pdf backend): ignoring duplicate destination with the name 'tcb@cnt@de
finition.2'

Underfull \vbox (badness 4595) has occurred while \output is active []



Package fancyhdr Warning: \headheight is too small (24.0pt): 
(fancyhdr)                Make it at least 24.01996pt, for example:
(fancyhdr)                \setlength{\headheight}{24.01996pt}.
(fancyhdr)                You might also make \topmargin smaller to compensate:

(fancyhdr)                \addtolength{\topmargin}{-0.01996pt}.

[200]) (./chapters/ch34-knowledge-landscapes.tex

Package fancyhdr Warning: \headheight is too small (24.0pt): 
(fancyhdr)                Make it at least 24.01996pt, for example:
(fancyhdr)                \setlength{\headheight}{24.01996pt}.
(fancyhdr)                You might also make \topmargin smaller to compensate:

(fancyhdr)                \addtolength{\topmargin}{-0.01996pt}.

[201]

Package fancyhdr Warning: \headheight is too small (24.0pt): 
(fancyhdr)                Make it at least 24.01996pt, for example:
(fancyhdr)                \setlength{\headheight}{24.01996pt}.
(fancyhdr)                You might also make \topmargin smaller to compensate:

(fancyhdr)                \addtolength{\topmargin}{-0.01996pt}.

[202

]
Chapter 35.
Package marginnote Info: Margin note 219.1 is on absolute page 219 on input lin
e 10.
Package marginnote Info: xpos seems to be 85.35826pt on input line 10.

Overfull \hbox (0.85666pt too wide) in paragraph at lines 10--10
[]\TU/TeXGyrePagella(0)/m/it/10 Chs.32--33 
 []


warning  (pdf backend): ignoring duplicate destination with the name 'tcb@cnt@de
finition.1'
[203]

Package fancyhdr Warning: \headheight is too small (24.0pt): 
(fancyhdr)                Make it at least 24.01996pt, for example:
(fancyhdr)                \setlength{\headheight}{24.01996pt}.
(fancyhdr)                You might also make \topmargin smaller to compensate:

(fancyhdr)                \addtolength{\topmargin}{-0.01996pt}.

[204]) (./chapters/ch35-interfaces-cognitive-prosthetics.tex

Package fancyhdr Warning: \headheight is too small (24.0pt): 
(fancyhdr)                Make it at least 24.01996pt, for example:
(fancyhdr)                \setlength{\headheight}{24.01996pt}.
(fancyhdr)                You might also make \topmargin smaller to compensate:

(fancyhdr)                \addtolength{\topmargin}{-0.01996pt}.

[205]

Package fancyhdr Warning: \headheight is too small (24.0pt): 
(fancyhdr)                Make it at least 24.01996pt, for example:
(fancyhdr)                \setlength{\headheight}{24.01996pt}.
(fancyhdr)                You might also make \topmargin smaller to compensate:

(fancyhdr)                \addtolength{\topmargin}{-0.01996pt}.

[206

]
Chapter 36.
Package marginnote Info: Margin note 223.1 is on absolute page 223 on input lin
e 9.
Package marginnote Info: xpos seems to be 85.35826pt on input line 9.

warning  (pdf backend): ignoring duplicate destination with the name 'tcb@cnt@de
finition.1'
[207]
warning  (pdf backend): ignoring duplicate destination with the name 'tcb@cnt@de
finition.2'

Package fancyhdr Warning: \headheight is too small (24.0pt): 
(fancyhdr)                Make it at least 24.01996pt, for example:
(fancyhdr)                \setlength{\headheight}{24.01996pt}.
(fancyhdr)                You might also make \topmargin smaller to compensate:

(fancyhdr)                \addtolength{\topmargin}{-0.01996pt}.

[208])

Package fancyhdr Warning: \headheight is too small (24.0pt): 
(fancyhdr)                Make it at least 24.01996pt, for example:
(fancyhdr)                \setlength{\headheight}{24.01996pt}.
(fancyhdr)                You might also make \topmargin smaller to compensate:

(fancyhdr)                \addtolength{\topmargin}{-0.01996pt}.

[209]

Package fancyhdr Warning: \headheight is too small (24.0pt): 
(fancyhdr)                Make it at least 24.01996pt, for example:
(fancyhdr)                \setlength{\headheight}{24.01996pt}.
(fancyhdr)                You might also make \topmargin smaller to compensate:

(fancyhdr)                \addtolength{\topmargin}{-0.01996pt}.

[210

] [211] [212] (./chapters/ch36-learning-as-infrastructure.tex
Chapter 37.
Package marginnote Info: Margin note 229.1 is on absolute page 229 on input lin
e 11.
Package marginnote Info: xpos seems to be 85.35826pt on input line 11.

warning  (pdf backend): ignoring duplicate destination with the name 'tcb@cnt@de
finition.1'
[213

]
warning  (pdf backend): ignoring duplicate destination with the name 'tcb@cnt@pr
oposition.1'

Package fancyhdr Warning: \headheight is too small (24.0pt): 
(fancyhdr)                Make it at least 24.01996pt, for example:
(fancyhdr)                \setlength{\headheight}{24.01996pt}.
(fancyhdr)                You might also make \topmargin smaller to compensate:

(fancyhdr)                \addtolength{\topmargin}{-0.01996pt}.

[214]) (./chapters/ch37-exploration-exploitation.tex

Package fancyhdr Warning: \headheight is too small (24.0pt): 
(fancyhdr)                Make it at least 24.01996pt, for example:
(fancyhdr)                \setlength{\headheight}{24.01996pt}.
(fancyhdr)                You might also make \topmargin smaller to compensate:

(fancyhdr)                \addtolength{\topmargin}{-0.01996pt}.

[215]

Package fancyhdr Warning: \headheight is too small (24.0pt): 
(fancyhdr)                Make it at least 24.01996pt, for example:
(fancyhdr)                \setlength{\headheight}{24.01996pt}.
(fancyhdr)                You might also make \topmargin smaller to compensate:

(fancyhdr)                \addtolength{\topmargin}{-0.01996pt}.

[216

]
Chapter 38.
Package marginnote Info: Margin note 233.1 is on absolute page 233 on input lin
e 12.
Package marginnote Info: xpos seems to be 85.35826pt on input line 12.

Overfull \hbox (3.19621pt too wide) in paragraph at lines 12--12
\TU/TeXGyrePagella(0)/m/it/10 exploration-  
 []


warning  (pdf backend): ignoring duplicate destination with the name 'tcb@cnt@de
finition.1'
[217]
warning  (pdf backend): ignoring duplicate destination with the name 'tcb@cnt@de
finition.2'

Package fancyhdr Warning: \headheight is too small (24.0pt): 
(fancyhdr)                Make it at least 24.01996pt, for example:
(fancyhdr)                \setlength{\headheight}{24.01996pt}.
(fancyhdr)                You might also make \topmargin smaller to compensate:

(fancyhdr)                \addtolength{\topmargin}{-0.01996pt}.

[218]) (./chapters/ch38-organizing-a-mind.tex

Package fancyhdr Warning: \headheight is too small (24.0pt): 
(fancyhdr)                Make it at least 24.01996pt, for example:
(fancyhdr)                \setlength{\headheight}{24.01996pt}.
(fancyhdr)                You might also make \topmargin smaller to compensate:

(fancyhdr)                \addtolength{\topmargin}{-0.01996pt}.

[219]

Package fancyhdr Warning: \headheight is too small (24.0pt): 
(fancyhdr)                Make it at least 24.01996pt, for example:
(fancyhdr)                \setlength{\headheight}{24.01996pt}.
(fancyhdr)                You might also make \topmargin smaller to compensate:

(fancyhdr)                \addtolength{\topmargin}{-0.01996pt}.

[220

]
Chapter 39.
Package marginnote Info: Margin note 237.1 is on absolute page 237 on input lin
e 12.
Package marginnote Info: xpos seems to be 85.35826pt on input line 12.
[221]
warning  (pdf backend): ignoring duplicate destination with the name 'tcb@cnt@de
finition.1'

Overfull \hbox (12.54759pt too wide) in paragraph at lines 62--67
[]\TU/TeXGyrePagella(0)/m/n/12 Elab-o-ra-tive re-hearsal (con-nect-ing new in-fo
r-ma-tion to ex-ist-ing knowl-edge), self-explanation
 []


warning  (pdf backend): ignoring duplicate destination with the name 'tcb@cnt@de
finition.2'

Package fancyhdr Warning: \headheight is too small (24.0pt): 
(fancyhdr)                Make it at least 24.01996pt, for example:
(fancyhdr)                \setlength{\headheight}{24.01996pt}.
(fancyhdr)                You might also make \topmargin smaller to compensate:

(fancyhdr)                \addtolength{\topmargin}{-0.01996pt}.

[222]) (./chapters/ch39-repl-loops.tex

Package fancyhdr Warning: \headheight is too small (24.0pt): 
(fancyhdr)                Make it at least 24.01996pt, for example:
(fancyhdr)                \setlength{\headheight}{24.01996pt}.
(fancyhdr)                You might also make \topmargin smaller to compensate:

(fancyhdr)                \addtolength{\topmargin}{-0.01996pt}.

[223]

Package fancyhdr Warning: \headheight is too small (24.0pt): 
(fancyhdr)                Make it at least 24.01996pt, for example:
(fancyhdr)                \setlength{\headheight}{24.01996pt}.
(fancyhdr)                You might also make \topmargin smaller to compensate:

(fancyhdr)                \addtolength{\topmargin}{-0.01996pt}.

[224

]
Chapter 40.
Package marginnote Info: Margin note 241.1 is on absolute page 241 on input lin
e 10.
Package marginnote Info: xpos seems to be 85.35826pt on input line 10.

warning  (pdf backend): ignoring duplicate destination with the name 'tcb@cnt@de
finition.1'
[225]

Package fancyhdr Warning: \headheight is too small (24.0pt): 
(fancyhdr)                Make it at least 24.01996pt, for example:
(fancyhdr)                \setlength{\headheight}{24.01996pt}.
(fancyhdr)                You might also make \topmargin smaller to compensate:

(fancyhdr)                \addtolength{\topmargin}{-0.01996pt}.

[226])

Package fancyhdr Warning: \headheight is too small (24.0pt): 
(fancyhdr)                Make it at least 24.01996pt, for example:
(fancyhdr)                \setlength{\headheight}{24.01996pt}.
(fancyhdr)                You might also make \topmargin smaller to compensate:

(fancyhdr)                \addtolength{\topmargin}{-0.01996pt}.

[227]

Package fancyhdr Warning: \headheight is too small (24.0pt): 
(fancyhdr)                Make it at least 24.01996pt, for example:
(fancyhdr)                \setlength{\headheight}{24.01996pt}.
(fancyhdr)                You might also make \topmargin smaller to compensate:

(fancyhdr)                \addtolength{\topmargin}{-0.01996pt}.

[228

] [229] [230] (./chapters/ch40-games-cognitive-laboratories.tex
Chapter 41.
Package marginnote Info: Margin note 247.1 is on absolute page 247 on input lin
e 11.
Package marginnote Info: xpos seems to be 85.35826pt on input line 11.
[231

]
warning  (pdf backend): ignoring duplicate destination with the name 'tcb@cnt@de
finition.1'

Package fancyhdr Warning: \headheight is too small (24.0pt): 
(fancyhdr)                Make it at least 24.01996pt, for example:
(fancyhdr)                \setlength{\headheight}{24.01996pt}.
(fancyhdr)                You might also make \topmargin smaller to compensate:

(fancyhdr)                \addtolength{\topmargin}{-0.01996pt}.

[232]) (./chapters/ch41-procedural-universes.tex

Package fancyhdr Warning: \headheight is too small (24.0pt): 
(fancyhdr)                Make it at least 24.01996pt, for example:
(fancyhdr)                \setlength{\headheight}{24.01996pt}.
(fancyhdr)                You might also make \topmargin smaller to compensate:

(fancyhdr)                \addtolength{\topmargin}{-0.01996pt}.

[233]

Package fancyhdr Warning: \headheight is too small (24.0pt): 
(fancyhdr)                Make it at least 24.01996pt, for example:
(fancyhdr)                \setlength{\headheight}{24.01996pt}.
(fancyhdr)                You might also make \topmargin smaller to compensate:

(fancyhdr)                \addtolength{\topmargin}{-0.01996pt}.

[234

]
Chapter 42.
Package marginnote Info: Margin note 251.1 is on absolute page 251 on input lin
e 10.
Package marginnote Info: xpos seems to be 85.35826pt on input line 10.

warning  (pdf backend): ignoring duplicate destination with the name 'tcb@cnt@de
finition.1'
[235]) (./chapters/ch42-virtual-ecology.tex

Package fancyhdr Warning: \headheight is too small (24.0pt): 
(fancyhdr)                Make it at least 24.01996pt, for example:
(fancyhdr)                \setlength{\headheight}{24.01996pt}.
(fancyhdr)                You might also make \topmargin smaller to compensate:

(fancyhdr)                \addtolength{\topmargin}{-0.01996pt}.

[236]
Chapter 43.
Package marginnote Info: Margin note 253.1 is on absolute page 253 on input lin
e 10.
Package marginnote Info: xpos seems to be 85.35826pt on input line 10.

warning  (pdf backend): ignoring duplicate destination with the name 'tcb@cnt@de
finition.1'
[237

]) (./chapters/ch43-universe-simulation-medium.tex

Package fancyhdr Warning: \headheight is too small (24.0pt): 
(fancyhdr)                Make it at least 24.01996pt, for example:
(fancyhdr)                \setlength{\headheight}{24.01996pt}.
(fancyhdr)                You might also make \topmargin smaller to compensate:

(fancyhdr)                \addtolength{\topmargin}{-0.01996pt}.

[238]
Chapter 44.
Package marginnote Info: Margin note 255.1 is on absolute page 255 on input lin
e 10.
Package marginnote Info: xpos seems to be 85.35826pt on input line 10.

Overfull \hbox (8.30424pt too wide) in paragraph at lines 10--10
[]\TU/TeXGyrePagella(0)/m/it/10 (Chs.18--21)  
 []


warning  (pdf backend): ignoring duplicate destination with the name 'tcb@cnt@de
finition.1'

Underfull \vbox (badness 10000) has occurred while \output is active []

 [239

]

Package fancyhdr Warning: \headheight is too small (24.0pt): 
(fancyhdr)                Make it at least 24.01996pt, for example:
(fancyhdr)                \setlength{\headheight}{24.01996pt}.
(fancyhdr)                You might also make \topmargin smaller to compensate:

(fancyhdr)                \addtolength{\topmargin}{-0.01996pt}.

[240])

Package fancyhdr Warning: \headheight is too small (24.0pt): 
(fancyhdr)                Make it at least 24.01996pt, for example:
(fancyhdr)                \setlength{\headheight}{24.01996pt}.
(fancyhdr)                You might also make \topmargin smaller to compensate:

(fancyhdr)                \addtolength{\topmargin}{-0.01996pt}.

[241]

Package fancyhdr Warning: \headheight is too small (24.0pt): 
(fancyhdr)                Make it at least 24.01996pt, for example:
(fancyhdr)                \setlength{\headheight}{24.01996pt}.
(fancyhdr)                You might also make \topmargin smaller to compensate:

(fancyhdr)                \addtolength{\topmargin}{-0.01996pt}.

[242

] [243] [244] (./chapters/ch44-search-for-shared-structure.tex
Chapter 45.
Package marginnote Info: Margin note 261.1 is on absolute page 261 on input lin
e 11.
Package marginnote Info: xpos seems to be 85.35826pt on input line 11.

Underfull \vbox (badness 1430) has occurred while \output is active []

 [245

]
warning  (pdf backend): ignoring duplicate destination with the name 'tcb@cnt@de
finition.1'

Package fancyhdr Warning: \headheight is too small (24.0pt): 
(fancyhdr)                Make it at least 24.01996pt, for example:
(fancyhdr)                \setlength{\headheight}{24.01996pt}.
(fancyhdr)                You might also make \topmargin smaller to compensate:

(fancyhdr)                \addtolength{\topmargin}{-0.01996pt}.

[246]) (./chapters/ch45-morphological-taxonomy.tex

Package fancyhdr Warning: \headheight is too small (24.0pt): 
(fancyhdr)                Make it at least 24.01996pt, for example:
(fancyhdr)                \setlength{\headheight}{24.01996pt}.
(fancyhdr)                You might also make \topmargin smaller to compensate:

(fancyhdr)                \addtolength{\topmargin}{-0.01996pt}.

[247]

Package fancyhdr Warning: \headheight is too small (24.0pt): 
(fancyhdr)                Make it at least 24.01996pt, for example:
(fancyhdr)                \setlength{\headheight}{24.01996pt}.
(fancyhdr)                You might also make \topmargin smaller to compensate:

(fancyhdr)                \addtolength{\topmargin}{-0.01996pt}.

[248

]
Chapter 46.
Package marginnote Info: Margin note 265.1 is on absolute page 265 on input lin
e 12.
Package marginnote Info: xpos seems to be 85.35826pt on input line 12.

warning  (pdf backend): ignoring duplicate destination with the name 'tcb@cnt@de
finition.1'
[249]
warning  (pdf backend): ignoring duplicate destination with the name 'tcb@cnt@de
finition.2'

Package fancyhdr Warning: \headheight is too small (24.0pt): 
(fancyhdr)                Make it at least 24.01996pt, for example:
(fancyhdr)                \setlength{\headheight}{24.01996pt}.
(fancyhdr)                You might also make \topmargin smaller to compensate:

(fancyhdr)                \addtolength{\topmargin}{-0.01996pt}.

[250]) (./chapters/ch46-ontological-engineering.tex

Package fancyhdr Warning: \headheight is too small (24.0pt): 
(fancyhdr)                Make it at least 24.01996pt, for example:
(fancyhdr)                \setlength{\headheight}{24.01996pt}.
(fancyhdr)                You might also make \topmargin smaller to compensate:

(fancyhdr)                \addtolength{\topmargin}{-0.01996pt}.

[251]

Package fancyhdr Warning: \headheight is too small (24.0pt): 
(fancyhdr)                Make it at least 24.01996pt, for example:
(fancyhdr)                \setlength{\headheight}{24.01996pt}.
(fancyhdr)                You might also make \topmargin smaller to compensate:

(fancyhdr)                \addtolength{\topmargin}{-0.01996pt}.

[252

]
Chapter 47.
Package marginnote Info: Margin note 269.1 is on absolute page 269 on input lin
e 11.
Package marginnote Info: xpos seems to be 85.35826pt on input line 11.

warning  (pdf backend): ignoring duplicate destination with the name 'tcb@cnt@de
finition.1'

Underfull \vbox (badness 4967) has occurred while \output is active []

 [253]
warning  (pdf backend): ignoring duplicate destination with the name 'tcb@cnt@de
finition.2'

Underfull \vbox (badness 10000) has occurred while \output is active []



Package fancyhdr Warning: \headheight is too small (24.0pt): 
(fancyhdr)                Make it at least 24.01996pt, for example:
(fancyhdr)                \setlength{\headheight}{24.01996pt}.
(fancyhdr)                You might also make \topmargin smaller to compensate:

(fancyhdr)                \addtolength{\topmargin}{-0.01996pt}.

[254]) (./chapters/ch47-sociology-of-knowledge.tex

Package fancyhdr Warning: \headheight is too small (24.0pt): 
(fancyhdr)                Make it at least 24.01996pt, for example:
(fancyhdr)                \setlength{\headheight}{24.01996pt}.
(fancyhdr)                You might also make \topmargin smaller to compensate:

(fancyhdr)                \addtolength{\topmargin}{-0.01996pt}.

[255]

Package fancyhdr Warning: \headheight is too small (24.0pt): 
(fancyhdr)                Make it at least 24.01996pt, for example:
(fancyhdr)                \setlength{\headheight}{24.01996pt}.
(fancyhdr)                You might also make \topmargin smaller to compensate:

(fancyhdr)                \addtolength{\topmargin}{-0.01996pt}.

[256

]
Chapter 48.
Package marginnote Info: Margin note 273.1 is on absolute page 273 on input lin
e 11.
Package marginnote Info: xpos seems to be 85.35826pt on input line 11.

warning  (pdf backend): ignoring duplicate destination with the name 'tcb@cnt@de
finition.1'
[257]
warning  (pdf backend): ignoring duplicate destination with the name 'tcb@cnt@de
finition.2'

Package fancyhdr Warning: \headheight is too small (24.0pt): 
(fancyhdr)                Make it at least 24.01996pt, for example:
(fancyhdr)                \setlength{\headheight}{24.01996pt}.
(fancyhdr)                You might also make \topmargin smaller to compensate:

(fancyhdr)                \addtolength{\topmargin}{-0.01996pt}.

[258])

Package fancyhdr Warning: \headheight is too small (24.0pt): 
(fancyhdr)                Make it at least 24.01996pt, for example:
(fancyhdr)                \setlength{\headheight}{24.01996pt}.
(fancyhdr)                You might also make \topmargin smaller to compensate:

(fancyhdr)                \addtolength{\topmargin}{-0.01996pt}.

[259]

Package fancyhdr Warning: \headheight is too small (24.0pt): 
(fancyhdr)                Make it at least 24.01996pt, for example:
(fancyhdr)                \setlength{\headheight}{24.01996pt}.
(fancyhdr)                You might also make \topmargin smaller to compensate:

(fancyhdr)                \addtolength{\topmargin}{-0.01996pt}.

[260

] [261] [262] (./chapters/ch48-collective-memory.tex
Chapter 49.
Package marginnote Info: Margin note 279.1 is on absolute page 279 on input lin
e 11.
Package marginnote Info: xpos seems to be 85.35826pt on input line 11.

warning  (pdf backend): ignoring duplicate destination with the name 'tcb@cnt@de
finition.1'
[263

]
warning  (pdf backend): ignoring duplicate destination with the name 'tcb@cnt@de
finition.2'

warning  (pdf backend): ignoring duplicate destination with the name 'tcb@cnt@de
finition.3'

Package fancyhdr Warning: \headheight is too small (24.0pt): 
(fancyhdr)                Make it at least 24.01996pt, for example:
(fancyhdr)                \setlength{\headheight}{24.01996pt}.
(fancyhdr)                You might also make \topmargin smaller to compensate:

(fancyhdr)                \addtolength{\topmargin}{-0.01996pt}.

[264]) (./chapters/ch49-educational-architecture.tex

Package fancyhdr Warning: \headheight is too small (24.0pt): 
(fancyhdr)                Make it at least 24.01996pt, for example:
(fancyhdr)                \setlength{\headheight}{24.01996pt}.
(fancyhdr)                You might also make \topmargin smaller to compensate:

(fancyhdr)                \addtolength{\topmargin}{-0.01996pt}.

[265]

Package fancyhdr Warning: \headheight is too small (24.0pt): 
(fancyhdr)                Make it at least 24.01996pt, for example:
(fancyhdr)                \setlength{\headheight}{24.01996pt}.
(fancyhdr)                You might also make \topmargin smaller to compensate:

(fancyhdr)                \addtolength{\topmargin}{-0.01996pt}.

[266

]
Chapter 50.
Package marginnote Info: Margin note 283.1 is on absolute page 283 on input lin
e 11.
Package marginnote Info: xpos seems to be 85.35826pt on input line 11.

warning  (pdf backend): ignoring duplicate destination with the name 'tcb@cnt@de
finition.1'
[267]
Underfull \vbox (badness 1205) has occurred while \output is active []



Package fancyhdr Warning: \headheight is too small (24.0pt): 
(fancyhdr)                Make it at least 24.01996pt, for example:
(fancyhdr)                \setlength{\headheight}{24.01996pt}.
(fancyhdr)                You might also make \topmargin smaller to compensate:

(fancyhdr)                \addtolength{\topmargin}{-0.01996pt}.

[268]
warning  (pdf backend): ignoring duplicate destination with the name 'tcb@cnt@de
finition.2'

Package fancyhdr Warning: \headheight is too small (24.0pt): 
(fancyhdr)                Make it at least 24.01996pt, for example:
(fancyhdr)                \setlength{\headheight}{24.01996pt}.
(fancyhdr)                You might also make \topmargin smaller to compensate:

(fancyhdr)                \addtolength{\topmargin}{-0.01996pt}.

[269]) (./chapters/ch50-knowledge-ecosystems.tex

Package fancyhdr Warning: \headheight is too small (24.0pt): 
(fancyhdr)                Make it at least 24.01996pt, for example:
(fancyhdr)                \setlength{\headheight}{24.01996pt}.
(fancyhdr)                You might also make \topmargin smaller to compensate:

(fancyhdr)                \addtolength{\topmargin}{-0.01996pt}.

[270]
Chapter 51.
Package marginnote Info: Margin note 287.1 is on absolute page 287 on input lin
e 11.
Package marginnote Info: xpos seems to be 85.35826pt on input line 11.

warning  (pdf backend): ignoring duplicate destination with the name 'tcb@cnt@de
finition.1'

Underfull \vbox (badness 5022) has occurred while \output is active []

 [271

]
warning  (pdf backend): ignoring duplicate destination with the name 'tcb@cnt@de
finition.2'

Package fancyhdr Warning: \headheight is too small (24.0pt): 
(fancyhdr)                Make it at least 24.01996pt, for example:
(fancyhdr)                \setlength{\headheight}{24.01996pt}.
(fancyhdr)                You might also make \topmargin smaller to compensate:

(fancyhdr)                \addtolength{\topmargin}{-0.01996pt}.

[272]) (./chapters/ch51-toward-semantic-civilization.tex

Package fancyhdr Warning: \headheight is too small (24.0pt): 
(fancyhdr)                Make it at least 24.01996pt, for example:
(fancyhdr)                \setlength{\headheight}{24.01996pt}.
(fancyhdr)                You might also make \topmargin smaller to compensate:

(fancyhdr)                \addtolength{\topmargin}{-0.01996pt}.

[273]

Package fancyhdr Warning: \headheight is too small (24.0pt): 
(fancyhdr)                Make it at least 24.01996pt, for example:
(fancyhdr)                \setlength{\headheight}{24.01996pt}.
(fancyhdr)                You might also make \topmargin smaller to compensate:

(fancyhdr)                \addtolength{\topmargin}{-0.01996pt}.

[274

]
Chapter 52.
Package marginnote Info: Margin note 291.1 is on absolute page 291 on input lin
e 12.
Package marginnote Info: xpos seems to be 85.35826pt on input line 12.

Overfull \hbox (34.39963pt too wide) detected at line 38
[] \TU/LatinModernMath(1)/m/n/12 → [] → [] → [] → [] → []
 []

[275]
warning  (pdf backend): ignoring duplicate destination with the name 'tcb@cnt@de
finition.1'

Package fancyhdr Warning: \headheight is too small (24.0pt): 
(fancyhdr)                Make it at least 24.01996pt, for example:
(fancyhdr)                \setlength{\headheight}{24.01996pt}.
(fancyhdr)                You might also make \topmargin smaller to compensate:

(fancyhdr)                \addtolength{\topmargin}{-0.01996pt}.

[276]

Package fancyhdr Warning: \headheight is too small (24.0pt): 
(fancyhdr)                Make it at least 24.01996pt, for example:
(fancyhdr)                \setlength{\headheight}{24.01996pt}.
(fancyhdr)                You might also make \topmargin smaller to compensate:

(fancyhdr)                \addtolength{\topmargin}{-0.01996pt}.

[277]
Overfull \hbox (13.63742pt too wide) detected at line 199
[] \TU/LatinModernMath(1)/m/n/12 → [] → [] → [] → [] → []
 []


Package fancyhdr Warning: \headheight is too small (24.0pt): 
(fancyhdr)                Make it at least 24.01996pt, for example:
(fancyhdr)                \setlength{\headheight}{24.01996pt}.
(fancyhdr)                You might also make \topmargin smaller to compensate:

(fancyhdr)                \addtolength{\topmargin}{-0.01996pt}.

[278])

Package fancyhdr Warning: \headheight is too small (24.0pt): 
(fancyhdr)                Make it at least 24.01996pt, for example:
(fancyhdr)                \setlength{\headheight}{24.01996pt}.
(fancyhdr)                You might also make \topmargin smaller to compensate:

(fancyhdr)                \addtolength{\topmargin}{-0.01996pt}.

[279]

Package fancyhdr Warning: \headheight is too small (24.0pt): 
(fancyhdr)                Make it at least 24.01996pt, for example:
(fancyhdr)                \setlength{\headheight}{24.01996pt}.
(fancyhdr)                You might also make \topmargin smaller to compensate:

(fancyhdr)                \addtolength{\topmargin}{-0.01996pt}.

[280

] (./chapters/app-a-constraint-spaces.tex
warning  (pdf backend): ignoring duplicate destination with the name 'tcb@cnt@de
finition.2'
[281

]
warning  (pdf backend): ignoring duplicate destination with the name 'tcb@cnt@de
finition.3'

warning  (pdf backend): ignoring duplicate destination with the name 'tcb@cnt@pr
oposition.1'

warning  (pdf backend): ignoring duplicate destination with the name 'tcb@cnt@de
finition.4'

Package fancyhdr Warning: \headheight is too small (24.0pt): 
(fancyhdr)                Make it at least 24.01996pt, for example:
(fancyhdr)                \setlength{\headheight}{24.01996pt}.
(fancyhdr)                You might also make \topmargin smaller to compensate:

(fancyhdr)                \addtolength{\topmargin}{-0.01996pt}.

[282]
warning  (pdf backend): ignoring duplicate destination with the name 'tcb@cnt@de
finition.5'

warning  (pdf backend): ignoring duplicate destination with the name 'tcb@cnt@pr
oposition.2'

warning  (pdf backend): ignoring duplicate destination with the name 'tcb@cnt@th
eorem.1'

Package fancyhdr Warning: \headheight is too small (24.0pt): 
(fancyhdr)                Make it at least 24.01996pt, for example:
(fancyhdr)                \setlength{\headheight}{24.01996pt}.
(fancyhdr)                You might also make \topmargin smaller to compensate:

(fancyhdr)                \addtolength{\topmargin}{-0.01996pt}.

[283])

Package fancyhdr Warning: \headheight is too small (24.0pt): 
(fancyhdr)                Make it at least 24.01996pt, for example:
(fancyhdr)                \setlength{\headheight}{24.01996pt}.
(fancyhdr)                You might also make \topmargin smaller to compensate:

(fancyhdr)                \addtolength{\topmargin}{-0.01996pt}.

[284] (./chapters/app-b-projection-theory.tex
warning  (pdf backend): ignoring duplicate destination with the name 'tcb@cnt@de
finition.6'

warning  (pdf backend): ignoring duplicate destination with the name 'tcb@cnt@de
finition.7'

warning  (pdf backend): ignoring duplicate destination with the name 'tcb@cnt@th
eorem.2'
[285

]

Package fancyhdr Warning: \headheight is too small (24.0pt): 
(fancyhdr)                Make it at least 24.01996pt, for example:
(fancyhdr)                \setlength{\headheight}{24.01996pt}.
(fancyhdr)                You might also make \topmargin smaller to compensate:

(fancyhdr)                \addtolength{\topmargin}{-0.01996pt}.

[286
Missing character: There is no ⚠ (U+26A0) in font TeXGyreHeros/B:mode=node;scr
ipt=latn;language=dflt;+tlig;!
]

Package fancyhdr Warning: \headheight is too small (24.0pt): 
(fancyhdr)                Make it at least 24.01996pt, for example:
(fancyhdr)                \setlength{\headheight}{24.01996pt}.
(fancyhdr)                You might also make \topmargin smaller to compensate:

(fancyhdr)                \addtolength{\topmargin}{-0.01996pt}.

[287])

Package fancyhdr Warning: \headheight is too small (24.0pt): 
(fancyhdr)                Make it at least 24.01996pt, for example:
(fancyhdr)                \setlength{\headheight}{24.01996pt}.
(fancyhdr)                You might also make \topmargin smaller to compensate:

(fancyhdr)                \addtolength{\topmargin}{-0.01996pt}.

[288] (./chapters/app-c-spherepop-calculus.tex
(./diagrams/spherepop-eval-3d.tex)

LaTeX Warning: `h' float specifier changed to `ht'.

[289

]

Package fancyhdr Warning: \headheight is too small (24.0pt): 
(fancyhdr)                Make it at least 24.01996pt, for example:
(fancyhdr)                \setlength{\headheight}{24.01996pt}.
(fancyhdr)                You might also make \topmargin smaller to compensate:

(fancyhdr)                \addtolength{\topmargin}{-0.01996pt}.

[290
Missing character: There is no b (U+0062) in font nullfont!
Missing character: There is no u (U+0075) in font nullfont!
Missing character: There is no b (U+0062) in font nullfont!
Missing character: There is no b (U+0062) in font nullfont!
Missing character: There is no l (U+006C) in font nullfont!
Missing character: There is no e (U+0065) in font nullfont!
Missing character: There is no / (U+002F) in font nullfont!
Missing character: There is no . (U+002E) in font nullfont!
Missing character: There is no s (U+0073) in font nullfont!
Missing character: There is no t (U+0074) in font nullfont!
Missing character: There is no y (U+0079) in font nullfont!
Missing character: There is no l (U+006C) in font nullfont!
Missing character: There is no e (U+0065) in font nullfont!
Missing character: There is no = (U+003D) in font nullfont!
Missing character: There is no c (U+0063) in font nullfont!
Missing character: There is no i (U+0069) in font nullfont!
Missing character: There is no r (U+0072) in font nullfont!
Missing character: There is no c (U+0063) in font nullfont!
Missing character: There is no l (U+006C) in font nullfont!
Missing character: There is no e (U+0065) in font nullfont!
Missing character: There is no , (U+002C) in font nullfont!
Missing character: There is no d (U+0064) in font nullfont!
Missing character: There is no r (U+0072) in font nullfont!
Missing character: There is no a (U+0061) in font nullfont!
Missing character: There is no w (U+0077) in font nullfont!
Missing character: There is no , (U+002C) in font nullfont!
Missing character: There is no t (U+0074) in font nullfont!
Missing character: There is no h (U+0068) in font nullfont!
Missing character: There is no i (U+0069) in font nullfont!
Missing character: There is no c (U+0063) in font nullfont!
Missing character: There is no k (U+006B) in font nullfont!
Missing character: There is no , (U+002C) in font nullfont!
Missing character: There is no m (U+006D) in font nullfont!
Missing character: There is no i (U+0069) in font nullfont!
Missing character: There is no n (U+006E) in font nullfont!
Missing character: There is no i (U+0069) in font nullfont!
Missing character: There is no m (U+006D) in font nullfont!
Missing character: There is no u (U+0075) in font nullfont!
Missing character: There is no m (U+006D) in font nullfont!
Missing character: There is no s (U+0073) in font nullfont!
Missing character: There is no i (U+0069) in font nullfont!
Missing character: There is no z (U+007A) in font nullfont!
Missing character: There is no e (U+0065) in font nullfont!
Missing character: There is no = (U+003D) in font nullfont!
Missing character: There is no 7 (U+0037) in font nullfont!
Missing character: There is no m (U+006D) in font nullfont!
Missing character: There is no m (U+006D) in font nullfont!
Missing character: There is no , (U+002C) in font nullfont!
Missing character: There is no i (U+0069) in font nullfont!
Missing character: There is no n (U+006E) in font nullfont!
Missing character: There is no n (U+006E) in font nullfont!
Missing character: There is no e (U+0065) in font nullfont!
Missing character: There is no r (U+0072) in font nullfont!
Missing character: There is no s (U+0073) in font nullfont!
Missing character: There is no e (U+0065) in font nullfont!
Missing character: There is no p (U+0070) in font nullfont!
Missing character: There is no = (U+003D) in font nullfont!
Missing character: There is no 0 (U+0030) in font nullfont!
Missing character: There is no , (U+002C) in font nullfont!
Missing character: There is no p (U+0070) in font nullfont!
Missing character: There is no o (U+006F) in font nullfont!
Missing character: There is no p (U+0070) in font nullfont!
Missing character: There is no a (U+0061) in font nullfont!
Missing character: There is no r (U+0072) in font nullfont!
Missing character: There is no r (U+0072) in font nullfont!
Missing character: There is no o (U+006F) in font nullfont!
Missing character: There is no w (U+0077) in font nullfont!
Missing character: There is no / (U+002F) in font nullfont!
Missing character: There is no . (U+002E) in font nullfont!
Missing character: There is no s (U+0073) in font nullfont!
Missing character: There is no t (U+0074) in font nullfont!
Missing character: There is no y (U+0079) in font nullfont!
Missing character: There is no l (U+006C) in font nullfont!
Missing character: There is no e (U+0065) in font nullfont!
Missing character: There is no = (U+003D) in font nullfont!
Missing character: There is no - (U+002D) in font nullfont!
Missing character: There is no S (U+0053) in font nullfont!
Missing character: There is no t (U+0074) in font nullfont!
Missing character: There is no e (U+0065) in font nullfont!
Missing character: There is no a (U+0061) in font nullfont!
Missing character: There is no l (U+006C) in font nullfont!
Missing character: There is no t (U+0074) in font nullfont!
Missing character: There is no h (U+0068) in font nullfont!
Missing character: There is no [ (U+005B) in font nullfont!
Missing character: There is no l (U+006C) in font nullfont!
Missing character: There is no e (U+0065) in font nullfont!
Missing character: There is no n (U+006E) in font nullfont!
Missing character: There is no g (U+0067) in font nullfont!
Missing character: There is no t (U+0074) in font nullfont!
Missing character: There is no h (U+0068) in font nullfont!
Missing character: There is no = (U+003D) in font nullfont!
Missing character: There is no 7 (U+0037) in font nullfont!
Missing character: There is no p (U+0070) in font nullfont!
Missing character: There is no t (U+0074) in font nullfont!
Missing character: There is no ] (U+005D) in font nullfont!
Missing character: There is no , (U+002C) in font nullfont!
Missing character: There is no R (U+0052) in font nullfont!
Missing character: There is no S (U+0053) in font nullfont!
Missing character: There is no V (U+0056) in font nullfont!
Missing character: There is no P (U+0050) in font nullfont!
Missing character: There is no a (U+0061) in font nullfont!
Missing character: There is no c (U+0063) in font nullfont!
Missing character: There is no c (U+0063) in font nullfont!
Missing character: There is no e (U+0065) in font nullfont!
Missing character: There is no n (U+006E) in font nullfont!
Missing character: There is no t (U+0074) in font nullfont!
Missing character: There is no , (U+002C) in font nullfont!
Missing character: There is no v (U+0076) in font nullfont!
Missing character: There is no e (U+0065) in font nullfont!
Missing character: There is no r (U+0072) in font nullfont!
Missing character: There is no y (U+0079) in font nullfont!
Missing character: There is no t (U+0074) in font nullfont!
Missing character: There is no h (U+0068) in font nullfont!
Missing character: There is no i (U+0069) in font nullfont!
Missing character: There is no c (U+0063) in font nullfont!
Missing character: There is no k (U+006B) in font nullfont!
Missing character: There is no , (U+002C) in font nullfont!
Missing character: There is no s (U+0073) in font nullfont!
Missing character: There is no t (U+0074) in font nullfont!
Missing character: There is no e (U+0065) in font nullfont!
Missing character: There is no p (U+0070) in font nullfont!
Missing character: There is no l (U+006C) in font nullfont!
Missing character: There is no a (U+0061) in font nullfont!
Missing character: There is no b (U+0062) in font nullfont!
Missing character: There is no / (U+002F) in font nullfont!
Missing character: There is no . (U+002E) in font nullfont!
Missing character: There is no s (U+0073) in font nullfont!
Missing character: There is no t (U+0074) in font nullfont!
Missing character: There is no y (U+0079) in font nullfont!
Missing character: There is no l (U+006C) in font nullfont!
Missing character: There is no e (U+0065) in font nullfont!
Missing character: There is no = (U+003D) in font nullfont!
Missing character: There is no R (U+0052) in font nullfont!
Missing character: There is no S (U+0053) in font nullfont!
Missing character: There is no V (U+0056) in font nullfont!
Missing character: There is no P (U+0050) in font nullfont!
Missing character: There is no d (U+0064) in font nullfont!
Missing character: There is no e (U+0065) in font nullfont!
Missing character: There is no e (U+0065) in font nullfont!
Missing character: There is no p (U+0070) in font nullfont!
Missing character: There is no , (U+002C) in font nullfont!
Missing character: There is no f (U+0066) in font nullfont!
Missing character: There is no o (U+006F) in font nullfont!
Missing character: There is no n (U+006E) in font nullfont!
Missing character: There is no t (U+0074) in font nullfont!
Missing character: There is no = (U+003D) in font nullfont!
Missing character: There is no , (U+002C) in font nullfont!
Missing character: There is no n (U+006E) in font nullfont!
Missing character: There is no o (U+006F) in font nullfont!
Missing character: There is no d (U+0064) in font nullfont!
Missing character: There is no e (U+0065) in font nullfont!
Missing character: There is no l (U+006C) in font nullfont!
Missing character: There is no a (U+0061) in font nullfont!
Missing character: There is no b (U+0062) in font nullfont!
Missing character: There is no / (U+002F) in font nullfont!
Missing character: There is no . (U+002E) in font nullfont!
Missing character: There is no s (U+0073) in font nullfont!
Missing character: There is no t (U+0074) in font nullfont!
Missing character: There is no y (U+0079) in font nullfont!
Missing character: There is no l (U+006C) in font nullfont!
Missing character: There is no e (U+0065) in font nullfont!
Missing character: There is no = (U+003D) in font nullfont!
Missing character: There is no R (U+0052) in font nullfont!
Missing character: There is no S (U+0053) in font nullfont!
Missing character: There is no V (U+0056) in font nullfont!
Missing character: There is no P (U+0050) in font nullfont!
Missing character: There is no d (U+0064) in font nullfont!
Missing character: There is no e (U+0065) in font nullfont!
Missing character: There is no e (U+0065) in font nullfont!
Missing character: There is no p (U+0070) in font nullfont!
Missing character: There is no , (U+002C) in font nullfont!
Missing character: There is no f (U+0066) in font nullfont!
Missing character: There is no o (U+006F) in font nullfont!
Missing character: There is no n (U+006E) in font nullfont!
Missing character: There is no t (U+0074) in font nullfont!
Missing character: There is no = (U+003D) in font nullfont!
Missing character: There is no , (U+002C) in font nullfont!
Missing character: There is no c (U+0063) in font nullfont!
Missing character: There is no o (U+006F) in font nullfont!
Missing character: There is no l (U+006C) in font nullfont!
Missing character: There is no l (U+006C) in font nullfont!
Missing character: There is no a (U+0061) in font nullfont!
Missing character: There is no p (U+0070) in font nullfont!
Missing character: There is no s (U+0073) in font nullfont!
Missing character: There is no e (U+0065) in font nullfont!
Missing character: There is no l (U+006C) in font nullfont!
Missing character: There is no a (U+0061) in font nullfont!
Missing character: There is no b (U+0062) in font nullfont!
Missing character: There is no / (U+002F) in font nullfont!
Missing character: There is no . (U+002E) in font nullfont!
Missing character: There is no s (U+0073) in font nullfont!
Missing character: There is no t (U+0074) in font nullfont!
Missing character: There is no y (U+0079) in font nullfont!
Missing character: There is no l (U+006C) in font nullfont!
Missing character: There is no e (U+0065) in font nullfont!
Missing character: There is no = (U+003D) in font nullfont!
Missing character: There is no R (U+0052) in font nullfont!
Missing character: There is no S (U+0053) in font nullfont!
Missing character: There is no V (U+0056) in font nullfont!
Missing character: There is no P (U+0050) in font nullfont!
Missing character: There is no a (U+0061) in font nullfont!
Missing character: There is no c (U+0063) in font nullfont!
Missing character: There is no c (U+0063) in font nullfont!
Missing character: There is no e (U+0065) in font nullfont!
Missing character: There is no n (U+006E) in font nullfont!
Missing character: There is no t (U+0074) in font nullfont!
Missing character: There is no ! (U+0021) in font nullfont!
Missing character: There is no 8 (U+0038) in font nullfont!
Missing character: There is no 0 (U+0030) in font nullfont!
Missing character: There is no , (U+002C) in font nullfont!
Missing character: There is no f (U+0066) in font nullfont!
Missing character: There is no o (U+006F) in font nullfont!
Missing character: There is no n (U+006E) in font nullfont!
Missing character: There is no t (U+0074) in font nullfont!
Missing character: There is no = (U+003D) in font nullfont!
Missing character: There is no , (U+002C) in font nullfont!
]

Package fancyhdr Warning: \headheight is too small (24.0pt): 
(fancyhdr)                Make it at least 24.01996pt, for example:
(fancyhdr)                \setlength{\headheight}{24.01996pt}.
(fancyhdr)                You might also make \topmargin smaller to compensate:

(fancyhdr)                \addtolength{\topmargin}{-0.01996pt}.

[291])

Package fancyhdr Warning: \headheight is too small (24.0pt): 
(fancyhdr)                Make it at least 24.01996pt, for example:
(fancyhdr)                \setlength{\headheight}{24.01996pt}.
(fancyhdr)                You might also make \topmargin smaller to compensate:

(fancyhdr)                \addtolength{\topmargin}{-0.01996pt}.

[292] (./chapters/app-d-boolean-lattices.tex
Underfull \vbox (badness 1371) has occurred while \output is active []

 [293

]
(./diagrams/boolean-hasse-lattice.tex)
Overfull \hbox (47.73851pt too wide) in paragraph at lines 54--59
 [][] 
 []


Underfull \vbox (badness 6141) has occurred while \output is active []



Package fancyhdr Warning: \headheight is too small (24.0pt): 
(fancyhdr)                Make it at least 24.01996pt, for example:
(fancyhdr)                \setlength{\headheight}{24.01996pt}.
(fancyhdr)                You might also make \topmargin smaller to compensate:

(fancyhdr)                \addtolength{\topmargin}{-0.01996pt}.

[294
Missing character: There is no n (U+006E) in font nullfont!
Missing character: There is no o (U+006F) in font nullfont!
Missing character: There is no d (U+0064) in font nullfont!
Missing character: There is no e (U+0065) in font nullfont!
Missing character: There is no d (U+0064) in font nullfont!
Missing character: There is no i (U+0069) in font nullfont!
Missing character: There is no s (U+0073) in font nullfont!
Missing character: There is no t (U+0074) in font nullfont!
Missing character: There is no a (U+0061) in font nullfont!
Missing character: There is no n (U+006E) in font nullfont!
Missing character: There is no c (U+0063) in font nullfont!
Missing character: There is no e (U+0065) in font nullfont!
Missing character: There is no = (U+003D) in font nullfont!
Missing character: There is no 1 (U+0031) in font nullfont!
Missing character: There is no . (U+002E) in font nullfont!
Missing character: There is no 3 (U+0033) in font nullfont!
Missing character: There is no c (U+0063) in font nullfont!
Missing character: There is no m (U+006D) in font nullfont!
Missing character: There is no a (U+0061) in font nullfont!
Missing character: There is no n (U+006E) in font nullfont!
Missing character: There is no d (U+0064) in font nullfont!
Missing character: There is no 1 (U+0031) in font nullfont!
Missing character: There is no . (U+002E) in font nullfont!
Missing character: There is no 1 (U+0031) in font nullfont!
Missing character: There is no c (U+0063) in font nullfont!
Missing character: There is no m (U+006D) in font nullfont!
Missing character: There is no , (U+002C) in font nullfont!
Missing character: There is no b (U+0062) in font nullfont!
Missing character: There is no o (U+006F) in font nullfont!
Missing character: There is no o (U+006F) in font nullfont!
Missing character: There is no l (U+006C) in font nullfont!
Missing character: There is no n (U+006E) in font nullfont!
Missing character: There is no o (U+006F) in font nullfont!
Missing character: There is no d (U+0064) in font nullfont!
Missing character: There is no e (U+0065) in font nullfont!
Missing character: There is no / (U+002F) in font nullfont!
Missing character: There is no . (U+002E) in font nullfont!
Missing character: There is no s (U+0073) in font nullfont!
Missing character: There is no t (U+0074) in font nullfont!
Missing character: There is no y (U+0079) in font nullfont!
Missing character: There is no l (U+006C) in font nullfont!
Missing character: There is no e (U+0065) in font nullfont!
Missing character: There is no = (U+003D) in font nullfont!
Missing character: There is no c (U+0063) in font nullfont!
Missing character: There is no i (U+0069) in font nullfont!
Missing character: There is no r (U+0072) in font nullfont!
Missing character: There is no c (U+0063) in font nullfont!
Missing character: There is no l (U+006C) in font nullfont!
Missing character: There is no e (U+0065) in font nullfont!
Missing character: There is no , (U+002C) in font nullfont!
Missing character: There is no d (U+0064) in font nullfont!
Missing character: There is no r (U+0072) in font nullfont!
Missing character: There is no a (U+0061) in font nullfont!
Missing character: There is no w (U+0077) in font nullfont!
Missing character: There is no = (U+003D) in font nullfont!
Missing character: There is no R (U+0052) in font nullfont!
Missing character: There is no S (U+0053) in font nullfont!
Missing character: There is no V (U+0056) in font nullfont!
Missing character: There is no P (U+0050) in font nullfont!
Missing character: There is no d (U+0064) in font nullfont!
Missing character: There is no e (U+0065) in font nullfont!
Missing character: There is no e (U+0065) in font nullfont!
Missing character: There is no p (U+0070) in font nullfont!
Missing character: There is no , (U+002C) in font nullfont!
Missing character: There is no f (U+0066) in font nullfont!
Missing character: There is no i (U+0069) in font nullfont!
Missing character: There is no l (U+006C) in font nullfont!
Missing character: There is no l (U+006C) in font nullfont!
Missing character: There is no = (U+003D) in font nullfont!
Missing character: There is no w (U+0077) in font nullfont!
Missing character: There is no h (U+0068) in font nullfont!
Missing character: There is no i (U+0069) in font nullfont!
Missing character: There is no t (U+0074) in font nullfont!
Missing character: There is no e (U+0065) in font nullfont!
Missing character: There is no , (U+002C) in font nullfont!
Missing character: There is no m (U+006D) in font nullfont!
Missing character: There is no i (U+0069) in font nullfont!
Missing character: There is no n (U+006E) in font nullfont!
Missing character: There is no i (U+0069) in font nullfont!
Missing character: There is no m (U+006D) in font nullfont!
Missing character: There is no u (U+0075) in font nullfont!
Missing character: There is no m (U+006D) in font nullfont!
Missing character: There is no s (U+0073) in font nullfont!
Missing character: There is no i (U+0069) in font nullfont!
Missing character: There is no z (U+007A) in font nullfont!
Missing character: There is no e (U+0065) in font nullfont!
Missing character: There is no = (U+003D) in font nullfont!
Missing character: There is no 8 (U+0038) in font nullfont!
Missing character: There is no m (U+006D) in font nullfont!
Missing character: There is no m (U+006D) in font nullfont!
Missing character: There is no , (U+002C) in font nullfont!
Missing character: There is no f (U+0066) in font nullfont!
Missing character: There is no o (U+006F) in font nullfont!
Missing character: There is no n (U+006E) in font nullfont!
Missing character: There is no t (U+0074) in font nullfont!
Missing character: There is no = (U+003D) in font nullfont!
Missing character: There is no , (U+002C) in font nullfont!
Missing character: There is no l (U+006C) in font nullfont!
Missing character: There is no i (U+0069) in font nullfont!
Missing character: There is no n (U+006E) in font nullfont!
Missing character: There is no e (U+0065) in font nullfont!
Missing character: There is no w (U+0077) in font nullfont!
Missing character: There is no i (U+0069) in font nullfont!
Missing character: There is no d (U+0064) in font nullfont!
Missing character: There is no t (U+0074) in font nullfont!
Missing character: There is no h (U+0068) in font nullfont!
Missing character: There is no = (U+003D) in font nullfont!
Missing character: There is no 0 (U+0030) in font nullfont!
Missing character: There is no . (U+002E) in font nullfont!
Missing character: There is no 6 (U+0036) in font nullfont!
Missing character: There is no p (U+0070) in font nullfont!
Missing character: There is no t (U+0074) in font nullfont!
Missing character: There is no , (U+002C) in font nullfont!
Missing character: There is no n (U+006E) in font nullfont!
Missing character: There is no a (U+0061) in font nullfont!
Missing character: There is no m (U+006D) in font nullfont!
Missing character: There is no e (U+0065) in font nullfont!
Missing character: There is no d (U+0064) in font nullfont!
Missing character: There is no n (U+006E) in font nullfont!
Missing character: There is no o (U+006F) in font nullfont!
Missing character: There is no d (U+0064) in font nullfont!
Missing character: There is no e (U+0065) in font nullfont!
Missing character: There is no / (U+002F) in font nullfont!
Missing character: There is no . (U+002E) in font nullfont!
Missing character: There is no s (U+0073) in font nullfont!
Missing character: There is no t (U+0074) in font nullfont!
Missing character: There is no y (U+0079) in font nullfont!
Missing character: There is no l (U+006C) in font nullfont!
Missing character: There is no e (U+0065) in font nullfont!
Missing character: There is no = (U+003D) in font nullfont!
Missing character: There is no b (U+0062) in font nullfont!
Missing character: There is no o (U+006F) in font nullfont!
Missing character: There is no o (U+006F) in font nullfont!
Missing character: There is no l (U+006C) in font nullfont!
Missing character: There is no n (U+006E) in font nullfont!
Missing character: There is no o (U+006F) in font nullfont!
Missing character: There is no d (U+0064) in font nullfont!
Missing character: There is no e (U+0065) in font nullfont!
Missing character: There is no , (U+002C) in font nullfont!
Missing character: There is no f (U+0066) in font nullfont!
Missing character: There is no i (U+0069) in font nullfont!
Missing character: There is no l (U+006C) in font nullfont!
Missing character: There is no l (U+006C) in font nullfont!
Missing character: There is no = (U+003D) in font nullfont!
Missing character: There is no R (U+0052) in font nullfont!
Missing character: There is no S (U+0053) in font nullfont!
Missing character: There is no V (U+0056) in font nullfont!
Missing character: There is no P (U+0050) in font nullfont!
Missing character: There is no l (U+006C) in font nullfont!
Missing character: There is no i (U+0069) in font nullfont!
Missing character: There is no g (U+0067) in font nullfont!
Missing character: There is no h (U+0068) in font nullfont!
Missing character: There is no t (U+0074) in font nullfont!
Missing character: There is no , (U+002C) in font nullfont!
Missing character: There is no d (U+0064) in font nullfont!
Missing character: There is no r (U+0072) in font nullfont!
Missing character: There is no a (U+0061) in font nullfont!
Missing character: There is no w (U+0077) in font nullfont!
Missing character: There is no = (U+003D) in font nullfont!
Missing character: There is no R (U+0052) in font nullfont!
Missing character: There is no S (U+0053) in font nullfont!
Missing character: There is no V (U+0056) in font nullfont!
Missing character: There is no P (U+0050) in font nullfont!
Missing character: There is no d (U+0064) in font nullfont!
Missing character: There is no e (U+0065) in font nullfont!
Missing character: There is no e (U+0065) in font nullfont!
Missing character: There is no p (U+0070) in font nullfont!
Missing character: There is no , (U+002C) in font nullfont!
Missing character: There is no l (U+006C) in font nullfont!
Missing character: There is no i (U+0069) in font nullfont!
Missing character: There is no n (U+006E) in font nullfont!
Missing character: There is no e (U+0065) in font nullfont!
Missing character: There is no w (U+0077) in font nullfont!
Missing character: There is no i (U+0069) in font nullfont!
Missing character: There is no d (U+0064) in font nullfont!
Missing character: There is no t (U+0074) in font nullfont!
Missing character: There is no h (U+0068) in font nullfont!
Missing character: There is no = (U+003D) in font nullfont!
Missing character: There is no 1 (U+0031) in font nullfont!
Missing character: There is no . (U+002E) in font nullfont!
Missing character: There is no 2 (U+0032) in font nullfont!
Missing character: There is no p (U+0070) in font nullfont!
Missing character: There is no t (U+0074) in font nullfont!
Missing character: There is no , (U+002C) in font nullfont!
Missing character: There is no f (U+0066) in font nullfont!
Missing character: There is no o (U+006F) in font nullfont!
Missing character: There is no n (U+006E) in font nullfont!
Missing character: There is no t (U+0074) in font nullfont!
Missing character: There is no = (U+003D) in font nullfont!
Missing character: There is no , (U+002C) in font nullfont!
Missing character: There is no t (U+0074) in font nullfont!
Missing character: There is no o (U+006F) in font nullfont!
Missing character: There is no p (U+0070) in font nullfont!
Missing character: There is no b (U+0062) in font nullfont!
Missing character: There is no o (U+006F) in font nullfont!
Missing character: There is no t (U+0074) in font nullfont!
Missing character: There is no / (U+002F) in font nullfont!
Missing character: There is no . (U+002E) in font nullfont!
Missing character: There is no s (U+0073) in font nullfont!
Missing character: There is no t (U+0074) in font nullfont!
Missing character: There is no y (U+0079) in font nullfont!
Missing character: There is no l (U+006C) in font nullfont!
Missing character: There is no e (U+0065) in font nullfont!
Missing character: There is no = (U+003D) in font nullfont!
Missing character: There is no b (U+0062) in font nullfont!
Missing character: There is no o (U+006F) in font nullfont!
Missing character: There is no o (U+006F) in font nullfont!
Missing character: There is no l (U+006C) in font nullfont!
Missing character: There is no n (U+006E) in font nullfont!
Missing character: There is no o (U+006F) in font nullfont!
Missing character: There is no d (U+0064) in font nullfont!
Missing character: There is no e (U+0065) in font nullfont!
Missing character: There is no , (U+002C) in font nullfont!
Missing character: There is no f (U+0066) in font nullfont!
Missing character: There is no i (U+0069) in font nullfont!
Missing character: There is no l (U+006C) in font nullfont!
Missing character: There is no l (U+006C) in font nullfont!
Missing character: There is no = (U+003D) in font nullfont!
Missing character: There is no R (U+0052) in font nullfont!
Missing character: There is no S (U+0053) in font nullfont!
Missing character: There is no V (U+0056) in font nullfont!
Missing character: There is no P (U+0050) in font nullfont!
Missing character: There is no d (U+0064) in font nullfont!
Missing character: There is no e (U+0065) in font nullfont!
Missing character: There is no e (U+0065) in font nullfont!
Missing character: There is no p (U+0070) in font nullfont!
Missing character: There is no , (U+002C) in font nullfont!
Missing character: There is no t (U+0074) in font nullfont!
Missing character: There is no e (U+0065) in font nullfont!
Missing character: There is no x (U+0078) in font nullfont!
Missing character: There is no t (U+0074) in font nullfont!
Missing character: There is no = (U+003D) in font nullfont!
Missing character: There is no w (U+0077) in font nullfont!
Missing character: There is no h (U+0068) in font nullfont!
Missing character: There is no i (U+0069) in font nullfont!
Missing character: There is no t (U+0074) in font nullfont!
Missing character: There is no e (U+0065) in font nullfont!
Missing character: There is no , (U+002C) in font nullfont!
Missing character: There is no l (U+006C) in font nullfont!
Missing character: There is no i (U+0069) in font nullfont!
Missing character: There is no n (U+006E) in font nullfont!
Missing character: There is no e (U+0065) in font nullfont!
Missing character: There is no w (U+0077) in font nullfont!
Missing character: There is no i (U+0069) in font nullfont!
Missing character: There is no d (U+0064) in font nullfont!
Missing character: There is no t (U+0074) in font nullfont!
Missing character: There is no h (U+0068) in font nullfont!
Missing character: There is no = (U+003D) in font nullfont!
Missing character: There is no 1 (U+0031) in font nullfont!
Missing character: There is no . (U+002E) in font nullfont!
Missing character: There is no 2 (U+0032) in font nullfont!
Missing character: There is no p (U+0070) in font nullfont!
Missing character: There is no t (U+0074) in font nullfont!
Missing character: There is no , (U+002C) in font nullfont!
Missing character: There is no f (U+0066) in font nullfont!
Missing character: There is no o (U+006F) in font nullfont!
Missing character: There is no n (U+006E) in font nullfont!
Missing character: There is no t (U+0074) in font nullfont!
Missing character: There is no = (U+003D) in font nullfont!
Missing character: There is no , (U+002C) in font nullfont!
Missing character: There is no e (U+0065) in font nullfont!
Missing character: There is no d (U+0064) in font nullfont!
Missing character: There is no g (U+0067) in font nullfont!
Missing character: There is no e (U+0065) in font nullfont!
Missing character: There is no / (U+002F) in font nullfont!
Missing character: There is no . (U+002E) in font nullfont!
Missing character: There is no s (U+0073) in font nullfont!
Missing character: There is no t (U+0074) in font nullfont!
Missing character: There is no y (U+0079) in font nullfont!
Missing character: There is no l (U+006C) in font nullfont!
Missing character: There is no e (U+0065) in font nullfont!
Missing character: There is no = (U+003D) in font nullfont!
Missing character: There is no R (U+0052) in font nullfont!
Missing character: There is no S (U+0053) in font nullfont!
Missing character: There is no V (U+0056) in font nullfont!
Missing character: There is no P (U+0050) in font nullfont!
Missing character: There is no m (U+006D) in font nullfont!
Missing character: There is no i (U+0069) in font nullfont!
Missing character: There is no d (U+0064) in font nullfont!
Missing character: There is no ! (U+0021) in font nullfont!
Missing character: There is no 5 (U+0035) in font nullfont!
Missing character: There is no 0 (U+0030) in font nullfont!
Missing character: There is no , (U+002C) in font nullfont!
Missing character: There is no t (U+0074) in font nullfont!
Missing character: There is no h (U+0068) in font nullfont!
Missing character: There is no i (U+0069) in font nullfont!
Missing character: There is no n (U+006E) in font nullfont!
Missing character: There is no , (U+002C) in font nullfont!
Missing character: There is no n (U+006E) in font nullfont!
Missing character: There is no a (U+0061) in font nullfont!
Missing character: There is no m (U+006D) in font nullfont!
Missing character: There is no e (U+0065) in font nullfont!
Missing character: There is no d (U+0064) in font nullfont!
Missing character: There is no g (U+0067) in font nullfont!
Missing character: There is no e (U+0065) in font nullfont!
Missing character: There is no / (U+002F) in font nullfont!
Missing character: There is no . (U+002E) in font nullfont!
Missing character: There is no s (U+0073) in font nullfont!
Missing character: There is no t (U+0074) in font nullfont!
Missing character: There is no y (U+0079) in font nullfont!
Missing character: There is no l (U+006C) in font nullfont!
Missing character: There is no e (U+0065) in font nullfont!
Missing character: There is no = (U+003D) in font nullfont!
Missing character: There is no R (U+0052) in font nullfont!
Missing character: There is no S (U+0053) in font nullfont!
Missing character: There is no V (U+0056) in font nullfont!
Missing character: There is no P (U+0050) in font nullfont!
Missing character: There is no a (U+0061) in font nullfont!
Missing character: There is no c (U+0063) in font nullfont!
Missing character: There is no c (U+0063) in font nullfont!
Missing character: There is no e (U+0065) in font nullfont!
Missing character: There is no n (U+006E) in font nullfont!
Missing character: There is no t (U+0074) in font nullfont!
Missing character: There is no , (U+002C) in font nullfont!
Missing character: There is no t (U+0074) in font nullfont!
Missing character: There is no h (U+0068) in font nullfont!
Missing character: There is no i (U+0069) in font nullfont!
Missing character: There is no c (U+0063) in font nullfont!
Missing character: There is no k (U+006B) in font nullfont!
Missing character: There is no , (U+002C) in font nullfont!
Missing character: There is no o (U+006F) in font nullfont!
Missing character: There is no p (U+0070) in font nullfont!
Missing character: There is no a (U+0061) in font nullfont!
Missing character: There is no c (U+0063) in font nullfont!
Missing character: There is no i (U+0069) in font nullfont!
Missing character: There is no t (U+0074) in font nullfont!
Missing character: There is no y (U+0079) in font nullfont!
Missing character: There is no = (U+003D) in font nullfont!
Missing character: There is no 0 (U+0030) in font nullfont!
Missing character: There is no . (U+002E) in font nullfont!
Missing character: There is no 8 (U+0038) in font nullfont!
Missing character: There is no , (U+002C) in font nullfont!
Missing character: There is no l (U+006C) in font nullfont!
Missing character: There is no b (U+0062) in font nullfont!
Missing character: There is no l (U+006C) in font nullfont!
Missing character: There is no / (U+002F) in font nullfont!
Missing character: There is no . (U+002E) in font nullfont!
Missing character: There is no s (U+0073) in font nullfont!
Missing character: There is no t (U+0074) in font nullfont!
Missing character: There is no y (U+0079) in font nullfont!
Missing character: There is no l (U+006C) in font nullfont!
Missing character: There is no e (U+0065) in font nullfont!
Missing character: There is no = (U+003D) in font nullfont!
Missing character: There is no f (U+0066) in font nullfont!
Missing character: There is no o (U+006F) in font nullfont!
Missing character: There is no n (U+006E) in font nullfont!
Missing character: There is no t (U+0074) in font nullfont!
Missing character: There is no = (U+003D) in font nullfont!
Missing character: There is no , (U+002C) in font nullfont!
Missing character: There is no R (U+0052) in font nullfont!
Missing character: There is no S (U+0053) in font nullfont!
Missing character: There is no V (U+0056) in font nullfont!
Missing character: There is no P (U+0050) in font nullfont!
Missing character: There is no m (U+006D) in font nullfont!
Missing character: There is no i (U+0069) in font nullfont!
Missing character: There is no d (U+0064) in font nullfont!
])

Package fancyhdr Warning: \headheight is too small (24.0pt): 
(fancyhdr)                Make it at least 24.01996pt, for example:
(fancyhdr)                \setlength{\headheight}{24.01996pt}.
(fancyhdr)                You might also make \topmargin smaller to compensate:

(fancyhdr)                \addtolength{\topmargin}{-0.01996pt}.

[295]

Package fancyhdr Warning: \headheight is too small (24.0pt): 
(fancyhdr)                Make it at least 24.01996pt, for example:
(fancyhdr)                \setlength{\headheight}{24.01996pt}.
(fancyhdr)                You might also make \topmargin smaller to compensate:

(fancyhdr)                \addtolength{\topmargin}{-0.01996pt}.

[296

] (./chapters/app-e-placeholder.tex [297])

Package fancyhdr Warning: \headheight is too small (24.0pt): 
(fancyhdr)                Make it at least 24.01996pt, for example:
(fancyhdr)                \setlength{\headheight}{24.01996pt}.
(fancyhdr)                You might also make \topmargin smaller to compensate:

(fancyhdr)                \addtolength{\topmargin}{-0.01996pt}.

[298] (./chapters/app-f-placeholder.tex [299

])

Package fancyhdr Warning: \headheight is too small (24.0pt): 
(fancyhdr)                Make it at least 24.01996pt, for example:
(fancyhdr)                \setlength{\headheight}{24.01996pt}.
(fancyhdr)                You might also make \topmargin smaller to compensate:

(fancyhdr)                \addtolength{\topmargin}{-0.01996pt}.

[300] (./chapters/app-g-placeholder.tex
Underfull \vbox (badness 10000) has occurred while \output is active []

 [301

])

Package fancyhdr Warning: \headheight is too small (24.0pt): 
(fancyhdr)                Make it at least 24.01996pt, for example:
(fancyhdr)                \setlength{\headheight}{24.01996pt}.
(fancyhdr)                You might also make \topmargin smaller to compensate:

(fancyhdr)                \addtolength{\topmargin}{-0.01996pt}.

[302] (./chapters/app-h-placeholder.tex
Underfull \vbox (badness 3815) has occurred while \output is active []

 [303

])

Package fancyhdr Warning: \headheight is too small (24.0pt): 
(fancyhdr)                Make it at least 24.01996pt, for example:
(fancyhdr)                \setlength{\headheight}{24.01996pt}.
(fancyhdr)                You might also make \topmargin smaller to compensate:

(fancyhdr)                \addtolength{\topmargin}{-0.01996pt}.

[304] (./chapters/app-i-placeholder.tex [305

])

Package fancyhdr Warning: \headheight is too small (24.0pt): 
(fancyhdr)                Make it at least 24.01996pt, for example:
(fancyhdr)                \setlength{\headheight}{24.01996pt}.
(fancyhdr)                You might also make \topmargin smaller to compensate:

(fancyhdr)                \addtolength{\topmargin}{-0.01996pt}.

[306] (./chapters/app-j-placeholder.tex
Underfull \vbox (badness 7151) has occurred while \output is active []

 [307

])

Package fancyhdr Warning: \headheight is too small (24.0pt): 
(fancyhdr)                Make it at least 24.01996pt, for example:
(fancyhdr)                \setlength{\headheight}{24.01996pt}.
(fancyhdr)                You might also make \topmargin smaller to compensate:

(fancyhdr)                \addtolength{\topmargin}{-0.01996pt}.

[308] (./chapters/app-k-placeholder.tex [309

])

Package fancyhdr Warning: \headheight is too small (24.0pt): 
(fancyhdr)                Make it at least 24.01996pt, for example:
(fancyhdr)                \setlength{\headheight}{24.01996pt}.
(fancyhdr)                You might also make \topmargin smaller to compensate:

(fancyhdr)                \addtolength{\topmargin}{-0.01996pt}.

[310] (./chapters/app-l-placeholder.tex [311

])

Package fancyhdr Warning: \headheight is too small (24.0pt): 
(fancyhdr)                Make it at least 24.01996pt, for example:
(fancyhdr)                \setlength{\headheight}{24.01996pt}.
(fancyhdr)                You might also make \topmargin smaller to compensate:

(fancyhdr)                \addtolength{\topmargin}{-0.01996pt}.

[312]
Overfull \hbox (9.76085pt too wide) in paragraph at lines 603--603
\TU/TeXGyrePagella(0)/b/n/24.88 Se-man-tic In-fras-truc-ture and Cat-e-gory The-

 []

(./chapters/app-m-placeholder.tex [313

])

Package fancyhdr Warning: \headheight is too small (24.0pt): 
(fancyhdr)                Make it at least 24.01996pt, for example:
(fancyhdr)                \setlength{\headheight}{24.01996pt}.
(fancyhdr)                You might also make \topmargin smaller to compensate:

(fancyhdr)                \addtolength{\topmargin}{-0.01996pt}.

[314] (./chapters/app-n-placeholder.tex [315

])

Package fancyhdr Warning: \headheight is too small (24.0pt): 
(fancyhdr)                Make it at least 24.01996pt, for example:
(fancyhdr)                \setlength{\headheight}{24.01996pt}.
(fancyhdr)                You might also make \topmargin smaller to compensate:

(fancyhdr)                \addtolength{\topmargin}{-0.01996pt}.

[316]
Overfull \hbox (22.45262pt too wide) in paragraph at lines 617--617
\TU/TeXGyrePagella(0)/b/n/24.88 Civ-i-liza-tion Dy-nam-ics and Col-lec-tive Mem-

 []

(./chapters/app-o-placeholder.tex
Underfull \vbox (badness 10000) has occurred while \output is active []

 [317

]
Overfull \hbox (15.55742pt too wide) detected at line 75
[] \TU/LatinModernMath(1)/m/n/12 → [] → [] → [] → [] → []
 []

)

Package fancyhdr Warning: \headheight is too small (24.0pt): 
(fancyhdr)                Make it at least 24.01996pt, for example:
(fancyhdr)                \setlength{\headheight}{24.01996pt}.
(fancyhdr)                You might also make \topmargin smaller to compensate:

(fancyhdr)                \addtolength{\topmargin}{-0.01996pt}.

[318] [319

]

Package fancyhdr Warning: \headheight is too small (24.0pt): 
(fancyhdr)                Make it at least 24.01996pt, for example:
(fancyhdr)                \setlength{\headheight}{24.01996pt}.
(fancyhdr)                You might also make \topmargin smaller to compensate:

(fancyhdr)                \addtolength{\topmargin}{-0.01996pt}.

[320

]
No file main.ind.
(./build/main.aux)
 ***********
LaTeX2e <2023-11-01> patch level 1
L3 programming layer <2024-01-22>
 ***********


LaTeX Font Warning: Some font shapes were not available, defaults substituted.

Package rerunfilecheck Info: File `main.out' has not changed.
(rerunfilecheck)             Checksum: 60B765BF9C266B1BFEB4DC53DBADA48B;67089.
Package logreq Info: Writing requests to 'main.run.xml'.

\openout1 = main.run.xml
)

Here is how much of LuaTeX's memory you used:
 67273 strings out of 476553
 125086,3417909 words of node,token memory allocated
 2036 words of node memory still in use:
   32 hlist, 2 vlist, 14 rule, 1 local_par, 5 glue, 6 kern, 1 penalty, 3 glyph, 
203 attribute, 77 glue_spec, 203 attribute_list, 2 write, 24 pdf_literal, 12 pdf
_action, 24 pdf_colorstack nodes
   avail lists: 1:1,2:4434,3:2363,4:582,5:725,6:107,7:6902,8:66,9:1086,10:25,11:
629
 86478 multiletter control sequences out of 65536+600000
 194 fonts using 53357391 bytes
 101i,16n,121p,1192b,2180s stack positions out of 50000i,1000n,20000p,200000b,200000s
</usr/share/texmf/fonts/opentype/public/lm/lmmono8-regular.otf></usr/share/texmf
/fonts/opentype/public/lm/lmmono10-italic.otf></usr/share/texmf/fonts/opentype/p
ublic/lm/lmmono12-regular.otf></usr/share/texmf/fonts/opentype/public/lm-math/la
tinmodern-math.otf></usr/share/texmf/fonts/opentype/public/tex-gyre/texgyrepagel
la-bolditalic.otf></usr/share/texmf/fonts/opentype/public/tex-gyre/texgyreheros-
bold.otf></usr/share/texmf/fonts/opentype/public/tex-gyre/texgyrepagella-regular
.otf></usr/share/texmf/fonts/opentype/public/lm-math/latinmodern-math.otf></usr/
share/texmf/fonts/opentype/public/tex-gyre/texgyrepagella-bold.otf></usr/share/t
exmf/fonts/opentype/public/lm-math/latinmodern-math.otf></usr/share/texmf/fonts/
opentype/public/tex-gyre/texgyrepagella-regular.otf></usr/share/texmf/fonts/open
type/public/tex-gyre/texgyrepagella-italic.otf></usr/share/texmf/fonts/opentype/
public/tex-gyre/texgyrepagella-bold.otf></usr/share/texlive/texmf-dist/fonts/typ
e1/public/amsfonts/symbols/msam10.pfb>
Output written on main.pdf (336 pages, 1107674 bytes).

PDF statistics: 3456 PDF objects out of 3580 (max. 8388607)
 3023 compressed objects within 31 object streams
 868 named destinations out of 1000 (max. 131072)
 2768 words of extra memory for PDF output out of 10000 (max. 100000000)

