This is LuaHBTeX, Version 1.17.0 (TeX Live 2023/Debian)  (format=lualatex 2026.5.3)  2 JUN 2026 20:02
 restricted system commands enabled.
**hydra_architecture.tex
(./hydra_architecture.tex
LaTeX2e <2023-11-01> patch level 1
L3 programming layer <2024-01-22>
Lua module: luaotfload 2023-08-31 3.26 Lua based OpenType font support
Lua module: lualibs 2023-07-13 2.76 ConTeXt Lua standard libraries.
Lua module: lualibs-extended 2023-07-13 2.76 ConTeXt Lua libraries -- extended c
ollection.
luaotfload | conf : Root cache directory is "/home/flyxion/.texlive2023/texmf-va
r/luatex-cache/generic/names".
luaotfload | init : Loading fontloader "fontloader-2023-08-19.lua" from kpse-res
olved path "/usr/share/texlive/texmf-dist/tex/luatex/luaotfload/fontloader-2023-
08-19.lua".
Lua-only attribute luaotfload@noligature = 1
luaotfload | init : Context OpenType loader version 3.133
Inserting `luaotfload.node_processor' in `pre_linebreak_filter'.
Inserting `luaotfload.node_processor' in `hpack_filter'.
Inserting `luaotfload.glyph_stream' in `glyph_stream_provider'.
Inserting `luaotfload.define_font' in `define_font'.
Lua-only attribute luaotfload_color_attribute = 2
luaotfload | conf : Root cache directory is "/home/flyxion/.texlive2023/texmf-va
r/luatex-cache/generic/names".
Inserting `luaotfload.harf.strip_prefix' in `find_opentype_file'.
Inserting `luaotfload.harf.strip_prefix' in `find_truetype_file'.
Removing  `luaotfload.glyph_stream' from `glyph_stream_provider'.
Inserting `luaotfload.harf.glyphstream' in `glyph_stream_provider'.
Inserting `luaotfload.harf.finalize_vlist' in `post_linebreak_filter'.
Inserting `luaotfload.harf.finalize_hlist' in `hpack_filter'.
Inserting `luaotfload.cleanup_files' in `wrapup_run'.
Inserting `luaotfload.harf.finalize_unicode' in `finish_pdffile'.
Inserting `luaotfload.glyphinfo' in `glyph_info'.
Lua-only attribute luaotfload.letterspace_done = 3
Inserting `luaotfload.aux.set_sscale_dimens' in `luaotfload.patch_font'.
Inserting `luaotfload.aux.set_font_index' in `luaotfload.patch_font'.
Inserting `luaotfload.aux.patch_cambria_domh' in `luaotfload.patch_font'.
Inserting `luaotfload.aux.fixup_fontdata' in `luaotfload.patch_font_unsafe'.
Inserting `luaotfload.aux.set_capheight' in `luaotfload.patch_font'.
Inserting `luaotfload.aux.set_xheight' in `luaotfload.patch_font'.
Inserting `luaotfload.rewrite_fontname' in `luaotfload.patch_font'.
Inserting `tracingstacklevels' in `input_level_string'. (/usr/share/texlive/tex
mf-dist/tex/latex/base/article.cls
Document Class: article 2023/05/17 v1.4n Standard LaTeX document class
(/usr/share/texlive/texmf-dist/tex/latex/base/size12.clo
File: size12.clo 2023/05/17 v1.4n Standard LaTeX file (size option)
luaotfload | db : Font names database loaded from /home/flyxion/.texlive2023/tex
mf-var/luatex-cache/generic/names/luaotfload-names.luc.gz)
\c@part=\count185
\c@section=\count186
\c@subsection=\count187
\c@subsubsection=\count188
\c@paragraph=\count189
\c@subparagraph=\count190
\c@figure=\count191
\c@table=\count192
\abovecaptionskip=\skip48
\belowcaptionskip=\skip49
\bibindent=\dimen139
)
(/usr/share/texlive/texmf-dist/tex/latex/fontspec/fontspec.sty
(/usr/share/texlive/texmf-dist/tex/latex/l3packages/xparse/xparse.sty
(/usr/share/texlive/texmf-dist/tex/latex/l3kernel/expl3.sty
Package: expl3 2024-01-22 L3 programming layer (loader) 

(/usr/share/texlive/texmf-dist/tex/latex/l3backend/l3backend-luatex.def
File: l3backend-luatex.def 2024-01-04 L3 backend support: PDF output (LuaTeX)
\l__color_backend_stack_int=\count193
Inserting `l3color' in `luaotfload.parse_color'.
\l__pdf_internal_box=\box51
))
Package: xparse 2023-10-10 L3 Experimental document command parser
)
Package: fontspec 2022/01/15 v2.8a Font selection for XeLaTeX and LuaLaTeX
Lua module: fontspec 2022/01/15 2.8a Font selection for XeLaTeX and LuaLaTeX
(/usr/share/texlive/texmf-dist/tex/latex/fontspec/fontspec-luatex.sty
Package: fontspec-luatex 2022/01/15 v2.8a Font selection for XeLaTeX and LuaLaT
eX
\l__fontspec_script_int=\count194
\l__fontspec_language_int=\count195
\l__fontspec_strnum_int=\count196
\l__fontspec_tmp_int=\count197
\l__fontspec_tmpa_int=\count198
\l__fontspec_tmpb_int=\count199
\l__fontspec_tmpc_int=\count266
\l__fontspec_em_int=\count267
\l__fontspec_emdef_int=\count268
\l__fontspec_strong_int=\count269
\l__fontspec_strongdef_int=\count270
\l__fontspec_tmpa_dim=\dimen140
\l__fontspec_tmpb_dim=\dimen141
\l__fontspec_tmpc_dim=\dimen142

(/usr/share/texlive/texmf-dist/tex/latex/base/fontenc.sty
Package: fontenc 2021/04/29 v2.0v Standard LaTeX package
)
(/usr/share/texlive/texmf-dist/tex/latex/fontspec/fontspec.cfg)))

Package fontspec Info: Font family 'TeXGyrePagella(0)' created for font 'TeX
(fontspec)             Gyre Pagella' with options
(fontspec)             [Ligatures=TeX,Ligatures=TeX,Path=/usr/share/texmf/fonts
/opentype/public/tex-gyre/,UprightFont=texgyrepagella-regular.otf,BoldFont=texg
yrepagella-bold.otf,ItalicFont=texgyrepagella-italic.otf,BoldItalicFont=texgyre
pagella-bolditalic.otf].
(fontspec)              
(fontspec)              This font family consists of the following NFSS
(fontspec)             series/shapes:
(fontspec)              
(fontspec)             - 'normal' (m/n) with NFSS spec.:
(fontspec)             <->"[/usr/share/texmf/fonts/opentype/public/tex-gyre/tex
gyrepagella-regular.otf]:mode=node;script=latn;language=dflt;+tlig;"
(fontspec)             - 'small caps'  (m/sc) with NFSS spec.:
(fontspec)             <->"[/usr/share/texmf/fonts/opentype/public/tex-gyre/tex
gyrepagella-regular.otf]:mode=node;script=latn;language=dflt;+tlig;+smcp;"
(fontspec)             - 'bold' (b/n) with NFSS spec.:
(fontspec)             <->"[/usr/share/texmf/fonts/opentype/public/tex-gyre/tex
gyrepagella-bold.otf]:mode=node;script=latn;language=dflt;+tlig;"
(fontspec)             - 'bold small caps'  (b/sc) with NFSS spec.:
(fontspec)             <->"[/usr/share/texmf/fonts/opentype/public/tex-gyre/tex
gyrepagella-bold.otf]:mode=node;script=latn;language=dflt;+tlig;+smcp;"
(fontspec)             - 'italic' (m/it) with NFSS spec.:
(fontspec)             <->"[/usr/share/texmf/fonts/opentype/public/tex-gyre/tex
gyrepagella-italic.otf]:mode=node;script=latn;language=dflt;+tlig;"
(fontspec)             - 'italic small caps'  (m/scit) with NFSS spec.:
(fontspec)             <->"[/usr/share/texmf/fonts/opentype/public/tex-gyre/tex
gyrepagella-italic.otf]:mode=node;script=latn;language=dflt;+tlig;+smcp;"
(fontspec)             - 'bold italic' (b/it) with NFSS spec.:
(fontspec)             <->"[/usr/share/texmf/fonts/opentype/public/tex-gyre/tex
gyrepagella-bolditalic.otf]:mode=node;script=latn;language=dflt;+tlig;"
(fontspec)             - 'bold italic small caps'  (b/scit) with NFSS spec.:
(fontspec)             <->"[/usr/share/texmf/fonts/opentype/public/tex-gyre/tex
gyrepagella-bolditalic.otf]:mode=node;script=latn;language=dflt;+tlig;+smcp;"


(/usr/share/texlive/texmf-dist/tex/latex/microtype/microtype.sty
Package: microtype 2023/03/13 v3.1a Micro-typographical refinements (RS)

(/usr/share/texlive/texmf-dist/tex/latex/graphics/keyval.sty
Package: keyval 2022/05/29 v1.15 key=value parser (DPC)
\KV@toks@=\toks17
)
(/usr/share/texlive/texmf-dist/tex/latex/etoolbox/etoolbox.sty
Package: etoolbox 2020/10/05 v2.5k e-TeX tools for LaTeX (JAW)
\etb@tempcnta=\count271
)
\MT@toks=\toks18
\MT@tempbox=\box52
\MT@count=\count272
LaTeX Info: Redefining \noprotrusionifhmode on input line 1059.
LaTeX Info: Redefining \leftprotrusion on input line 1060.
\MT@prot@toks=\toks19
LaTeX Info: Redefining \rightprotrusion on input line 1078.
LaTeX Info: Redefining \textls on input line 1368.
\MT@outer@kern=\dimen143
LaTeX Info: Redefining \textmicrotypecontext on input line 1988.
\MT@listname@count=\count273

(/usr/share/texlive/texmf-dist/tex/latex/microtype/microtype-luatex.def
File: microtype-luatex.def 2023/03/13 v3.1a Definitions specific to luatex (RS)

Lua module: microtype 2023/03/13 3.1a microtype module.
Module microtype Info: overwriting function `keepligature' on input line 63
LaTeX Info: Redefining \lsstyle on input line 688.
LaTeX Info: Redefining \lslig on input line 688.
\MT@outer@space=\skip50
)
Package microtype Info: Loading configuration file microtype.cfg.

(/usr/share/texlive/texmf-dist/tex/latex/microtype/microtype.cfg
File: microtype.cfg 2023/03/13 v3.1a microtype main configuration file (RS)
))
(/usr/share/texlive/texmf-dist/tex/latex/amsmath/amsmath.sty
Package: amsmath 2023/05/13 v2.17o AMS math features
\@mathmargin=\skip51

For additional information on amsmath, use the `?' option.
(/usr/share/texlive/texmf-dist/tex/latex/amsmath/amstext.sty
Package: amstext 2021/08/26 v2.01 AMS text

(/usr/share/texlive/texmf-dist/tex/latex/amsmath/amsgen.sty
File: amsgen.sty 1999/11/30 v2.0 generic functions
\@emptytoks=\toks20
\ex@=\dimen144
))
(/usr/share/texlive/texmf-dist/tex/latex/amsmath/amsbsy.sty
Package: amsbsy 1999/11/29 v1.2d Bold Symbols
\pmbraise@=\dimen145
)
(/usr/share/texlive/texmf-dist/tex/latex/amsmath/amsopn.sty
Package: amsopn 2022/04/08 v2.04 operator names
)
\inf@bad=\count274
LaTeX Info: Redefining \frac on input line 236.
\uproot@=\count275
\leftroot@=\count276
LaTeX Info: Redefining \overline on input line 399.
LaTeX Info: Redefining \colon on input line 410.
\classnum@=\count277
\DOTSCASE@=\count278
LaTeX Info: Redefining \ldots on input line 496.
LaTeX Info: Redefining \dots on input line 499.
LaTeX Info: Redefining \cdots on input line 620.
\Mathstrutbox@=\box53
\strutbox@=\box54
LaTeX Info: Redefining \big on input line 722.
LaTeX Info: Redefining \Big on input line 723.
LaTeX Info: Redefining \bigg on input line 724.
LaTeX Info: Redefining \Bigg on input line 725.
\big@size=\dimen146
LaTeX Font Info:    Redeclaring font encoding OML on input line 743.
LaTeX Font Info:    Redeclaring font encoding OMS on input line 744.
\macc@depth=\count279
LaTeX Info: Redefining \bmod on input line 905.
LaTeX Info: Redefining \pmod on input line 910.
LaTeX Info: Redefining \smash on input line 940.
LaTeX Info: Redefining \relbar on input line 970.
LaTeX Info: Redefining \Relbar on input line 971.
\c@MaxMatrixCols=\count280
\dotsspace@=\muskip16
\c@parentequation=\count281
\dspbrk@lvl=\count282
\tag@help=\toks21
\row@=\count283
\column@=\count284
\maxfields@=\count285
\andhelp@=\toks22
\eqnshift@=\dimen147
\alignsep@=\dimen148
\tagshift@=\dimen149
\tagwidth@=\dimen150
\totwidth@=\dimen151
\lineht@=\dimen152
\@envbody=\toks23
\multlinegap=\skip52
\multlinetaggap=\skip53
\mathdisplay@stack=\toks24
LaTeX Info: Redefining \[ on input line 2953.
LaTeX Info: Redefining \] on input line 2954.
)
(/usr/share/texlive/texmf-dist/tex/latex/amsfonts/amssymb.sty
Package: amssymb 2013/01/14 v3.01 AMS font symbols

(/usr/share/texlive/texmf-dist/tex/latex/amsfonts/amsfonts.sty
Package: amsfonts 2013/01/14 v3.01 Basic AMSFonts support
\symAMSa=\mathgroup4
\symAMSb=\mathgroup5
LaTeX Font Info:    Redeclaring math symbol \hbar on input line 98.
LaTeX Font Info:    Overwriting math alphabet `\mathfrak' in version `bold'
(Font)                  U/euf/m/n --> U/euf/b/n on input line 106.
))
(/usr/share/texlive/texmf-dist/tex/latex/amscls/amsthm.sty
Package: amsthm 2020/05/29 v2.20.6
\thm@style=\toks25
\thm@bodyfont=\toks26
\thm@headfont=\toks27
\thm@notefont=\toks28
\thm@headpunct=\toks29
\thm@preskip=\skip54
\thm@postskip=\skip55
\thm@headsep=\skip56
\dth@everypar=\toks30
)
(/usr/share/texlive/texmf-dist/tex/latex/geometry/geometry.sty
Package: geometry 2020/01/02 v5.9 Page Geometry

(/usr/share/texlive/texmf-dist/tex/generic/iftex/ifvtex.sty
Package: ifvtex 2019/10/25 v1.7 ifvtex legacy package. Use iftex instead.

(/usr/share/texlive/texmf-dist/tex/generic/iftex/iftex.sty
Package: iftex 2022/02/03 v1.0f TeX engine tests
))
\Gm@cnth=\count286
\Gm@cntv=\count287
\c@Gm@tempcnt=\count288
\Gm@bindingoffset=\dimen153
\Gm@wd@mp=\dimen154
\Gm@odd@mp=\dimen155
\Gm@even@mp=\dimen156
\Gm@layoutwidth=\dimen157
\Gm@layoutheight=\dimen158
\Gm@layouthoffset=\dimen159
\Gm@layoutvoffset=\dimen160
\Gm@dimlist=\toks31
)
(/usr/share/texlive/texmf-dist/tex/latex/setspace/setspace.sty
Package: setspace 2022/12/04 v6.7b set line spacing
)
(/usr/share/texlive/texmf-dist/tex/latex/titlesec/titlesec.sty
Package: titlesec 2023/10/27 v2.16 Sectioning titles
\ttl@box=\box55
\beforetitleunit=\skip57
\aftertitleunit=\skip58
\ttl@plus=\dimen161
\ttl@minus=\dimen162
\ttl@toksa=\toks32
\titlewidth=\dimen163
\titlewidthlast=\dimen164
\titlewidthfirst=\dimen165
)
(/usr/share/texlive/texmf-dist/tex/latex/hyperref/hyperref.sty
Package: hyperref 2024-01-20 v7.01h Hypertext links for LaTeX

(/usr/share/texlive/texmf-dist/tex/latex/kvsetkeys/kvsetkeys.sty
Package: kvsetkeys 2022-10-05 v1.19 Key value parser (HO)
)
(/usr/share/texlive/texmf-dist/tex/generic/kvdefinekeys/kvdefinekeys.sty
Package: kvdefinekeys 2019-12-19 v1.6 Define keys (HO)
)
(/usr/share/texlive/texmf-dist/tex/generic/pdfescape/pdfescape.sty
Package: pdfescape 2019/12/09 v1.15 Implements pdfTeX's escape features (HO)

(/usr/share/texlive/texmf-dist/tex/generic/ltxcmds/ltxcmds.sty
Package: ltxcmds 2023-12-04 v1.26 LaTeX kernel commands for general use (HO)
)
(/usr/share/texlive/texmf-dist/tex/generic/pdftexcmds/pdftexcmds.sty
Package: pdftexcmds 2020-06-27 v0.33 Utility functions of pdfTeX for LuaTeX (HO
)

(/usr/share/texlive/texmf-dist/tex/generic/infwarerr/infwarerr.sty
Package: infwarerr 2019/12/03 v1.5 Providing info/warning/error messages (HO)
)
Package pdftexcmds Info: \pdf@primitive is available.
Package pdftexcmds Info: \pdf@ifprimitive is available.
Package pdftexcmds Info: \pdfdraftmode found.
\pdftexcmds@toks=\toks33
))
(/usr/share/texlive/texmf-dist/tex/latex/hycolor/hycolor.sty
Package: hycolor 2020-01-27 v1.10 Color options for hyperref/bookmark (HO)
)
(/usr/share/texlive/texmf-dist/tex/latex/auxhook/auxhook.sty
Package: auxhook 2019-12-17 v1.6 Hooks for auxiliary files (HO)
)
(/usr/share/texlive/texmf-dist/tex/latex/hyperref/nameref.sty
Package: nameref 2023-11-26 v2.56 Cross-referencing by name of section

(/usr/share/texlive/texmf-dist/tex/latex/refcount/refcount.sty
Package: refcount 2019/12/15 v3.6 Data extraction from label references (HO)
)
(/usr/share/texlive/texmf-dist/tex/generic/gettitlestring/gettitlestring.sty
Package: gettitlestring 2019/12/15 v1.6 Cleanup title references (HO)

(/usr/share/texlive/texmf-dist/tex/latex/kvoptions/kvoptions.sty
Package: kvoptions 2022-06-15 v3.15 Key value format for package options (HO)
))
\c@section@level=\count289
)
\@linkdim=\dimen166
\Hy@linkcounter=\count290
\Hy@pagecounter=\count291

(/usr/share/texlive/texmf-dist/tex/latex/hyperref/pd1enc.def
File: pd1enc.def 2024-01-20 v7.01h Hyperref: PDFDocEncoding definition (HO)
)
(/usr/share/texlive/texmf-dist/tex/generic/intcalc/intcalc.sty
Package: intcalc 2019/12/15 v1.3 Expandable calculations with integers (HO)
)
\Hy@SavedSpaceFactor=\count292

(/usr/share/texlive/texmf-dist/tex/latex/hyperref/puenc.def
File: puenc.def 2024-01-20 v7.01h Hyperref: PDF Unicode definition (HO)
)
Package hyperref Info: Hyper figures OFF on input line 4179.
Package hyperref Info: Link nesting OFF on input line 4184.
Package hyperref Info: Hyper index ON on input line 4187.
Package hyperref Info: Plain pages OFF on input line 4194.
Package hyperref Info: Backreferencing OFF on input line 4199.
Package hyperref Info: Implicit mode ON; LaTeX internals redefined.
Package hyperref Info: Bookmarks ON on input line 4446.
\c@Hy@tempcnt=\count293

(/usr/share/texlive/texmf-dist/tex/latex/url/url.sty
\Urlmuskip=\muskip17
Package: url 2013/09/16  ver 3.4  Verb mode for urls, etc.
)
LaTeX Info: Redefining \url on input line 4784.
\XeTeXLinkMargin=\dimen167

(/usr/share/texlive/texmf-dist/tex/generic/bitset/bitset.sty
Package: bitset 2019/12/09 v1.3 Handle bit-vector datatype (HO)

(/usr/share/texlive/texmf-dist/tex/generic/bigintcalc/bigintcalc.sty
Package: bigintcalc 2019/12/15 v1.5 Expandable calculations on big integers (HO
)
))
\Fld@menulength=\count294
\Field@Width=\dimen168
\Fld@charsize=\dimen169
Package hyperref Info: Hyper figures OFF on input line 6063.
Package hyperref Info: Link nesting OFF on input line 6068.
Package hyperref Info: Hyper index ON on input line 6071.
Package hyperref Info: backreferencing OFF on input line 6078.
Package hyperref Info: Link coloring OFF on input line 6083.
Package hyperref Info: Link coloring with OCG OFF on input line 6088.
Package hyperref Info: PDF/A mode OFF on input line 6093.

(/usr/share/texlive/texmf-dist/tex/latex/base/atbegshi-ltx.sty
Package: atbegshi-ltx 2021/01/10 v1.0c Emulation of the original atbegshi
package with kernel methods
)
\Hy@abspage=\count295
\c@Item=\count296
\c@Hfootnote=\count297
)
Package hyperref Info: Driver (autodetected): hluatex.

(/usr/share/texlive/texmf-dist/tex/latex/hyperref/hluatex.def
File: hluatex.def 2024-01-20 v7.01h Hyperref driver for luaTeX

(/usr/share/texlive/texmf-dist/tex/generic/stringenc/stringenc.sty
Package: stringenc 2019/11/29 v1.12 Convert strings between diff. encodings (HO
)
)
(/usr/share/texlive/texmf-dist/tex/latex/base/atveryend-ltx.sty
Package: atveryend-ltx 2020/08/19 v1.0a Emulation of the original atveryend pac
kage
with kernel methods
)
\Fld@listcount=\count298
\c@bookmark@seq@number=\count299

(/usr/share/texlive/texmf-dist/tex/latex/rerunfilecheck/rerunfilecheck.sty
Package: rerunfilecheck 2022-07-10 v1.10 Rerun checks for auxiliary files (HO)

(/usr/share/texlive/texmf-dist/tex/generic/uniquecounter/uniquecounter.sty
Package: uniquecounter 2019/12/15 v1.4 Provide unlimited unique counter (HO)
)
Package uniquecounter Info: New unique counter `rerunfilecheck' on input line 2
85.
)
\Hy@SectionHShift=\skip59
)
(/usr/share/texlive/texmf-dist/tex/latex/xcolor/xcolor.sty
Package: xcolor 2023/11/15 v3.01 LaTeX color extensions (UK)

(/usr/share/texlive/texmf-dist/tex/latex/graphics-cfg/color.cfg
File: color.cfg 2016/01/02 v1.6 sample color configuration
)
Package xcolor Info: Driver file: luatex.def on input line 274.

(/usr/share/texlive/texmf-dist/tex/latex/graphics-def/luatex.def
File: luatex.def 2022/09/22 v1.2d Graphics/color driver for luatex
)
(/usr/share/texlive/texmf-dist/tex/latex/graphics/mathcolor.ltx)
Package xcolor Info: Model `cmy' substituted by `cmy0' on input line 1350.
Package xcolor Info: Model `hsb' substituted by `rgb' on input line 1354.
Package xcolor Info: Model `RGB' extended on input line 1366.
Package xcolor Info: Model `HTML' substituted by `rgb' on input line 1368.
Package xcolor Info: Model `Hsb' substituted by `hsb' on input line 1369.
Package xcolor Info: Model `tHsb' substituted by `hsb' on input line 1370.
Package xcolor Info: Model `HSB' substituted by `hsb' on input line 1371.
Package xcolor Info: Model `Gray' substituted by `gray' on input line 1372.
Package xcolor Info: Model `wave' substituted by `hsb' on input line 1373.
)
(/usr/share/texlive/texmf-dist/tex/latex/booktabs/booktabs.sty
Package: booktabs 2020/01/12 v1.61803398 Publication quality tables
\heavyrulewidth=\dimen170
\lightrulewidth=\dimen171
\cmidrulewidth=\dimen172
\belowrulesep=\dimen173
\belowbottomsep=\dimen174
\aboverulesep=\dimen175
\abovetopsep=\dimen176
\cmidrulesep=\dimen177
\cmidrulekern=\dimen178
\defaultaddspace=\dimen179
\@cmidla=\count300
\@cmidlb=\count301
\@aboverulesep=\dimen180
\@belowrulesep=\dimen181
\@thisruleclass=\count302
\@lastruleclass=\count303
\@thisrulewidth=\dimen182
)
(/usr/share/texlive/texmf-dist/tex/latex/mathtools/mathtools.sty
Package: mathtools 2022/06/29 v1.29 mathematical typesetting tools

(/usr/share/texlive/texmf-dist/tex/latex/tools/calc.sty
Package: calc 2023/07/08 v4.3 Infix arithmetic (KKT,FJ)
\calc@Acount=\count304
\calc@Bcount=\count305
\calc@Adimen=\dimen183
\calc@Bdimen=\dimen184
\calc@Askip=\skip60
\calc@Bskip=\skip61
LaTeX Info: Redefining \setlength on input line 80.
LaTeX Info: Redefining \addtolength on input line 81.
\calc@Ccount=\count306
\calc@Cskip=\skip62
)
(/usr/share/texlive/texmf-dist/tex/latex/mathtools/mhsetup.sty
Package: mhsetup 2021/03/18 v1.4 programming setup (MH)
)
\g_MT_multlinerow_int=\count307
\l_MT_multwidth_dim=\dimen185
\origjot=\skip63
\l_MT_shortvdotswithinadjustabove_dim=\dimen186
\l_MT_shortvdotswithinadjustbelow_dim=\dimen187
\l_MT_above_intertext_sep=\dimen188
\l_MT_below_intertext_sep=\dimen189
\l_MT_above_shortintertext_sep=\dimen190
\l_MT_below_shortintertext_sep=\dimen191
\xmathstrut@box=\box56
\xmathstrut@dim=\dimen192
)
(/usr/share/texlive/texmf-dist/tex/latex/pgf/frontendlayer/tikz.sty
(/usr/share/texlive/texmf-dist/tex/latex/pgf/basiclayer/pgf.sty
(/usr/share/texlive/texmf-dist/tex/latex/pgf/utilities/pgfrcs.sty
(/usr/share/texlive/texmf-dist/tex/generic/pgf/utilities/pgfutil-common.tex
\pgfutil@everybye=\toks34
\pgfutil@tempdima=\dimen193
\pgfutil@tempdimb=\dimen194
)
(/usr/share/texlive/texmf-dist/tex/generic/pgf/utilities/pgfutil-latex.def
\pgfutil@abb=\box57
)
(/usr/share/texlive/texmf-dist/tex/generic/pgf/utilities/pgfrcs.code.tex
(/usr/share/texlive/texmf-dist/tex/generic/pgf/pgf.revision.tex)
Package: pgfrcs 2023-01-15 v3.1.10 (3.1.10)
))
Package: pgf 2023-01-15 v3.1.10 (3.1.10)

(/usr/share/texlive/texmf-dist/tex/latex/pgf/basiclayer/pgfcore.sty
(/usr/share/texlive/texmf-dist/tex/latex/graphics/graphicx.sty
Package: graphicx 2021/09/16 v1.2d Enhanced LaTeX Graphics (DPC,SPQR)

(/usr/share/texlive/texmf-dist/tex/latex/graphics/graphics.sty
Package: graphics 2022/03/10 v1.4e Standard LaTeX Graphics (DPC,SPQR)

(/usr/share/texlive/texmf-dist/tex/latex/graphics/trig.sty
Package: trig 2021/08/11 v1.11 sin cos tan (DPC)
)
(/usr/share/texlive/texmf-dist/tex/latex/graphics-cfg/graphics.cfg
File: graphics.cfg 2016/06/04 v1.11 sample graphics configuration
)
Package graphics Info: Driver file: luatex.def on input line 107.
)
\Gin@req@height=\dimen195
\Gin@req@width=\dimen196
)
(/usr/share/texlive/texmf-dist/tex/latex/pgf/systemlayer/pgfsys.sty
(/usr/share/texlive/texmf-dist/tex/generic/pgf/systemlayer/pgfsys.code.tex
Package: pgfsys 2023-01-15 v3.1.10 (3.1.10)

(/usr/share/texlive/texmf-dist/tex/generic/pgf/utilities/pgfkeys.code.tex
\pgfkeys@pathtoks=\toks35
\pgfkeys@temptoks=\toks36

(/usr/share/texlive/texmf-dist/tex/generic/pgf/utilities/pgfkeyslibraryfiltered
.code.tex
\pgfkeys@tmptoks=\toks37
))
\pgf@x=\dimen197
\pgf@y=\dimen198
\pgf@xa=\dimen199
\pgf@ya=\dimen256
\pgf@xb=\dimen257
\pgf@yb=\dimen258
\pgf@xc=\dimen259
\pgf@yc=\dimen260
\pgf@xd=\dimen261
\pgf@yd=\dimen262
\w@pgf@writea=\write3
\r@pgf@reada=\read2
\c@pgf@counta=\count308
\c@pgf@countb=\count309
\c@pgf@countc=\count310
\c@pgf@countd=\count311
\t@pgf@toka=\toks38
\t@pgf@tokb=\toks39
\t@pgf@tokc=\toks40
\pgf@sys@id@count=\count312
 (/usr/share/texlive/texmf-dist/tex/generic/pgf/systemlayer/pgf.cfg
File: pgf.cfg 2023-01-15 v3.1.10 (3.1.10)
)
Driver file for pgf: pgfsys-luatex.def
(/usr/share/texlive/texmf-dist/tex/generic/pgf/systemlayer/pgfsys-luatex.def
File: pgfsys-luatex.def 2023-01-15 v3.1.10 (3.1.10)

(/usr/share/texlive/texmf-dist/tex/generic/pgf/systemlayer/pgfsys-common-pdf.de
f
File: pgfsys-common-pdf.def 2023-01-15 v3.1.10 (3.1.10)
)))
(/usr/share/texlive/texmf-dist/tex/generic/pgf/systemlayer/pgfsyssoftpath.code.
tex
File: pgfsyssoftpath.code.tex 2023-01-15 v3.1.10 (3.1.10)
\pgfsyssoftpath@smallbuffer@items=\count313
\pgfsyssoftpath@bigbuffer@items=\count314
)
(/usr/share/texlive/texmf-dist/tex/generic/pgf/systemlayer/pgfsysprotocol.code.
tex
File: pgfsysprotocol.code.tex 2023-01-15 v3.1.10 (3.1.10)
))
(/usr/share/texlive/texmf-dist/tex/generic/pgf/basiclayer/pgfcore.code.tex
Package: pgfcore 2023-01-15 v3.1.10 (3.1.10)

(/usr/share/texlive/texmf-dist/tex/generic/pgf/math/pgfmath.code.tex
(/usr/share/texlive/texmf-dist/tex/generic/pgf/math/pgfmathutil.code.tex)
(/usr/share/texlive/texmf-dist/tex/generic/pgf/math/pgfmathparser.code.tex
\pgfmath@dimen=\dimen263
\pgfmath@count=\count315
\pgfmath@box=\box58
\pgfmath@toks=\toks41
\pgfmath@stack@operand=\toks42
\pgfmath@stack@operation=\toks43
)
(/usr/share/texlive/texmf-dist/tex/generic/pgf/math/pgfmathfunctions.code.tex)
(/usr/share/texlive/texmf-dist/tex/generic/pgf/math/pgfmathfunctions.basic.code
.tex)
(/usr/share/texlive/texmf-dist/tex/generic/pgf/math/pgfmathfunctions.trigonomet
ric.code.tex)
(/usr/share/texlive/texmf-dist/tex/generic/pgf/math/pgfmathfunctions.random.cod
e.tex)
(/usr/share/texlive/texmf-dist/tex/generic/pgf/math/pgfmathfunctions.comparison
.code.tex)
(/usr/share/texlive/texmf-dist/tex/generic/pgf/math/pgfmathfunctions.base.code.
tex)
(/usr/share/texlive/texmf-dist/tex/generic/pgf/math/pgfmathfunctions.round.code
.tex)
(/usr/share/texlive/texmf-dist/tex/generic/pgf/math/pgfmathfunctions.misc.code.
tex)
(/usr/share/texlive/texmf-dist/tex/generic/pgf/math/pgfmathfunctions.integerari
thmetics.code.tex)
(/usr/share/texlive/texmf-dist/tex/generic/pgf/math/pgfmathcalc.code.tex)
(/usr/share/texlive/texmf-dist/tex/generic/pgf/math/pgfmathfloat.code.tex
\c@pgfmathroundto@lastzeros=\count316
))
(/usr/share/texlive/texmf-dist/tex/generic/pgf/math/pgfint.code.tex)
(/usr/share/texlive/texmf-dist/tex/generic/pgf/basiclayer/pgfcorepoints.code.te
x
File: pgfcorepoints.code.tex 2023-01-15 v3.1.10 (3.1.10)
\pgf@picminx=\dimen264
\pgf@picmaxx=\dimen265
\pgf@picminy=\dimen266
\pgf@picmaxy=\dimen267
\pgf@pathminx=\dimen268
\pgf@pathmaxx=\dimen269
\pgf@pathminy=\dimen270
\pgf@pathmaxy=\dimen271
\pgf@xx=\dimen272
\pgf@xy=\dimen273
\pgf@yx=\dimen274
\pgf@yy=\dimen275
\pgf@zx=\dimen276
\pgf@zy=\dimen277
)
(/usr/share/texlive/texmf-dist/tex/generic/pgf/basiclayer/pgfcorepathconstruct.
code.tex
File: pgfcorepathconstruct.code.tex 2023-01-15 v3.1.10 (3.1.10)
\pgf@path@lastx=\dimen278
\pgf@path@lasty=\dimen279
)
(/usr/share/texlive/texmf-dist/tex/generic/pgf/basiclayer/pgfcorepathusage.code
.tex
File: pgfcorepathusage.code.tex 2023-01-15 v3.1.10 (3.1.10)
\pgf@shorten@end@additional=\dimen280
\pgf@shorten@start@additional=\dimen281
)
(/usr/share/texlive/texmf-dist/tex/generic/pgf/basiclayer/pgfcorescopes.code.te
x
File: pgfcorescopes.code.tex 2023-01-15 v3.1.10 (3.1.10)
\pgfpic=\box59
\pgf@hbox=\box60
\pgf@layerbox@main=\box61
\pgf@picture@serial@count=\count317
)
(/usr/share/texlive/texmf-dist/tex/generic/pgf/basiclayer/pgfcoregraphicstate.c
ode.tex
File: pgfcoregraphicstate.code.tex 2023-01-15 v3.1.10 (3.1.10)
\pgflinewidth=\dimen282
)
(/usr/share/texlive/texmf-dist/tex/generic/pgf/basiclayer/pgfcoretransformation
s.code.tex
File: pgfcoretransformations.code.tex 2023-01-15 v3.1.10 (3.1.10)
\pgf@pt@x=\dimen283
\pgf@pt@y=\dimen284
\pgf@pt@temp=\dimen285
)
(/usr/share/texlive/texmf-dist/tex/generic/pgf/basiclayer/pgfcorequick.code.tex
File: pgfcorequick.code.tex 2023-01-15 v3.1.10 (3.1.10)
)
(/usr/share/texlive/texmf-dist/tex/generic/pgf/basiclayer/pgfcoreobjects.code.t
ex
File: pgfcoreobjects.code.tex 2023-01-15 v3.1.10 (3.1.10)
)
(/usr/share/texlive/texmf-dist/tex/generic/pgf/basiclayer/pgfcorepathprocessing
.code.tex
File: pgfcorepathprocessing.code.tex 2023-01-15 v3.1.10 (3.1.10)
)
(/usr/share/texlive/texmf-dist/tex/generic/pgf/basiclayer/pgfcorearrows.code.te
x
File: pgfcorearrows.code.tex 2023-01-15 v3.1.10 (3.1.10)
\pgfarrowsep=\dimen286
)
(/usr/share/texlive/texmf-dist/tex/generic/pgf/basiclayer/pgfcoreshade.code.tex
File: pgfcoreshade.code.tex 2023-01-15 v3.1.10 (3.1.10)
\pgf@max=\dimen287
\pgf@sys@shading@range@num=\count318
\pgf@shadingcount=\count319
)
(/usr/share/texlive/texmf-dist/tex/generic/pgf/basiclayer/pgfcoreimage.code.tex
File: pgfcoreimage.code.tex 2023-01-15 v3.1.10 (3.1.10)
)
(/usr/share/texlive/texmf-dist/tex/generic/pgf/basiclayer/pgfcoreexternal.code.
tex
File: pgfcoreexternal.code.tex 2023-01-15 v3.1.10 (3.1.10)
\pgfexternal@startupbox=\box62
)
(/usr/share/texlive/texmf-dist/tex/generic/pgf/basiclayer/pgfcorelayers.code.te
x
File: pgfcorelayers.code.tex 2023-01-15 v3.1.10 (3.1.10)
)
(/usr/share/texlive/texmf-dist/tex/generic/pgf/basiclayer/pgfcoretransparency.c
ode.tex
File: pgfcoretransparency.code.tex 2023-01-15 v3.1.10 (3.1.10)
)
(/usr/share/texlive/texmf-dist/tex/generic/pgf/basiclayer/pgfcorepatterns.code.
tex
File: pgfcorepatterns.code.tex 2023-01-15 v3.1.10 (3.1.10)
)
(/usr/share/texlive/texmf-dist/tex/generic/pgf/basiclayer/pgfcorerdf.code.tex
File: pgfcorerdf.code.tex 2023-01-15 v3.1.10 (3.1.10)
)))
(/usr/share/texlive/texmf-dist/tex/generic/pgf/modules/pgfmoduleshapes.code.tex
File: pgfmoduleshapes.code.tex 2023-01-15 v3.1.10 (3.1.10)
\pgfnodeparttextbox=\box63
) (/usr/share/texlive/texmf-dist/tex/generic/pgf/modules/pgfmoduleplot.code.tex
File: pgfmoduleplot.code.tex 2023-01-15 v3.1.10 (3.1.10)
)
(/usr/share/texlive/texmf-dist/tex/latex/pgf/compatibility/pgfcomp-version-0-65
.sty
Package: pgfcomp-version-0-65 2023-01-15 v3.1.10 (3.1.10)
\pgf@nodesepstart=\dimen288
\pgf@nodesepend=\dimen289
)
(/usr/share/texlive/texmf-dist/tex/latex/pgf/compatibility/pgfcomp-version-1-18
.sty
Package: pgfcomp-version-1-18 2023-01-15 v3.1.10 (3.1.10)
)) (/usr/share/texlive/texmf-dist/tex/latex/pgf/utilities/pgffor.sty
(/usr/share/texlive/texmf-dist/tex/latex/pgf/utilities/pgfkeys.sty
(/usr/share/texlive/texmf-dist/tex/generic/pgf/utilities/pgfkeys.code.tex))
(/usr/share/texlive/texmf-dist/tex/latex/pgf/math/pgfmath.sty
(/usr/share/texlive/texmf-dist/tex/generic/pgf/math/pgfmath.code.tex))
(/usr/share/texlive/texmf-dist/tex/generic/pgf/utilities/pgffor.code.tex
Package: pgffor 2023-01-15 v3.1.10 (3.1.10)
\pgffor@iter=\dimen290
\pgffor@skip=\dimen291
\pgffor@stack=\toks44
\pgffor@toks=\toks45
))
(/usr/share/texlive/texmf-dist/tex/generic/pgf/frontendlayer/tikz/tikz.code.tex
Package: tikz 2023-01-15 v3.1.10 (3.1.10)

(/usr/share/texlive/texmf-dist/tex/generic/pgf/libraries/pgflibraryplothandlers
.code.tex
File: pgflibraryplothandlers.code.tex 2023-01-15 v3.1.10 (3.1.10)
\pgf@plot@mark@count=\count320
\pgfplotmarksize=\dimen292
)
\tikz@lastx=\dimen293
\tikz@lasty=\dimen294
\tikz@lastxsaved=\dimen295
\tikz@lastysaved=\dimen296
\tikz@lastmovetox=\dimen297
\tikz@lastmovetoy=\dimen298
\tikzleveldistance=\dimen299
\tikzsiblingdistance=\dimen300
\tikz@figbox=\box64
\tikz@figbox@bg=\box65
\tikz@tempbox=\box66
\tikz@tempbox@bg=\box67
\tikztreelevel=\count321
\tikznumberofchildren=\count322
\tikznumberofcurrentchild=\count323
\tikz@fig@count=\count324

(/usr/share/texlive/texmf-dist/tex/generic/pgf/modules/pgfmodulematrix.code.tex
File: pgfmodulematrix.code.tex 2023-01-15 v3.1.10 (3.1.10)
\pgfmatrixcurrentrow=\count325
\pgfmatrixcurrentcolumn=\count326
\pgf@matrix@numberofcolumns=\count327
)
\tikz@expandcount=\count328

(/usr/share/texlive/texmf-dist/tex/generic/pgf/frontendlayer/tikz/libraries/tik
zlibrarytopaths.code.tex
File: tikzlibrarytopaths.code.tex 2023-01-15 v3.1.10 (3.1.10)
)))
(/usr/share/texlive/texmf-dist/tex/generic/pgf/libraries/pgflibraryarrows.meta.
code.tex
File: pgflibraryarrows.meta.code.tex 2023-01-15 v3.1.10 (3.1.10)
\pgfarrowinset=\dimen301
\pgfarrowlength=\dimen302
\pgfarrowwidth=\dimen303
\pgfarrowlinewidth=\dimen304
)
(/usr/share/texlive/texmf-dist/tex/generic/pgf/frontendlayer/tikz/libraries/tik
zlibrarypositioning.code.tex
File: tikzlibrarypositioning.code.tex 2023-01-15 v3.1.10 (3.1.10)
)
(/usr/share/texlive/texmf-dist/tex/generic/pgf/frontendlayer/tikz/libraries/tik
zlibrarycalc.code.tex
File: tikzlibrarycalc.code.tex 2023-01-15 v3.1.10 (3.1.10)
)
(/usr/share/texlive/texmf-dist/tex/latex/fancyhdr/fancyhdr.sty
Package: fancyhdr 2022/11/09 v4.1 Extensive control of page headers and footers

\f@nch@headwidth=\skip64
\f@nch@O@elh=\skip65
\f@nch@O@erh=\skip66
\f@nch@O@olh=\skip67
\f@nch@O@orh=\skip68
\f@nch@O@elf=\skip69
\f@nch@O@erf=\skip70
\f@nch@O@olf=\skip71
\f@nch@O@orf=\skip72
)
(/usr/share/texlive/texmf-dist/tex/latex/emptypage/emptypage.sty
Package: emptypage 2010/05/30 v1.2 Suppress page numbers and headings on empty 
pages
)
(/usr/share/texlive/texmf-dist/tex/latex/natbib/natbib.sty
Package: natbib 2010/09/13 8.31b (PWD, AO)
\bibhang=\skip73
\bibsep=\skip74
LaTeX Info: Redefining \cite on input line 694.
\c@NAT@ctr=\count329
)
Package hyperref Info: Option `colorlinks' set `true' on input line 45.


Package fancyhdr Warning: \fancyhead's `E' option without twoside option is use
less.
(fancyhdr)                Please consider using the `twoside' option on input l
ine 49.


Package fancyhdr Warning: \fancyhead's `E' option without twoside option is use
less.
(fancyhdr)                Please consider using the `twoside' option on input l
ine 50.

\c@theorem=\count330
(./hydra_architecture.aux)
\openout1 = hydra_architecture.aux

LaTeX Font Info:    Checking defaults for OML/cmm/m/it on input line 85.
LaTeX Font Info:    ... okay on input line 85.
LaTeX Font Info:    Checking defaults for OMS/cmsy/m/n on input line 85.
LaTeX Font Info:    ... okay on input line 85.
LaTeX Font Info:    Checking defaults for OT1/cmr/m/n on input line 85.
LaTeX Font Info:    ... okay on input line 85.
LaTeX Font Info:    Checking defaults for T1/cmr/m/n on input line 85.
LaTeX Font Info:    ... okay on input line 85.
LaTeX Font Info:    Checking defaults for TS1/cmr/m/n on input line 85.
LaTeX Font Info:    Trying to load font information for TS1+cmr on input line 8
5.

(/usr/share/texlive/texmf-dist/tex/latex/base/ts1cmr.fd
File: ts1cmr.fd 2023/04/13 v2.5m Standard LaTeX font definitions
)
LaTeX Font Info:    ... okay on input line 85.
LaTeX Font Info:    Checking defaults for TU/lmr/m/n on input line 85.
LaTeX Font Info:    ... okay on input line 85.
LaTeX Font Info:    Checking defaults for OMX/cmex/m/n on input line 85.
LaTeX Font Info:    ... okay on input line 85.
LaTeX Font Info:    Checking defaults for U/cmr/m/n on input line 85.
LaTeX Font Info:    ... okay on input line 85.
LaTeX Font Info:    Checking defaults for PD1/pdf/m/n on input line 85.
LaTeX Font Info:    ... okay on input line 85.
LaTeX Font Info:    Checking defaults for PU/pdf/m/n on input line 85.
LaTeX Font Info:    ... okay on input line 85.

Package fontspec Info: Adjusting the maths setup (use [no-math] to avoid
(fontspec)             this).

\symlegacymaths=\mathgroup6
LaTeX Font Info:    Overwriting symbol font `legacymaths' in version `bold'
(Font)                  OT1/cmr/m/n --> OT1/cmr/bx/n on input line 85.
LaTeX Font Info:    Redeclaring math accent \acute on input line 85.
LaTeX Font Info:    Redeclaring math accent \grave on input line 85.
LaTeX Font Info:    Redeclaring math accent \ddot on input line 85.
LaTeX Font Info:    Redeclaring math accent \tilde on input line 85.
LaTeX Font Info:    Redeclaring math accent \bar on input line 85.
LaTeX Font Info:    Redeclaring math accent \breve on input line 85.
LaTeX Font Info:    Redeclaring math accent \check on input line 85.
LaTeX Font Info:    Redeclaring math accent \hat on input line 85.
LaTeX Font Info:    Redeclaring math accent \dot on input line 85.
LaTeX Font Info:    Redeclaring math accent \mathring on input line 85.
LaTeX Font Info:    Redeclaring math symbol \Gamma on input line 85.
LaTeX Font Info:    Redeclaring math symbol \Delta on input line 85.
LaTeX Font Info:    Redeclaring math symbol \Theta on input line 85.
LaTeX Font Info:    Redeclaring math symbol \Lambda on input line 85.
LaTeX Font Info:    Redeclaring math symbol \Xi on input line 85.
LaTeX Font Info:    Redeclaring math symbol \Pi on input line 85.
LaTeX Font Info:    Redeclaring math symbol \Sigma on input line 85.
LaTeX Font Info:    Redeclaring math symbol \Upsilon on input line 85.
LaTeX Font Info:    Redeclaring math symbol \Phi on input line 85.
LaTeX Font Info:    Redeclaring math symbol \Psi on input line 85.
LaTeX Font Info:    Redeclaring math symbol \Omega on input line 85.
LaTeX Font Info:    Redeclaring math symbol \mathdollar on input line 85.
LaTeX Font Info:    Redeclaring symbol font `operators' on input line 85.
LaTeX Font Info:    Encoding `OT1' has changed to `TU' for symbol font
(Font)              `operators' in the math version `normal' on input line 85.
LaTeX Font Info:    Overwriting symbol font `operators' in version `normal'
(Font)                  OT1/cmr/m/n --> TU/TeXGyrePagella(0)/m/n on input line 
85.
LaTeX Font Info:    Encoding `OT1' has changed to `TU' for symbol font
(Font)              `operators' in the math version `bold' on input line 85.
LaTeX Font Info:    Overwriting symbol font `operators' in version `bold'
(Font)                  OT1/cmr/bx/n --> TU/TeXGyrePagella(0)/m/n on input line
 85.
LaTeX Font Info:    Overwriting symbol font `operators' in version `normal'
(Font)                  TU/TeXGyrePagella(0)/m/n --> TU/TeXGyrePagella(0)/m/n o
n input line 85.
LaTeX Font Info:    Overwriting math alphabet `\mathit' in version `normal'
(Font)                  OT1/cmr/m/it --> TU/TeXGyrePagella(0)/m/it on input lin
e 85.
LaTeX Font Info:    Overwriting math alphabet `\mathbf' in version `normal'
(Font)                  OT1/cmr/bx/n --> TU/TeXGyrePagella(0)/b/n on input line
 85.
LaTeX Font Info:    Overwriting math alphabet `\mathsf' in version `normal'
(Font)                  OT1/cmss/m/n --> TU/lmss/m/n on input line 85.
LaTeX Font Info:    Overwriting math alphabet `\mathtt' in version `normal'
(Font)                  OT1/cmtt/m/n --> TU/lmtt/m/n on input line 85.
LaTeX Font Info:    Overwriting symbol font `operators' in version `bold'
(Font)                  TU/TeXGyrePagella(0)/m/n --> TU/TeXGyrePagella(0)/b/n o
n input line 85.
LaTeX Font Info:    Overwriting math alphabet `\mathit' in version `bold'
(Font)                  OT1/cmr/bx/it --> TU/TeXGyrePagella(0)/b/it on input li
ne 85.
LaTeX Font Info:    Overwriting math alphabet `\mathsf' in version `bold'
(Font)                  OT1/cmss/bx/n --> TU/lmss/b/n on input line 85.
LaTeX Font Info:    Overwriting math alphabet `\mathtt' in version `bold'
(Font)                  OT1/cmtt/m/n --> TU/lmtt/b/n on input line 85.
LaTeX Info: Redefining \microtypecontext on input line 85.
Package microtype Info: Applying patch `item' on input line 85.
Package microtype Info: Applying patch `toc' on input line 85.
Package microtype Info: Applying patch `eqnum' on input line 85.
Package microtype Info: Applying patch `footnote' on input line 85.
Package microtype Info: Applying patch `verbatim' on input line 85.
Package microtype Info: Generating PDF output.
Package microtype Info: Character protrusion enabled (level 2).
Package microtype Info: Using default protrusion set `alltext'.
Package microtype Info: Automatic font expansion enabled (level 2),
(microtype)             stretch: 20, shrink: 20, step: 1, non-selected.
Package microtype Info: Using default expansion set `alltext-nott'.
LaTeX Info: Redefining \showhyphens on input line 85.
Package microtype Info: No adjustment of tracking.
Package microtype Info: No adjustment of spacing.
Package microtype Info: No adjustment of kerning.

(/usr/share/texlive/texmf-dist/tex/latex/microtype/mt-Palatino.cfg
File: mt-Palatino.cfg 2012/03/10 v1.0 microtype config. file: Palatino and simi
lar fonts (LBD)
)
Package microtype Info: Character `ﬆ' is missing
(microtype)             in font `TU/TeXGyrePagella(0)/m/n/12'.
(microtype)             Ignoring protrusion settings for this character.
Package microtype Info: Character `ﬅ' is missing
(microtype)             in font `TU/TeXGyrePagella(0)/m/n/12'.
(microtype)             Ignoring protrusion settings for this character.
Package microtype Info: Character `‥' is missing
(microtype)             in font `TU/TeXGyrePagella(0)/m/n/12'.
(microtype)             Ignoring protrusion settings for this character.
Package microtype Info: Character `‼' is missing
(microtype)             in font `TU/TeXGyrePagella(0)/m/n/12'.
(microtype)             Ignoring protrusion settings for this character.
Package microtype Info: Character `⁰' is missing
(microtype)             in font `TU/TeXGyrePagella(0)/m/n/12'.
(microtype)             Ignoring protrusion settings for this character.
Package microtype Info: Character `⁴' is missing
(microtype)             in font `TU/TeXGyrePagella(0)/m/n/12'.
(microtype)             Ignoring protrusion settings for this character.
Package microtype Info: Character `⁵' is missing
(microtype)             in font `TU/TeXGyrePagella(0)/m/n/12'.
(microtype)             Ignoring protrusion settings for this character.
Package microtype Info: Character `⁶' is missing
(microtype)             in font `TU/TeXGyrePagella(0)/m/n/12'.
(microtype)             Ignoring protrusion settings for this character.
Package microtype Info: Character `⁷' is missing
(microtype)             in font `TU/TeXGyrePagella(0)/m/n/12'.
(microtype)             Ignoring protrusion settings for this character.
Package microtype Info: Character `⁸' is missing
(microtype)             in font `TU/TeXGyrePagella(0)/m/n/12'.
(microtype)             Ignoring protrusion settings for this character.
Package microtype Info: Character `⁹' is missing
(microtype)             in font `TU/TeXGyrePagella(0)/m/n/12'.
(microtype)             Ignoring protrusion settings for this character.
Package microtype Info: Character `₀' is missing
(microtype)             in font `TU/TeXGyrePagella(0)/m/n/12'.
(microtype)             Ignoring protrusion settings for this character.
Package microtype Info: Character `₁' is missing
(microtype)             in font `TU/TeXGyrePagella(0)/m/n/12'.
(microtype)             Ignoring protrusion settings for this character.
Package microtype Info: Character `₂' is missing
(microtype)             in font `TU/TeXGyrePagella(0)/m/n/12'.
(microtype)             Ignoring protrusion settings for this character.
Package microtype Info: Character `₃' is missing
(microtype)             in font `TU/TeXGyrePagella(0)/m/n/12'.
(microtype)             Ignoring protrusion settings for this character.
Package microtype Info: Character `₄' is missing
(microtype)             in font `TU/TeXGyrePagella(0)/m/n/12'.
(microtype)             Ignoring protrusion settings for this character.
Package microtype Info: Character `₅' is missing
(microtype)             in font `TU/TeXGyrePagella(0)/m/n/12'.
(microtype)             Ignoring protrusion settings for this character.
Package microtype Info: Character `₆' is missing
(microtype)             in font `TU/TeXGyrePagella(0)/m/n/12'.
(microtype)             Ignoring protrusion settings for this character.
Package microtype Info: Character `₇' is missing
(microtype)             in font `TU/TeXGyrePagella(0)/m/n/12'.
(microtype)             Ignoring protrusion settings for this character.
Package microtype Info: Character `₈' is missing
(microtype)             in font `TU/TeXGyrePagella(0)/m/n/12'.
(microtype)             Ignoring protrusion settings for this character.
Package microtype Info: Character `₉' is missing
(microtype)             in font `TU/TeXGyrePagella(0)/m/n/12'.
(microtype)             Ignoring protrusion settings for this character.
Package microtype Info: Character `₊' is missing
(microtype)             in font `TU/TeXGyrePagella(0)/m/n/12'.
(microtype)             Ignoring protrusion settings for this character.
Package microtype Info: Character `₋' is missing
(microtype)             in font `TU/TeXGyrePagella(0)/m/n/12'.
(microtype)             Ignoring protrusion settings for this character.
Package microtype Info: Character `⁺' is missing
(microtype)             in font `TU/TeXGyrePagella(0)/m/n/12'.
(microtype)             Ignoring protrusion settings for this character.
Package microtype Info: Character `⁻' is missing
(microtype)             in font `TU/TeXGyrePagella(0)/m/n/12'.
(microtype)             Ignoring protrusion settings for this character.

*geometry* driver: auto-detecting
*geometry* detected driver: luatex
*geometry* verbose mode - [ preamble ] result:
* driver: luatex
* paper: a4paper
* layout: <same size as paper>
* layoutoffset:(h,v)=(0.0pt,0.0pt)
* modes: 
* h-part:(L,W,R)=(91.04872pt, 415.41043pt, 91.04872pt)
* v-part:(T,H,B)=(79.6678pt, 680.02078pt, 85.35826pt)
* \paperwidth=597.50787pt
* \paperheight=845.04684pt
* \textwidth=415.41043pt
* \textheight=680.02078pt
* \oddsidemargin=18.77873pt
* \evensidemargin=18.77873pt
* \topmargin=-31.60219pt
* \headheight=14.0pt
* \headsep=25.0pt
* \topskip=12.0pt
* \footskip=30.0pt
* \marginparwidth=35.0pt
* \marginparsep=10.0pt
* \columnsep=10.0pt
* \skip\footins=10.8pt plus 4.0pt minus 2.0pt
* \hoffset=0.0pt
* \voffset=0.0pt
* \mag=1000
* \@twocolumnfalse
* \@twosidefalse
* \@mparswitchfalse
* \@reversemarginfalse
* (1in=72.27pt=25.4mm, 1cm=28.453pt)

Package hyperref Info: Link coloring ON on input line 85.
(./hydra_architecture.out) (./hydra_architecture.out)
\@outlinefile=\write4

\openout4 = hydra_architecture.out

(/usr/share/texlive/texmf-dist/tex/context/base/mkii/supp-pdf.mkii
[Loading MPS to PDF converter (version 2006.09.02).]
\scratchcounter=\count331
\scratchdimen=\dimen305
\scratchbox=\box68
\nofMPsegments=\count332
\nofMParguments=\count333
\everyMPshowfont=\toks46
\MPscratchCnt=\count334
\MPscratchDim=\dimen306
\MPnumerator=\count335
\makeMPintoPDFobject=\count336
\everyMPtoPDFconversion=\toks47
) (/usr/share/texlive/texmf-dist/tex/latex/epstopdf-pkg/epstopdf-base.sty
Package: epstopdf-base 2020-01-24 v2.11 Base part for package epstopdf
Package epstopdf-base Info: Redefining graphics rule for `.eps' on input line 4
85.

(/usr/share/texlive/texmf-dist/tex/latex/latexconfig/epstopdf-sys.cfg
File: epstopdf-sys.cfg 2010/07/13 v1.3 Configuration of (r)epstopdf for TeX Liv
e
))
Package microtype Info: Character `ﬆ' is missing
(microtype)             in font `TU/TeXGyrePagella(0)/m/n/24.88'.
(microtype)             Ignoring protrusion settings for this character.
Package microtype Info: Character `ﬅ' is missing
(microtype)             in font `TU/TeXGyrePagella(0)/m/n/24.88'.
(microtype)             Ignoring protrusion settings for this character.
Package microtype Info: Character `‥' is missing
(microtype)             in font `TU/TeXGyrePagella(0)/m/n/24.88'.
(microtype)             Ignoring protrusion settings for this character.
Package microtype Info: Character `‼' is missing
(microtype)             in font `TU/TeXGyrePagella(0)/m/n/24.88'.
(microtype)             Ignoring protrusion settings for this character.
Package microtype Info: Character `⁰' is missing
(microtype)             in font `TU/TeXGyrePagella(0)/m/n/24.88'.
(microtype)             Ignoring protrusion settings for this character.
Package microtype Info: Character `⁴' is missing
(microtype)             in font `TU/TeXGyrePagella(0)/m/n/24.88'.
(microtype)             Ignoring protrusion settings for this character.
Package microtype Info: Character `⁵' is missing
(microtype)             in font `TU/TeXGyrePagella(0)/m/n/24.88'.
(microtype)             Ignoring protrusion settings for this character.
Package microtype Info: Character `⁶' is missing
(microtype)             in font `TU/TeXGyrePagella(0)/m/n/24.88'.
(microtype)             Ignoring protrusion settings for this character.
Package microtype Info: Character `⁷' is missing
(microtype)             in font `TU/TeXGyrePagella(0)/m/n/24.88'.
(microtype)             Ignoring protrusion settings for this character.
Package microtype Info: Character `⁸' is missing
(microtype)             in font `TU/TeXGyrePagella(0)/m/n/24.88'.
(microtype)             Ignoring protrusion settings for this character.
Package microtype Info: Character `⁹' is missing
(microtype)             in font `TU/TeXGyrePagella(0)/m/n/24.88'.
(microtype)             Ignoring protrusion settings for this character.
Package microtype Info: Character `₀' is missing
(microtype)             in font `TU/TeXGyrePagella(0)/m/n/24.88'.
(microtype)             Ignoring protrusion settings for this character.
Package microtype Info: Character `₁' is missing
(microtype)             in font `TU/TeXGyrePagella(0)/m/n/24.88'.
(microtype)             Ignoring protrusion settings for this character.
Package microtype Info: Character `₂' is missing
(microtype)             in font `TU/TeXGyrePagella(0)/m/n/24.88'.
(microtype)             Ignoring protrusion settings for this character.
Package microtype Info: Character `₃' is missing
(microtype)             in font `TU/TeXGyrePagella(0)/m/n/24.88'.
(microtype)             Ignoring protrusion settings for this character.
Package microtype Info: Character `₄' is missing
(microtype)             in font `TU/TeXGyrePagella(0)/m/n/24.88'.
(microtype)             Ignoring protrusion settings for this character.
Package microtype Info: Character `₅' is missing
(microtype)             in font `TU/TeXGyrePagella(0)/m/n/24.88'.
(microtype)             Ignoring protrusion settings for this character.
Package microtype Info: Character `₆' is missing
(microtype)             in font `TU/TeXGyrePagella(0)/m/n/24.88'.
(microtype)             Ignoring protrusion settings for this character.
Package microtype Info: Character `₇' is missing
(microtype)             in font `TU/TeXGyrePagella(0)/m/n/24.88'.
(microtype)             Ignoring protrusion settings for this character.
Package microtype Info: Character `₈' is missing
(microtype)             in font `TU/TeXGyrePagella(0)/m/n/24.88'.
(microtype)             Ignoring protrusion settings for this character.
Package microtype Info: Character `₉' is missing
(microtype)             in font `TU/TeXGyrePagella(0)/m/n/24.88'.
(microtype)             Ignoring protrusion settings for this character.
Package microtype Info: Character `₊' is missing
(microtype)             in font `TU/TeXGyrePagella(0)/m/n/24.88'.
(microtype)             Ignoring protrusion settings for this character.
Package microtype Info: Character `₋' is missing
(microtype)             in font `TU/TeXGyrePagella(0)/m/n/24.88'.
(microtype)             Ignoring protrusion settings for this character.
Package microtype Info: Character `⁺' is missing
(microtype)             in font `TU/TeXGyrePagella(0)/m/n/24.88'.
(microtype)             Ignoring protrusion settings for this character.
Package microtype Info: Character `⁻' is missing
(microtype)             in font `TU/TeXGyrePagella(0)/m/n/24.88'.
(microtype)             Ignoring protrusion settings for this character.
Package microtype Info: Character `ﬆ' is missing
(microtype)             in font `TU/TeXGyrePagella(0)/b/n/24.88'.
(microtype)             Ignoring protrusion settings for this character.
Package microtype Info: Character `ﬅ' is missing
(microtype)             in font `TU/TeXGyrePagella(0)/b/n/24.88'.
(microtype)             Ignoring protrusion settings for this character.
Package microtype Info: Character `‥' is missing
(microtype)             in font `TU/TeXGyrePagella(0)/b/n/24.88'.
(microtype)             Ignoring protrusion settings for this character.
Package microtype Info: Character `‼' is missing
(microtype)             in font `TU/TeXGyrePagella(0)/b/n/24.88'.
(microtype)             Ignoring protrusion settings for this character.
Package microtype Info: Character `⁰' is missing
(microtype)             in font `TU/TeXGyrePagella(0)/b/n/24.88'.
(microtype)             Ignoring protrusion settings for this character.
Package microtype Info: Character `⁴' is missing
(microtype)             in font `TU/TeXGyrePagella(0)/b/n/24.88'.
(microtype)             Ignoring protrusion settings for this character.
Package microtype Info: Character `⁵' is missing
(microtype)             in font `TU/TeXGyrePagella(0)/b/n/24.88'.
(microtype)             Ignoring protrusion settings for this character.
Package microtype Info: Character `⁶' is missing
(microtype)             in font `TU/TeXGyrePagella(0)/b/n/24.88'.
(microtype)             Ignoring protrusion settings for this character.
Package microtype Info: Character `⁷' is missing
(microtype)             in font `TU/TeXGyrePagella(0)/b/n/24.88'.
(microtype)             Ignoring protrusion settings for this character.
Package microtype Info: Character `⁸' is missing
(microtype)             in font `TU/TeXGyrePagella(0)/b/n/24.88'.
(microtype)             Ignoring protrusion settings for this character.
Package microtype Info: Character `⁹' is missing
(microtype)             in font `TU/TeXGyrePagella(0)/b/n/24.88'.
(microtype)             Ignoring protrusion settings for this character.
Package microtype Info: Character `₀' is missing
(microtype)             in font `TU/TeXGyrePagella(0)/b/n/24.88'.
(microtype)             Ignoring protrusion settings for this character.
Package microtype Info: Character `₁' is missing
(microtype)             in font `TU/TeXGyrePagella(0)/b/n/24.88'.
(microtype)             Ignoring protrusion settings for this character.
Package microtype Info: Character `₂' is missing
(microtype)             in font `TU/TeXGyrePagella(0)/b/n/24.88'.
(microtype)             Ignoring protrusion settings for this character.
Package microtype Info: Character `₃' is missing
(microtype)             in font `TU/TeXGyrePagella(0)/b/n/24.88'.
(microtype)             Ignoring protrusion settings for this character.
Package microtype Info: Character `₄' is missing
(microtype)             in font `TU/TeXGyrePagella(0)/b/n/24.88'.
(microtype)             Ignoring protrusion settings for this character.
Package microtype Info: Character `₅' is missing
(microtype)             in font `TU/TeXGyrePagella(0)/b/n/24.88'.
(microtype)             Ignoring protrusion settings for this character.
Package microtype Info: Character `₆' is missing
(microtype)             in font `TU/TeXGyrePagella(0)/b/n/24.88'.
(microtype)             Ignoring protrusion settings for this character.
Package microtype Info: Character `₇' is missing
(microtype)             in font `TU/TeXGyrePagella(0)/b/n/24.88'.
(microtype)             Ignoring protrusion settings for this character.
Package microtype Info: Character `₈' is missing
(microtype)             in font `TU/TeXGyrePagella(0)/b/n/24.88'.
(microtype)             Ignoring protrusion settings for this character.
Package microtype Info: Character `₉' is missing
(microtype)             in font `TU/TeXGyrePagella(0)/b/n/24.88'.
(microtype)             Ignoring protrusion settings for this character.
Package microtype Info: Character `₊' is missing
(microtype)             in font `TU/TeXGyrePagella(0)/b/n/24.88'.
(microtype)             Ignoring protrusion settings for this character.
Package microtype Info: Character `₋' is missing
(microtype)             in font `TU/TeXGyrePagella(0)/b/n/24.88'.
(microtype)             Ignoring protrusion settings for this character.
Package microtype Info: Character `⁺' is missing
(microtype)             in font `TU/TeXGyrePagella(0)/b/n/24.88'.
(microtype)             Ignoring protrusion settings for this character.
Package microtype Info: Character `⁻' is missing
(microtype)             in font `TU/TeXGyrePagella(0)/b/n/24.88'.
(microtype)             Ignoring protrusion settings for this character.
Package microtype Info: Character `ﬆ' is missing
(microtype)             in font `TU/TeXGyrePagella(0)/m/n/14.4'.
(microtype)             Ignoring protrusion settings for this character.
Package microtype Info: Character `ﬅ' is missing
(microtype)             in font `TU/TeXGyrePagella(0)/m/n/14.4'.
(microtype)             Ignoring protrusion settings for this character.
Package microtype Info: Character `‥' is missing
(microtype)             in font `TU/TeXGyrePagella(0)/m/n/14.4'.
(microtype)             Ignoring protrusion settings for this character.
Package microtype Info: Character `‼' is missing
(microtype)             in font `TU/TeXGyrePagella(0)/m/n/14.4'.
(microtype)             Ignoring protrusion settings for this character.
Package microtype Info: Character `⁰' is missing
(microtype)             in font `TU/TeXGyrePagella(0)/m/n/14.4'.
(microtype)             Ignoring protrusion settings for this character.
Package microtype Info: Character `⁴' is missing
(microtype)             in font `TU/TeXGyrePagella(0)/m/n/14.4'.
(microtype)             Ignoring protrusion settings for this character.
Package microtype Info: Character `⁵' is missing
(microtype)             in font `TU/TeXGyrePagella(0)/m/n/14.4'.
(microtype)             Ignoring protrusion settings for this character.
Package microtype Info: Character `⁶' is missing
(microtype)             in font `TU/TeXGyrePagella(0)/m/n/14.4'.
(microtype)             Ignoring protrusion settings for this character.
Package microtype Info: Character `⁷' is missing
(microtype)             in font `TU/TeXGyrePagella(0)/m/n/14.4'.
(microtype)             Ignoring protrusion settings for this character.
Package microtype Info: Character `⁸' is missing
(microtype)             in font `TU/TeXGyrePagella(0)/m/n/14.4'.
(microtype)             Ignoring protrusion settings for this character.
Package microtype Info: Character `⁹' is missing
(microtype)             in font `TU/TeXGyrePagella(0)/m/n/14.4'.
(microtype)             Ignoring protrusion settings for this character.
Package microtype Info: Character `₀' is missing
(microtype)             in font `TU/TeXGyrePagella(0)/m/n/14.4'.
(microtype)             Ignoring protrusion settings for this character.
Package microtype Info: Character `₁' is missing
(microtype)             in font `TU/TeXGyrePagella(0)/m/n/14.4'.
(microtype)             Ignoring protrusion settings for this character.
Package microtype Info: Character `₂' is missing
(microtype)             in font `TU/TeXGyrePagella(0)/m/n/14.4'.
(microtype)             Ignoring protrusion settings for this character.
Package microtype Info: Character `₃' is missing
(microtype)             in font `TU/TeXGyrePagella(0)/m/n/14.4'.
(microtype)             Ignoring protrusion settings for this character.
Package microtype Info: Character `₄' is missing
(microtype)             in font `TU/TeXGyrePagella(0)/m/n/14.4'.
(microtype)             Ignoring protrusion settings for this character.
Package microtype Info: Character `₅' is missing
(microtype)             in font `TU/TeXGyrePagella(0)/m/n/14.4'.
(microtype)             Ignoring protrusion settings for this character.
Package microtype Info: Character `₆' is missing
(microtype)             in font `TU/TeXGyrePagella(0)/m/n/14.4'.
(microtype)             Ignoring protrusion settings for this character.
Package microtype Info: Character `₇' is missing
(microtype)             in font `TU/TeXGyrePagella(0)/m/n/14.4'.
(microtype)             Ignoring protrusion settings for this character.
Package microtype Info: Character `₈' is missing
(microtype)             in font `TU/TeXGyrePagella(0)/m/n/14.4'.
(microtype)             Ignoring protrusion settings for this character.
Package microtype Info: Character `₉' is missing
(microtype)             in font `TU/TeXGyrePagella(0)/m/n/14.4'.
(microtype)             Ignoring protrusion settings for this character.
Package microtype Info: Character `₊' is missing
(microtype)             in font `TU/TeXGyrePagella(0)/m/n/14.4'.
(microtype)             Ignoring protrusion settings for this character.
Package microtype Info: Character `₋' is missing
(microtype)             in font `TU/TeXGyrePagella(0)/m/n/14.4'.
(microtype)             Ignoring protrusion settings for this character.
Package microtype Info: Character `⁺' is missing
(microtype)             in font `TU/TeXGyrePagella(0)/m/n/14.4'.
(microtype)             Ignoring protrusion settings for this character.
Package microtype Info: Character `⁻' is missing
(microtype)             in font `TU/TeXGyrePagella(0)/m/n/14.4'.
(microtype)             Ignoring protrusion settings for this character.
Package microtype Info: Character `ﬆ' is missing
(microtype)             in font `TU/TeXGyrePagella(0)/b/n/14.4'.
(microtype)             Ignoring protrusion settings for this character.
Package microtype Info: Character `ﬅ' is missing
(microtype)             in font `TU/TeXGyrePagella(0)/b/n/14.4'.
(microtype)             Ignoring protrusion settings for this character.
Package microtype Info: Character `‥' is missing
(microtype)             in font `TU/TeXGyrePagella(0)/b/n/14.4'.
(microtype)             Ignoring protrusion settings for this character.
Package microtype Info: Character `‼' is missing
(microtype)             in font `TU/TeXGyrePagella(0)/b/n/14.4'.
(microtype)             Ignoring protrusion settings for this character.
Package microtype Info: Character `⁰' is missing
(microtype)             in font `TU/TeXGyrePagella(0)/b/n/14.4'.
(microtype)             Ignoring protrusion settings for this character.
Package microtype Info: Character `⁴' is missing
(microtype)             in font `TU/TeXGyrePagella(0)/b/n/14.4'.
(microtype)             Ignoring protrusion settings for this character.
Package microtype Info: Character `⁵' is missing
(microtype)             in font `TU/TeXGyrePagella(0)/b/n/14.4'.
(microtype)             Ignoring protrusion settings for this character.
Package microtype Info: Character `⁶' is missing
(microtype)             in font `TU/TeXGyrePagella(0)/b/n/14.4'.
(microtype)             Ignoring protrusion settings for this character.
Package microtype Info: Character `⁷' is missing
(microtype)             in font `TU/TeXGyrePagella(0)/b/n/14.4'.
(microtype)             Ignoring protrusion settings for this character.
Package microtype Info: Character `⁸' is missing
(microtype)             in font `TU/TeXGyrePagella(0)/b/n/14.4'.
(microtype)             Ignoring protrusion settings for this character.
Package microtype Info: Character `⁹' is missing
(microtype)             in font `TU/TeXGyrePagella(0)/b/n/14.4'.
(microtype)             Ignoring protrusion settings for this character.
Package microtype Info: Character `₀' is missing
(microtype)             in font `TU/TeXGyrePagella(0)/b/n/14.4'.
(microtype)             Ignoring protrusion settings for this character.
Package microtype Info: Character `₁' is missing
(microtype)             in font `TU/TeXGyrePagella(0)/b/n/14.4'.
(microtype)             Ignoring protrusion settings for this character.
Package microtype Info: Character `₂' is missing
(microtype)             in font `TU/TeXGyrePagella(0)/b/n/14.4'.
(microtype)             Ignoring protrusion settings for this character.
Package microtype Info: Character `₃' is missing
(microtype)             in font `TU/TeXGyrePagella(0)/b/n/14.4'.
(microtype)             Ignoring protrusion settings for this character.
Package microtype Info: Character `₄' is missing
(microtype)             in font `TU/TeXGyrePagella(0)/b/n/14.4'.
(microtype)             Ignoring protrusion settings for this character.
Package microtype Info: Character `₅' is missing
(microtype)             in font `TU/TeXGyrePagella(0)/b/n/14.4'.
(microtype)             Ignoring protrusion settings for this character.
Package microtype Info: Character `₆' is missing
(microtype)             in font `TU/TeXGyrePagella(0)/b/n/14.4'.
(microtype)             Ignoring protrusion settings for this character.
Package microtype Info: Character `₇' is missing
(microtype)             in font `TU/TeXGyrePagella(0)/b/n/14.4'.
(microtype)             Ignoring protrusion settings for this character.
Package microtype Info: Character `₈' is missing
(microtype)             in font `TU/TeXGyrePagella(0)/b/n/14.4'.
(microtype)             Ignoring protrusion settings for this character.
Package microtype Info: Character `₉' is missing
(microtype)             in font `TU/TeXGyrePagella(0)/b/n/14.4'.
(microtype)             Ignoring protrusion settings for this character.
Package microtype Info: Character `₊' is missing
(microtype)             in font `TU/TeXGyrePagella(0)/b/n/14.4'.
(microtype)             Ignoring protrusion settings for this character.
Package microtype Info: Character `₋' is missing
(microtype)             in font `TU/TeXGyrePagella(0)/b/n/14.4'.
(microtype)             Ignoring protrusion settings for this character.
Package microtype Info: Character `⁺' is missing
(microtype)             in font `TU/TeXGyrePagella(0)/b/n/14.4'.
(microtype)             Ignoring protrusion settings for this character.
Package microtype Info: Character `⁻' is missing
(microtype)             in font `TU/TeXGyrePagella(0)/b/n/14.4'.
(microtype)             Ignoring protrusion settings for this character.
Package microtype Info: Character `ﬆ' is missing
(microtype)             in font `TU/TeXGyrePagella(0)/m/n/10.95'.
(microtype)             Ignoring protrusion settings for this character.
Package microtype Info: Character `ﬅ' is missing
(microtype)             in font `TU/TeXGyrePagella(0)/m/n/10.95'.
(microtype)             Ignoring protrusion settings for this character.
Package microtype Info: Character `‥' is missing
(microtype)             in font `TU/TeXGyrePagella(0)/m/n/10.95'.
(microtype)             Ignoring protrusion settings for this character.
Package microtype Info: Character `‼' is missing
(microtype)             in font `TU/TeXGyrePagella(0)/m/n/10.95'.
(microtype)             Ignoring protrusion settings for this character.
Package microtype Info: Character `⁰' is missing
(microtype)             in font `TU/TeXGyrePagella(0)/m/n/10.95'.
(microtype)             Ignoring protrusion settings for this character.
Package microtype Info: Character `⁴' is missing
(microtype)             in font `TU/TeXGyrePagella(0)/m/n/10.95'.
(microtype)             Ignoring protrusion settings for this character.
Package microtype Info: Character `⁵' is missing
(microtype)             in font `TU/TeXGyrePagella(0)/m/n/10.95'.
(microtype)             Ignoring protrusion settings for this character.
Package microtype Info: Character `⁶' is missing
(microtype)             in font `TU/TeXGyrePagella(0)/m/n/10.95'.
(microtype)             Ignoring protrusion settings for this character.
Package microtype Info: Character `⁷' is missing
(microtype)             in font `TU/TeXGyrePagella(0)/m/n/10.95'.
(microtype)             Ignoring protrusion settings for this character.
Package microtype Info: Character `⁸' is missing
(microtype)             in font `TU/TeXGyrePagella(0)/m/n/10.95'.
(microtype)             Ignoring protrusion settings for this character.
Package microtype Info: Character `⁹' is missing
(microtype)             in font `TU/TeXGyrePagella(0)/m/n/10.95'.
(microtype)             Ignoring protrusion settings for this character.
Package microtype Info: Character `₀' is missing
(microtype)             in font `TU/TeXGyrePagella(0)/m/n/10.95'.
(microtype)             Ignoring protrusion settings for this character.
Package microtype Info: Character `₁' is missing
(microtype)             in font `TU/TeXGyrePagella(0)/m/n/10.95'.
(microtype)             Ignoring protrusion settings for this character.
Package microtype Info: Character `₂' is missing
(microtype)             in font `TU/TeXGyrePagella(0)/m/n/10.95'.
(microtype)             Ignoring protrusion settings for this character.
Package microtype Info: Character `₃' is missing
(microtype)             in font `TU/TeXGyrePagella(0)/m/n/10.95'.
(microtype)             Ignoring protrusion settings for this character.
Package microtype Info: Character `₄' is missing
(microtype)             in font `TU/TeXGyrePagella(0)/m/n/10.95'.
(microtype)             Ignoring protrusion settings for this character.
Package microtype Info: Character `₅' is missing
(microtype)             in font `TU/TeXGyrePagella(0)/m/n/10.95'.
(microtype)             Ignoring protrusion settings for this character.
Package microtype Info: Character `₆' is missing
(microtype)             in font `TU/TeXGyrePagella(0)/m/n/10.95'.
(microtype)             Ignoring protrusion settings for this character.
Package microtype Info: Character `₇' is missing
(microtype)             in font `TU/TeXGyrePagella(0)/m/n/10.95'.
(microtype)             Ignoring protrusion settings for this character.
Package microtype Info: Character `₈' is missing
(microtype)             in font `TU/TeXGyrePagella(0)/m/n/10.95'.
(microtype)             Ignoring protrusion settings for this character.
Package microtype Info: Character `₉' is missing
(microtype)             in font `TU/TeXGyrePagella(0)/m/n/10.95'.
(microtype)             Ignoring protrusion settings for this character.
Package microtype Info: Character `₊' is missing
(microtype)             in font `TU/TeXGyrePagella(0)/m/n/10.95'.
(microtype)             Ignoring protrusion settings for this character.
Package microtype Info: Character `₋' is missing
(microtype)             in font `TU/TeXGyrePagella(0)/m/n/10.95'.
(microtype)             Ignoring protrusion settings for this character.
Package microtype Info: Character `⁺' is missing
(microtype)             in font `TU/TeXGyrePagella(0)/m/n/10.95'.
(microtype)             Ignoring protrusion settings for this character.
Package microtype Info: Character `⁻' is missing
(microtype)             in font `TU/TeXGyrePagella(0)/m/n/10.95'.
(microtype)             Ignoring protrusion settings for this character.
Package microtype Info: Character `‥' is missing
(microtype)             in font `TU/TeXGyrePagella(0)/m/it/10.95'.
(microtype)             Ignoring protrusion settings for this character.
Package microtype Info: Character `⁰' is missing
(microtype)             in font `TU/TeXGyrePagella(0)/m/it/10.95'.
(microtype)             Ignoring protrusion settings for this character.
Package microtype Info: Character `⁴' is missing
(microtype)             in font `TU/TeXGyrePagella(0)/m/it/10.95'.
(microtype)             Ignoring protrusion settings for this character.
Package microtype Info: Character `⁵' is missing
(microtype)             in font `TU/TeXGyrePagella(0)/m/it/10.95'.
(microtype)             Ignoring protrusion settings for this character.
Package microtype Info: Character `⁶' is missing
(microtype)             in font `TU/TeXGyrePagella(0)/m/it/10.95'.
(microtype)             Ignoring protrusion settings for this character.
Package microtype Info: Character `⁷' is missing
(microtype)             in font `TU/TeXGyrePagella(0)/m/it/10.95'.
(microtype)             Ignoring protrusion settings for this character.
Package microtype Info: Character `⁸' is missing
(microtype)             in font `TU/TeXGyrePagella(0)/m/it/10.95'.
(microtype)             Ignoring protrusion settings for this character.
Package microtype Info: Character `⁹' is missing
(microtype)             in font `TU/TeXGyrePagella(0)/m/it/10.95'.
(microtype)             Ignoring protrusion settings for this character.
Package microtype Info: Character `₀' is missing
(microtype)             in font `TU/TeXGyrePagella(0)/m/it/10.95'.
(microtype)             Ignoring protrusion settings for this character.
Package microtype Info: Character `₁' is missing
(microtype)             in font `TU/TeXGyrePagella(0)/m/it/10.95'.
(microtype)             Ignoring protrusion settings for this character.
Package microtype Info: Character `₂' is missing
(microtype)             in font `TU/TeXGyrePagella(0)/m/it/10.95'.
(microtype)             Ignoring protrusion settings for this character.
Package microtype Info: Character `₃' is missing
(microtype)             in font `TU/TeXGyrePagella(0)/m/it/10.95'.
(microtype)             Ignoring protrusion settings for this character.
Package microtype Info: Character `₄' is missing
(microtype)             in font `TU/TeXGyrePagella(0)/m/it/10.95'.
(microtype)             Ignoring protrusion settings for this character.
Package microtype Info: Character `₅' is missing
(microtype)             in font `TU/TeXGyrePagella(0)/m/it/10.95'.
(microtype)             Ignoring protrusion settings for this character.
Package microtype Info: Character `₆' is missing
(microtype)             in font `TU/TeXGyrePagella(0)/m/it/10.95'.
(microtype)             Ignoring protrusion settings for this character.
Package microtype Info: Character `₇' is missing
(microtype)             in font `TU/TeXGyrePagella(0)/m/it/10.95'.
(microtype)             Ignoring protrusion settings for this character.
Package microtype Info: Character `₈' is missing
(microtype)             in font `TU/TeXGyrePagella(0)/m/it/10.95'.
(microtype)             Ignoring protrusion settings for this character.
Package microtype Info: Character `₉' is missing
(microtype)             in font `TU/TeXGyrePagella(0)/m/it/10.95'.
(microtype)             Ignoring protrusion settings for this character.
Package microtype Info: Character `₊' is missing
(microtype)             in font `TU/TeXGyrePagella(0)/m/it/10.95'.
(microtype)             Ignoring protrusion settings for this character.
Package microtype Info: Character `₋' is missing
(microtype)             in font `TU/TeXGyrePagella(0)/m/it/10.95'.
(microtype)             Ignoring protrusion settings for this character.
Package microtype Info: Character `⁺' is missing
(microtype)             in font `TU/TeXGyrePagella(0)/m/it/10.95'.
(microtype)             Ignoring protrusion settings for this character.
Package microtype Info: Character `⁻' is missing
(microtype)             in font `TU/TeXGyrePagella(0)/m/it/10.95'.
(microtype)             Ignoring protrusion settings for this character.
Package microtype Info: Character `ﬆ' is missing
(microtype)             in font `TU/TeXGyrePagella(0)/m/n/8'.
(microtype)             Ignoring protrusion settings for this character.
Package microtype Info: Character `ﬅ' is missing
(microtype)             in font `TU/TeXGyrePagella(0)/m/n/8'.
(microtype)             Ignoring protrusion settings for this character.
Package microtype Info: Character `‥' is missing
(microtype)             in font `TU/TeXGyrePagella(0)/m/n/8'.
(microtype)             Ignoring protrusion settings for this character.
Package microtype Info: Character `‼' is missing
(microtype)             in font `TU/TeXGyrePagella(0)/m/n/8'.
(microtype)             Ignoring protrusion settings for this character.
Package microtype Info: Character `⁰' is missing
(microtype)             in font `TU/TeXGyrePagella(0)/m/n/8'.
(microtype)             Ignoring protrusion settings for this character.
Package microtype Info: Character `⁴' is missing
(microtype)             in font `TU/TeXGyrePagella(0)/m/n/8'.
(microtype)             Ignoring protrusion settings for this character.
Package microtype Info: Character `⁵' is missing
(microtype)             in font `TU/TeXGyrePagella(0)/m/n/8'.
(microtype)             Ignoring protrusion settings for this character.
Package microtype Info: Character `⁶' is missing
(microtype)             in font `TU/TeXGyrePagella(0)/m/n/8'.
(microtype)             Ignoring protrusion settings for this character.
Package microtype Info: Character `⁷' is missing
(microtype)             in font `TU/TeXGyrePagella(0)/m/n/8'.
(microtype)             Ignoring protrusion settings for this character.
Package microtype Info: Character `⁸' is missing
(microtype)             in font `TU/TeXGyrePagella(0)/m/n/8'.
(microtype)             Ignoring protrusion settings for this character.
Package microtype Info: Character `⁹' is missing
(microtype)             in font `TU/TeXGyrePagella(0)/m/n/8'.
(microtype)             Ignoring protrusion settings for this character.
Package microtype Info: Character `₀' is missing
(microtype)             in font `TU/TeXGyrePagella(0)/m/n/8'.
(microtype)             Ignoring protrusion settings for this character.
Package microtype Info: Character `₁' is missing
(microtype)             in font `TU/TeXGyrePagella(0)/m/n/8'.
(microtype)             Ignoring protrusion settings for this character.
Package microtype Info: Character `₂' is missing
(microtype)             in font `TU/TeXGyrePagella(0)/m/n/8'.
(microtype)             Ignoring protrusion settings for this character.
Package microtype Info: Character `₃' is missing
(microtype)             in font `TU/TeXGyrePagella(0)/m/n/8'.
(microtype)             Ignoring protrusion settings for this character.
Package microtype Info: Character `₄' is missing
(microtype)             in font `TU/TeXGyrePagella(0)/m/n/8'.
(microtype)             Ignoring protrusion settings for this character.
Package microtype Info: Character `₅' is missing
(microtype)             in font `TU/TeXGyrePagella(0)/m/n/8'.
(microtype)             Ignoring protrusion settings for this character.
Package microtype Info: Character `₆' is missing
(microtype)             in font `TU/TeXGyrePagella(0)/m/n/8'.
(microtype)             Ignoring protrusion settings for this character.
Package microtype Info: Character `₇' is missing
(microtype)             in font `TU/TeXGyrePagella(0)/m/n/8'.
(microtype)             Ignoring protrusion settings for this character.
Package microtype Info: Character `₈' is missing
(microtype)             in font `TU/TeXGyrePagella(0)/m/n/8'.
(microtype)             Ignoring protrusion settings for this character.
Package microtype Info: Character `₉' is missing
(microtype)             in font `TU/TeXGyrePagella(0)/m/n/8'.
(microtype)             Ignoring protrusion settings for this character.
Package microtype Info: Character `₊' is missing
(microtype)             in font `TU/TeXGyrePagella(0)/m/n/8'.
(microtype)             Ignoring protrusion settings for this character.
Package microtype Info: Character `₋' is missing
(microtype)             in font `TU/TeXGyrePagella(0)/m/n/8'.
(microtype)             Ignoring protrusion settings for this character.
Package microtype Info: Character `⁺' is missing
(microtype)             in font `TU/TeXGyrePagella(0)/m/n/8'.
(microtype)             Ignoring protrusion settings for this character.
Package microtype Info: Character `⁻' is missing
(microtype)             in font `TU/TeXGyrePagella(0)/m/n/8'.
(microtype)             Ignoring protrusion settings for this character.
Package microtype Info: Character `ﬆ' is missing
(microtype)             in font `TU/TeXGyrePagella(0)/m/n/6'.
(microtype)             Ignoring protrusion settings for this character.
Package microtype Info: Character `ﬅ' is missing
(microtype)             in font `TU/TeXGyrePagella(0)/m/n/6'.
(microtype)             Ignoring protrusion settings for this character.
Package microtype Info: Character `‥' is missing
(microtype)             in font `TU/TeXGyrePagella(0)/m/n/6'.
(microtype)             Ignoring protrusion settings for this character.
Package microtype Info: Character `‼' is missing
(microtype)             in font `TU/TeXGyrePagella(0)/m/n/6'.
(microtype)             Ignoring protrusion settings for this character.
Package microtype Info: Character `⁰' is missing
(microtype)             in font `TU/TeXGyrePagella(0)/m/n/6'.
(microtype)             Ignoring protrusion settings for this character.
Package microtype Info: Character `⁴' is missing
(microtype)             in font `TU/TeXGyrePagella(0)/m/n/6'.
(microtype)             Ignoring protrusion settings for this character.
Package microtype Info: Character `⁵' is missing
(microtype)             in font `TU/TeXGyrePagella(0)/m/n/6'.
(microtype)             Ignoring protrusion settings for this character.
Package microtype Info: Character `⁶' is missing
(microtype)             in font `TU/TeXGyrePagella(0)/m/n/6'.
(microtype)             Ignoring protrusion settings for this character.
Package microtype Info: Character `⁷' is missing
(microtype)             in font `TU/TeXGyrePagella(0)/m/n/6'.
(microtype)             Ignoring protrusion settings for this character.
Package microtype Info: Character `⁸' is missing
(microtype)             in font `TU/TeXGyrePagella(0)/m/n/6'.
(microtype)             Ignoring protrusion settings for this character.
Package microtype Info: Character `⁹' is missing
(microtype)             in font `TU/TeXGyrePagella(0)/m/n/6'.
(microtype)             Ignoring protrusion settings for this character.
Package microtype Info: Character `₀' is missing
(microtype)             in font `TU/TeXGyrePagella(0)/m/n/6'.
(microtype)             Ignoring protrusion settings for this character.
Package microtype Info: Character `₁' is missing
(microtype)             in font `TU/TeXGyrePagella(0)/m/n/6'.
(microtype)             Ignoring protrusion settings for this character.
Package microtype Info: Character `₂' is missing
(microtype)             in font `TU/TeXGyrePagella(0)/m/n/6'.
(microtype)             Ignoring protrusion settings for this character.
Package microtype Info: Character `₃' is missing
(microtype)             in font `TU/TeXGyrePagella(0)/m/n/6'.
(microtype)             Ignoring protrusion settings for this character.
Package microtype Info: Character `₄' is missing
(microtype)             in font `TU/TeXGyrePagella(0)/m/n/6'.
(microtype)             Ignoring protrusion settings for this character.
Package microtype Info: Character `₅' is missing
(microtype)             in font `TU/TeXGyrePagella(0)/m/n/6'.
(microtype)             Ignoring protrusion settings for this character.
Package microtype Info: Character `₆' is missing
(microtype)             in font `TU/TeXGyrePagella(0)/m/n/6'.
(microtype)             Ignoring protrusion settings for this character.
Package microtype Info: Character `₇' is missing
(microtype)             in font `TU/TeXGyrePagella(0)/m/n/6'.
(microtype)             Ignoring protrusion settings for this character.
Package microtype Info: Character `₈' is missing
(microtype)             in font `TU/TeXGyrePagella(0)/m/n/6'.
(microtype)             Ignoring protrusion settings for this character.
Package microtype Info: Character `₉' is missing
(microtype)             in font `TU/TeXGyrePagella(0)/m/n/6'.
(microtype)             Ignoring protrusion settings for this character.
Package microtype Info: Character `₊' is missing
(microtype)             in font `TU/TeXGyrePagella(0)/m/n/6'.
(microtype)             Ignoring protrusion settings for this character.
Package microtype Info: Character `₋' is missing
(microtype)             in font `TU/TeXGyrePagella(0)/m/n/6'.
(microtype)             Ignoring protrusion settings for this character.
Package microtype Info: Character `⁺' is missing
(microtype)             in font `TU/TeXGyrePagella(0)/m/n/6'.
(microtype)             Ignoring protrusion settings for this character.
Package microtype Info: Character `⁻' is missing
(microtype)             in font `TU/TeXGyrePagella(0)/m/n/6'.
(microtype)             Ignoring protrusion settings for this character.
LaTeX Font Info:    Trying to load font information for U+msa on input line 110
.

(/usr/share/texlive/texmf-dist/tex/latex/amsfonts/umsa.fd
File: umsa.fd 2013/01/14 v3.01 AMS symbols A
)
(/usr/share/texlive/texmf-dist/tex/latex/microtype/mt-msa.cfg
File: mt-msa.cfg 2006/02/04 v1.1 microtype config. file: AMS symbols (a) (RS)
)
LaTeX Font Info:    Trying to load font information for U+msb on input line 110
.

(/usr/share/texlive/texmf-dist/tex/latex/amsfonts/umsb.fd
File: umsb.fd 2013/01/14 v3.01 AMS symbols B
)
(/usr/share/texlive/texmf-dist/tex/latex/microtype/mt-msb.cfg
File: mt-msb.cfg 2005/06/01 v1.0 microtype config. file: AMS symbols (b) (RS)
)
(/usr/share/texlive/texmf-dist/tex/latex/microtype/mt-cmr.cfg
File: mt-cmr.cfg 2013/05/19 v2.2 microtype config. file: Computer Modern Roman 
(RS)
) [1

{/var/lib/texmf/fonts/map/pdftex/updmap/pdftex.map}]
Package microtype Info: Character `ﬆ' is missing
(microtype)             in font `TU/TeXGyrePagella(0)/b/n/12'.
(microtype)             Ignoring protrusion settings for this character.
Package microtype Info: Character `ﬅ' is missing
(microtype)             in font `TU/TeXGyrePagella(0)/b/n/12'.
(microtype)             Ignoring protrusion settings for this character.
Package microtype Info: Character `‥' is missing
(microtype)             in font `TU/TeXGyrePagella(0)/b/n/12'.
(microtype)             Ignoring protrusion settings for this character.
Package microtype Info: Character `‼' is missing
(microtype)             in font `TU/TeXGyrePagella(0)/b/n/12'.
(microtype)             Ignoring protrusion settings for this character.
Package microtype Info: Character `⁰' is missing
(microtype)             in font `TU/TeXGyrePagella(0)/b/n/12'.
(microtype)             Ignoring protrusion settings for this character.
Package microtype Info: Character `⁴' is missing
(microtype)             in font `TU/TeXGyrePagella(0)/b/n/12'.
(microtype)             Ignoring protrusion settings for this character.
Package microtype Info: Character `⁵' is missing
(microtype)             in font `TU/TeXGyrePagella(0)/b/n/12'.
(microtype)             Ignoring protrusion settings for this character.
Package microtype Info: Character `⁶' is missing
(microtype)             in font `TU/TeXGyrePagella(0)/b/n/12'.
(microtype)             Ignoring protrusion settings for this character.
Package microtype Info: Character `⁷' is missing
(microtype)             in font `TU/TeXGyrePagella(0)/b/n/12'.
(microtype)             Ignoring protrusion settings for this character.
Package microtype Info: Character `⁸' is missing
(microtype)             in font `TU/TeXGyrePagella(0)/b/n/12'.
(microtype)             Ignoring protrusion settings for this character.
Package microtype Info: Character `⁹' is missing
(microtype)             in font `TU/TeXGyrePagella(0)/b/n/12'.
(microtype)             Ignoring protrusion settings for this character.
Package microtype Info: Character `₀' is missing
(microtype)             in font `TU/TeXGyrePagella(0)/b/n/12'.
(microtype)             Ignoring protrusion settings for this character.
Package microtype Info: Character `₁' is missing
(microtype)             in font `TU/TeXGyrePagella(0)/b/n/12'.
(microtype)             Ignoring protrusion settings for this character.
Package microtype Info: Character `₂' is missing
(microtype)             in font `TU/TeXGyrePagella(0)/b/n/12'.
(microtype)             Ignoring protrusion settings for this character.
Package microtype Info: Character `₃' is missing
(microtype)             in font `TU/TeXGyrePagella(0)/b/n/12'.
(microtype)             Ignoring protrusion settings for this character.
Package microtype Info: Character `₄' is missing
(microtype)             in font `TU/TeXGyrePagella(0)/b/n/12'.
(microtype)             Ignoring protrusion settings for this character.
Package microtype Info: Character `₅' is missing
(microtype)             in font `TU/TeXGyrePagella(0)/b/n/12'.
(microtype)             Ignoring protrusion settings for this character.
Package microtype Info: Character `₆' is missing
(microtype)             in font `TU/TeXGyrePagella(0)/b/n/12'.
(microtype)             Ignoring protrusion settings for this character.
Package microtype Info: Character `₇' is missing
(microtype)             in font `TU/TeXGyrePagella(0)/b/n/12'.
(microtype)             Ignoring protrusion settings for this character.
Package microtype Info: Character `₈' is missing
(microtype)             in font `TU/TeXGyrePagella(0)/b/n/12'.
(microtype)             Ignoring protrusion settings for this character.
Package microtype Info: Character `₉' is missing
(microtype)             in font `TU/TeXGyrePagella(0)/b/n/12'.
(microtype)             Ignoring protrusion settings for this character.
Package microtype Info: Character `₊' is missing
(microtype)             in font `TU/TeXGyrePagella(0)/b/n/12'.
(microtype)             Ignoring protrusion settings for this character.
Package microtype Info: Character `₋' is missing
(microtype)             in font `TU/TeXGyrePagella(0)/b/n/12'.
(microtype)             Ignoring protrusion settings for this character.
Package microtype Info: Character `⁺' is missing
(microtype)             in font `TU/TeXGyrePagella(0)/b/n/12'.
(microtype)             Ignoring protrusion settings for this character.
Package microtype Info: Character `⁻' is missing
(microtype)             in font `TU/TeXGyrePagella(0)/b/n/12'.
(microtype)             Ignoring protrusion settings for this character.
 (./hydra_architecture.toc
warning  (pdf backend): ignoring duplicate destination with the name 'page.1'
[1

] [2])
\tf@toc=\write5

\openout5 = hydra_architecture.toc
 [3]
Overfull \hbox (5.7067pt too wide) in paragraph at lines 151--156
\TU/TeXGyrePagella(0)/m/n/12 agents, and the frame-work is po-si-tioned along-si
de rec-om-mender sys-tems, robotics,
 []

Package microtype Info: Character `‥' is missing
(microtype)             in font `TU/TeXGyrePagella(0)/m/it/12'.
(microtype)             Ignoring protrusion settings for this character.
Package microtype Info: Character `⁰' is missing
(microtype)             in font `TU/TeXGyrePagella(0)/m/it/12'.
(microtype)             Ignoring protrusion settings for this character.
Package microtype Info: Character `⁴' is missing
(microtype)             in font `TU/TeXGyrePagella(0)/m/it/12'.
(microtype)             Ignoring protrusion settings for this character.
Package microtype Info: Character `⁵' is missing
(microtype)             in font `TU/TeXGyrePagella(0)/m/it/12'.
(microtype)             Ignoring protrusion settings for this character.
Package microtype Info: Character `⁶' is missing
(microtype)             in font `TU/TeXGyrePagella(0)/m/it/12'.
(microtype)             Ignoring protrusion settings for this character.
Package microtype Info: Character `⁷' is missing
(microtype)             in font `TU/TeXGyrePagella(0)/m/it/12'.
(microtype)             Ignoring protrusion settings for this character.
Package microtype Info: Character `⁸' is missing
(microtype)             in font `TU/TeXGyrePagella(0)/m/it/12'.
(microtype)             Ignoring protrusion settings for this character.
Package microtype Info: Character `⁹' is missing
(microtype)             in font `TU/TeXGyrePagella(0)/m/it/12'.
(microtype)             Ignoring protrusion settings for this character.
Package microtype Info: Character `₀' is missing
(microtype)             in font `TU/TeXGyrePagella(0)/m/it/12'.
(microtype)             Ignoring protrusion settings for this character.
Package microtype Info: Character `₁' is missing
(microtype)             in font `TU/TeXGyrePagella(0)/m/it/12'.
(microtype)             Ignoring protrusion settings for this character.
Package microtype Info: Character `₂' is missing
(microtype)             in font `TU/TeXGyrePagella(0)/m/it/12'.
(microtype)             Ignoring protrusion settings for this character.
Package microtype Info: Character `₃' is missing
(microtype)             in font `TU/TeXGyrePagella(0)/m/it/12'.
(microtype)             Ignoring protrusion settings for this character.
Package microtype Info: Character `₄' is missing
(microtype)             in font `TU/TeXGyrePagella(0)/m/it/12'.
(microtype)             Ignoring protrusion settings for this character.
Package microtype Info: Character `₅' is missing
(microtype)             in font `TU/TeXGyrePagella(0)/m/it/12'.
(microtype)             Ignoring protrusion settings for this character.
Package microtype Info: Character `₆' is missing
(microtype)             in font `TU/TeXGyrePagella(0)/m/it/12'.
(microtype)             Ignoring protrusion settings for this character.
Package microtype Info: Character `₇' is missing
(microtype)             in font `TU/TeXGyrePagella(0)/m/it/12'.
(microtype)             Ignoring protrusion settings for this character.
Package microtype Info: Character `₈' is missing
(microtype)             in font `TU/TeXGyrePagella(0)/m/it/12'.
(microtype)             Ignoring protrusion settings for this character.
Package microtype Info: Character `₉' is missing
(microtype)             in font `TU/TeXGyrePagella(0)/m/it/12'.
(microtype)             Ignoring protrusion settings for this character.
Package microtype Info: Character `₊' is missing
(microtype)             in font `TU/TeXGyrePagella(0)/m/it/12'.
(microtype)             Ignoring protrusion settings for this character.
Package microtype Info: Character `₋' is missing
(microtype)             in font `TU/TeXGyrePagella(0)/m/it/12'.
(microtype)             Ignoring protrusion settings for this character.
Package microtype Info: Character `⁺' is missing
(microtype)             in font `TU/TeXGyrePagella(0)/m/it/12'.
(microtype)             Ignoring protrusion settings for this character.
Package microtype Info: Character `⁻' is missing
(microtype)             in font `TU/TeXGyrePagella(0)/m/it/12'.
(microtype)             Ignoring protrusion settings for this character.
[4

] [5]
Package microtype Info: Character `ﬆ' is missing
(microtype)             in font `TU/TeXGyrePagella(0)/b/n/8'.
(microtype)             Ignoring protrusion settings for this character.
Package microtype Info: Character `ﬅ' is missing
(microtype)             in font `TU/TeXGyrePagella(0)/b/n/8'.
(microtype)             Ignoring protrusion settings for this character.
Package microtype Info: Character `‥' is missing
(microtype)             in font `TU/TeXGyrePagella(0)/b/n/8'.
(microtype)             Ignoring protrusion settings for this character.
Package microtype Info: Character `‼' is missing
(microtype)             in font `TU/TeXGyrePagella(0)/b/n/8'.
(microtype)             Ignoring protrusion settings for this character.
Package microtype Info: Character `⁰' is missing
(microtype)             in font `TU/TeXGyrePagella(0)/b/n/8'.
(microtype)             Ignoring protrusion settings for this character.
Package microtype Info: Character `⁴' is missing
(microtype)             in font `TU/TeXGyrePagella(0)/b/n/8'.
(microtype)             Ignoring protrusion settings for this character.
Package microtype Info: Character `⁵' is missing
(microtype)             in font `TU/TeXGyrePagella(0)/b/n/8'.
(microtype)             Ignoring protrusion settings for this character.
Package microtype Info: Character `⁶' is missing
(microtype)             in font `TU/TeXGyrePagella(0)/b/n/8'.
(microtype)             Ignoring protrusion settings for this character.
Package microtype Info: Character `⁷' is missing
(microtype)             in font `TU/TeXGyrePagella(0)/b/n/8'.
(microtype)             Ignoring protrusion settings for this character.
Package microtype Info: Character `⁸' is missing
(microtype)             in font `TU/TeXGyrePagella(0)/b/n/8'.
(microtype)             Ignoring protrusion settings for this character.
Package microtype Info: Character `⁹' is missing
(microtype)             in font `TU/TeXGyrePagella(0)/b/n/8'.
(microtype)             Ignoring protrusion settings for this character.
Package microtype Info: Character `₀' is missing
(microtype)             in font `TU/TeXGyrePagella(0)/b/n/8'.
(microtype)             Ignoring protrusion settings for this character.
Package microtype Info: Character `₁' is missing
(microtype)             in font `TU/TeXGyrePagella(0)/b/n/8'.
(microtype)             Ignoring protrusion settings for this character.
Package microtype Info: Character `₂' is missing
(microtype)             in font `TU/TeXGyrePagella(0)/b/n/8'.
(microtype)             Ignoring protrusion settings for this character.
Package microtype Info: Character `₃' is missing
(microtype)             in font `TU/TeXGyrePagella(0)/b/n/8'.
(microtype)             Ignoring protrusion settings for this character.
Package microtype Info: Character `₄' is missing
(microtype)             in font `TU/TeXGyrePagella(0)/b/n/8'.
(microtype)             Ignoring protrusion settings for this character.
Package microtype Info: Character `₅' is missing
(microtype)             in font `TU/TeXGyrePagella(0)/b/n/8'.
(microtype)             Ignoring protrusion settings for this character.
Package microtype Info: Character `₆' is missing
(microtype)             in font `TU/TeXGyrePagella(0)/b/n/8'.
(microtype)             Ignoring protrusion settings for this character.
Package microtype Info: Character `₇' is missing
(microtype)             in font `TU/TeXGyrePagella(0)/b/n/8'.
(microtype)             Ignoring protrusion settings for this character.
Package microtype Info: Character `₈' is missing
(microtype)             in font `TU/TeXGyrePagella(0)/b/n/8'.
(microtype)             Ignoring protrusion settings for this character.
Package microtype Info: Character `₉' is missing
(microtype)             in font `TU/TeXGyrePagella(0)/b/n/8'.
(microtype)             Ignoring protrusion settings for this character.
Package microtype Info: Character `₊' is missing
(microtype)             in font `TU/TeXGyrePagella(0)/b/n/8'.
(microtype)             Ignoring protrusion settings for this character.
Package microtype Info: Character `₋' is missing
(microtype)             in font `TU/TeXGyrePagella(0)/b/n/8'.
(microtype)             Ignoring protrusion settings for this character.
Package microtype Info: Character `⁺' is missing
(microtype)             in font `TU/TeXGyrePagella(0)/b/n/8'.
(microtype)             Ignoring protrusion settings for this character.
Package microtype Info: Character `⁻' is missing
(microtype)             in font `TU/TeXGyrePagella(0)/b/n/8'.
(microtype)             Ignoring protrusion settings for this character.
Package microtype Info: Character `ﬆ' is missing
(microtype)             in font `TU/TeXGyrePagella(0)/b/n/6'.
(microtype)             Ignoring protrusion settings for this character.
Package microtype Info: Character `ﬅ' is missing
(microtype)             in font `TU/TeXGyrePagella(0)/b/n/6'.
(microtype)             Ignoring protrusion settings for this character.
Package microtype Info: Character `‥' is missing
(microtype)             in font `TU/TeXGyrePagella(0)/b/n/6'.
(microtype)             Ignoring protrusion settings for this character.
Package microtype Info: Character `‼' is missing
(microtype)             in font `TU/TeXGyrePagella(0)/b/n/6'.
(microtype)             Ignoring protrusion settings for this character.
Package microtype Info: Character `⁰' is missing
(microtype)             in font `TU/TeXGyrePagella(0)/b/n/6'.
(microtype)             Ignoring protrusion settings for this character.
Package microtype Info: Character `⁴' is missing
(microtype)             in font `TU/TeXGyrePagella(0)/b/n/6'.
(microtype)             Ignoring protrusion settings for this character.
Package microtype Info: Character `⁵' is missing
(microtype)             in font `TU/TeXGyrePagella(0)/b/n/6'.
(microtype)             Ignoring protrusion settings for this character.
Package microtype Info: Character `⁶' is missing
(microtype)             in font `TU/TeXGyrePagella(0)/b/n/6'.
(microtype)             Ignoring protrusion settings for this character.
Package microtype Info: Character `⁷' is missing
(microtype)             in font `TU/TeXGyrePagella(0)/b/n/6'.
(microtype)             Ignoring protrusion settings for this character.
Package microtype Info: Character `⁸' is missing
(microtype)             in font `TU/TeXGyrePagella(0)/b/n/6'.
(microtype)             Ignoring protrusion settings for this character.
Package microtype Info: Character `⁹' is missing
(microtype)             in font `TU/TeXGyrePagella(0)/b/n/6'.
(microtype)             Ignoring protrusion settings for this character.
Package microtype Info: Character `₀' is missing
(microtype)             in font `TU/TeXGyrePagella(0)/b/n/6'.
(microtype)             Ignoring protrusion settings for this character.
Package microtype Info: Character `₁' is missing
(microtype)             in font `TU/TeXGyrePagella(0)/b/n/6'.
(microtype)             Ignoring protrusion settings for this character.
Package microtype Info: Character `₂' is missing
(microtype)             in font `TU/TeXGyrePagella(0)/b/n/6'.
(microtype)             Ignoring protrusion settings for this character.
Package microtype Info: Character `₃' is missing
(microtype)             in font `TU/TeXGyrePagella(0)/b/n/6'.
(microtype)             Ignoring protrusion settings for this character.
Package microtype Info: Character `₄' is missing
(microtype)             in font `TU/TeXGyrePagella(0)/b/n/6'.
(microtype)             Ignoring protrusion settings for this character.
Package microtype Info: Character `₅' is missing
(microtype)             in font `TU/TeXGyrePagella(0)/b/n/6'.
(microtype)             Ignoring protrusion settings for this character.
Package microtype Info: Character `₆' is missing
(microtype)             in font `TU/TeXGyrePagella(0)/b/n/6'.
(microtype)             Ignoring protrusion settings for this character.
Package microtype Info: Character `₇' is missing
(microtype)             in font `TU/TeXGyrePagella(0)/b/n/6'.
(microtype)             Ignoring protrusion settings for this character.
Package microtype Info: Character `₈' is missing
(microtype)             in font `TU/TeXGyrePagella(0)/b/n/6'.
(microtype)             Ignoring protrusion settings for this character.
Package microtype Info: Character `₉' is missing
(microtype)             in font `TU/TeXGyrePagella(0)/b/n/6'.
(microtype)             Ignoring protrusion settings for this character.
Package microtype Info: Character `₊' is missing
(microtype)             in font `TU/TeXGyrePagella(0)/b/n/6'.
(microtype)             Ignoring protrusion settings for this character.
Package microtype Info: Character `₋' is missing
(microtype)             in font `TU/TeXGyrePagella(0)/b/n/6'.
(microtype)             Ignoring protrusion settings for this character.
Package microtype Info: Character `⁺' is missing
(microtype)             in font `TU/TeXGyrePagella(0)/b/n/6'.
(microtype)             Ignoring protrusion settings for this character.
Package microtype Info: Character `⁻' is missing
(microtype)             in font `TU/TeXGyrePagella(0)/b/n/6'.
(microtype)             Ignoring protrusion settings for this character.

Overfull \hbox (21.90225pt too wide) in paragraph at lines 293--297
[]\TU/TeXGyrePagella(0)/m/n/12 For each agent $\OML/cmm/m/it/12 a$\TU/TeXGyrePa
gella(0)/m/n/12 , ad-ja-cency ma-trix: $\OT1/cmr/m/n/12 [\OML/cmm/m/it/12 A[]\O
T1/cmr/m/n/12 ][] = [][]([\OML/cmm/m/it/12 e[]; [] ; e[]; []\OT1/cmr/m/n/12 (\O
ML/cmm/m/it/12 m\OT1/cmr/m/n/12 )])$\TU/TeXGyrePagella(0)/m/n/12 .
 []

[6] [7] [8]
Overfull \hbox (1.46968pt too wide) in paragraph at lines 465--476
 [] 
 []

[9] [10]
Overfull \hbox (5.4812pt too wide) in paragraph at lines 578--581
[]\TU/TeXGyrePagella(0)/m/n/12 Nat-u-ral trans-for-ma-tions be-tween HY-DRA func
-tors rep-re-sent rea-son-ing regime
 []


Overfull \hbox (7.36653pt too wide) in paragraph at lines 587--591
[][]\TU/TeXGyrePagella(0)/b/n/12 Def-i-ni-tion 10.1 \TU/TeXGyrePagella(0)/m/n/1
2 (Co-her-ent Agent)\TU/TeXGyrePagella(0)/b/n/12 . []\TU/TeXGyrePagella(0)/m/n/
12 A co-her-ent agent is a sys-tem with $\OT1/cmr/m/n/12 (\OMS/cmsy/m/n/12 M\OM
L/cmm/m/it/12 ; \OT1/cmr/m/n/12 \OML/cmm/m/it/12 ; v; S; \OT1/cmr/m/n/12 )$
 []


Overfull \hbox (13.88083pt too wide) in paragraph at lines 587--591
\TU/TeXGyrePagella(0)/m/n/12 sat-is-fy-ing: (i) ad-mis-si-ble tra-jec-tory prese
r-va-tion; (ii) en-tropy reg-u-la-tion $\OML/cmm/m/it/12 S\OT1/cmr/m/n/12 (\OML
/cmm/m/it/12 x\OT1/cmr/m/n/12 (\OML/cmm/m/it/12 t\OT1/cmr/m/n/12 )\OML/cmm/m/it
/12 ; t\OT1/cmr/m/n/12 ) \OMS/cmsy/m/n/12 
 []


Overfull \hbox (4.93622pt too wide) in paragraph at lines 613--619
[]\TU/TeXGyrePagella(0)/m/n/12 The geometry-intelligence cor-re-spon-dence iden-
ti-fies: $\OT1/cmr/m/n/12 $ \TU/TeXGyrePagella(0)/m/n/12 with se-man-tic salien
ce;
 []

[11]
Overfull \hbox (8.90964pt too wide) in paragraph at lines 647--658
 [] 
 []

[12] [13] [14] [15]
Package microtype Info: Loading generic protrusion settings for font family
(microtype)             `lmtt' (encoding: TU).
(microtype)             For optimal results, create family-specific settings.
(microtype)             See the microtype manual for details.
 [16] [17] [18

]
Overfull \hbox (83.34555pt too wide) in paragraph at lines 1020--1028
[]\TU/TeXGyrePagella(0)/m/n/12 The Phoenix Pro-to-col life-cy-cle is: Sig-nal $
[]$ $\OT1/cmr/m/n/12 (\OML/cmm/m/it/12 s; []\OT1/cmr/m/n/12 (\OML/cmm/m/it/12 s\OT1/cmr/m/n/12 )) []$ $(\OML/cmm/m/it/12 m; []\OT1/cmr/m/n/12 (\OML/cmm/m/it/12 m\OT1/cmr/m/n/12 )) []$
 []

[19] [20]
Overfull \hbox (72.70161pt too wide) in paragraph at lines 1093--1105
 [] 
 []


Overfull \hbox (2.0033pt too wide) in paragraph at lines 1113--1113
|[]\TU/TeXGyrePagella(0)/b/n/14.4 En-gi-neer-ing Re-al-iza-tion: Mod-ule Cor-re-
spon-dence| 
 []

[21] [22] [23

] [24] (./hydra_architecture.aux)
 ***********
LaTeX2e <2023-11-01> patch level 1
L3 programming layer <2024-01-22>
 ***********


LaTeX Warning: Label(s) may have changed. Rerun to get cross-references right.

Package rerunfilecheck Info: File `hydra_architecture.out' has not changed.
(rerunfilecheck)             Checksum: 754439D7AC3E582042048F2815F983E1;7803.
)

Here is how much of LuaTeX's memory you used:
 27784 strings out of 476553
 125240,1977958 words of node,token memory allocated
 715 words of node memory still in use:
   8 hlist, 2 vlist, 2 rule, 1 local_par, 4 glue, 4 kern, 1 penalty, 1 margin_ke
rn, 3 glyph, 30 attribute, 63 glue_spec, 30 attribute_list, 2 write, 3 pdf_actio
n nodes
   avail lists: 1:2,2:1609,3:899,4:216,5:640,6:76,7:6639,8:53,9:596,10:14,11:670

 48965 multiletter control sequences out of 65536+600000
 60 fonts using 7186479 bytes
 102i,14n,101p,1014b,794s stack positions out of 10000i,1000n,20000p,200000b,200000s
</usr/share/texmf/fonts/opentype/public/lm/lmmono12-regular.otf></usr/share/texm
f/fonts/opentype/public/tex-gyre/texgyrepagella-italic.otf></usr/share/texmf/fon
ts/opentype/public/tex-gyre/texgyrepagella-regular.otf></usr/share/texmf/fonts/o
pentype/public/tex-gyre/texgyrepagella-bold.otf></usr/share/texlive/texmf-dist/f
onts/type1/public/amsfonts/cm/cmex10.pfb></usr/share/texlive/texmf-dist/fonts/ty
pe1/public/amsfonts/cm/cmmi12.pfb></usr/share/texlive/texmf-dist/fonts/type1/pub
lic/amsfonts/cm/cmmi6.pfb></usr/share/texlive/texmf-dist/fonts/type1/public/amsf
onts/cm/cmmi8.pfb></usr/share/texlive/texmf-dist/fonts/type1/public/amsfonts/cm/
cmr12.pfb></usr/share/texlive/texmf-dist/fonts/type1/public/amsfonts/cm/cmr6.pfb
></usr/share/texlive/texmf-dist/fonts/type1/public/amsfonts/cm/cmr8.pfb></usr/sh
are/texlive/texmf-dist/fonts/type1/public/amsfonts/cm/cmsy10.pfb></usr/share/tex
live/texmf-dist/fonts/type1/public/amsfonts/cm/cmsy6.pfb></usr/share/texlive/tex
mf-dist/fonts/type1/public/amsfonts/cm/cmsy8.pfb></usr/share/texlive/texmf-dist/
fonts/type1/public/amsfonts/symbols/msam10.pfb></usr/share/texlive/texmf-dist/fo
nts/type1/public/amsfonts/symbols/msbm10.pfb>
Output written on hydra_architecture.pdf (25 pages, 247813 bytes).

PDF statistics: 681 PDF objects out of 1000 (max. 8388607)
 623 compressed objects within 7 object streams
 152 named destinations out of 1000 (max. 131072)
 312 words of extra memory for PDF output out of 10000 (max. 100000000)

